Género / Continente,Subgénero,País,Artista,Año,Álbum
Afrique,Chaabi / Música bereber,Argelia,Akli D,2006,Me Yela
Afrique,Raï,Argelia,Cheb Khaled,1991,Le meilleur de Cheb Khaled
Afrique,Raï,Argelia,Cheb Khaled,1998,123 Soleils (Rachid Taha i Faudel)
Afrique,Música bereber / Kabyle,Argelia,Hamid Cheriet - 'Idir',1976,A Vava Inouva
Afrique,Música bereber / Kabyle,Argelia,Hamid Cheriet - 'Idir',1999,Identités
Afrique,Música bereber / Kabyle,Argelia,Hamid Cheriet - 'Idir',2000,Nado Coeur
Afrique,Música bereber / Kabyle,Argelia,Hamid Cheriet - 'Idir',2003,"Deux Rives, Un Rêve"
Afrique,Folk argelino / Cantautora,Argelia,Souad Massi,2003,Deb
Afrique,Folk argelino / Cantautora,Argelia,Souad Massi,2005,Mesk Elil
Afrique,Música tradicional Mossi,Burkina Faso,Farafina,1989,Bolomakoté
Afrique,Música tradicional Mossi,Burkina Faso,Farafina,1993,Faso Denou
Afrique,Folk africano / Didgeridoo,Burkina Faso,Gabin Dabiré,1994,Afriki Djamana - Music from Burkina Faso
Afrique,Afropop / World music,Camerún,Henri Dikongue,1998,C'est la Vie
Afrique,Afropop / World music,Camerún,Henri Dikongue,1999,Wa
Afrique,Afrojazz / Afropop,Camerún,Richard Bona,1999,Scenes from my life
Afrique,Afrojazz / Afropop,Camerún,Richard Bona,2001,Reverence
Afrique,Afrojazz / Afropop,Camerún,Richard Bona,2003,"Munia, The Tale"
Afrique,Afrojazz / Afropop,Camerún,Richard Bona,2009,The Ten Shades Of Blues
Afrique,Bikutsi / Afropop,Camerún,Sally Nyolo,1997,Tribu
Afrique,Percusión tradicional,Congo,Les tambours de brazza,1999,Congo Drums
Afrique,Djembé / Percusión africana,Côte d'Ivoire (Costa de Marfil),Adama Dramé,1998,Le Geant Du Djembe
Afrique,Música nubia / Folkore egipcio,Egipto,Mahmoud Fadl,1998,The drummers of the Nile
Afrique,Música nubia / Folkore egipcio,Egipto,Mahmoud Fadl,2000,umm kalthum 7000
Afrique,Música etíope / Ethiojazz,Ethiopia,Aster Aweke,1990,Aster
Afrique,Música etíope / Ethiojazz,Ethiopia,Aster Aweke,1993,Ebo
Afrique,Música etíope / Ethiojazz,Ethiopia,Aster Aweke,2006,Fikir
Afrique,Ethiojazz / Música etíope,Ethiopia,Mahmoud Ahmed,1973,Almaz
Afrique,Ethiojazz / Música etíope,Ethiopia,Mahmoud Ahmed,1975,Erè mèla mèla
Afrique,Ethiojazz / Música etíope,Ethiopia,Mahmoud Ahmed,1994,Live in Paris
Afrique,Highlife / Afrobeat,Ghana,Ebo Taylor,2011,Life Stories
Afrique,Jazz africano / World jazz,Guinea,Elisabeth Kontomanou,2004,Midnight Sun
Afrique,Jazz africano / World jazz,Guinea,Elisabeth Kontomanou,2005,Waitin' For Spring
Afrique,Música Mandinka / Folk guineano,Guinea,Momo Wandel Soumah,2000,Afro Swing
Afrique,Música tradicional guineana,Guinea,Seyni & Rootsaba,2000,Limaniya
Afrique,Afropop / World music,Guinea,Sierra Leone's Refugee All-Stars,2007,Living Like A Refugee
Afrique,Jazz árabe / Música mediterránea,Libia,Rabih Abou-Khalil,1998,Yara
Afrique,Jazz árabe / Música mediterránea,Libia,Rabih Abou-Khalil,2003,Morton's Foot
Afrique,Jazz árabe / Música mediterránea,Libia,Rabih Abou-Khalil,2007,Songs For Sad Women
Afrique,Blues del desierto / Songhai,Mali,Afel Bocoum,1999,Alkibar
Afrique,Blues del desierto / Folk maliense,Mali,Ali Farka Toure,1994,Talking Timbuktu (with Ry Cooder)
Afrique,Blues del desierto / Folk maliense,Mali,Ali Farka Toure,1999,Niafunke
Afrique,Blues del desierto / Folk maliense,Mali,Ali Farka Toure,2005,In the Heart of the Moon (Ali Farka Toure+Toumani Diabate)
Afrique,Blues del desierto / Folk maliense,Mali,Ali Farka Toure,2006,Savane
Afrique,Afropop / Blues maliense,Mali,Amadou et Mariam,1998,Sou Ni Tilé
Afrique,Afropop / Blues maliense,Mali,Amadou et Mariam,2000,Tje Ni Mousso
Afrique,Afropop / Blues maliense,Mali,Amadou et Mariam,2004,Dimanche à Bamako
Afrique,Afropop / Blues maliense,Mali,Amadou et Mariam,2005,Je pense à toi
Afrique,Afropop / Blues maliense,Mali,Amadou et Mariam,2008,Welcome to Mali
Afrique,Música Mandinka / Griot,Mali,Baba Sissoko,2000,Live in studio
Afrique,Kora / Música Mandinka,Mali,Ballaké sissoko,2005,Tomora
Afrique,Blues maliense / Kandja,Mali,Boubacar Traoré,1989,Mariama
Afrique,Blues maliense / Kandja,Mali,Boubacar Traoré,1992,Kar Kar
Afrique,Blues maliense / Kandja,Mali,Boubacar Traoré,1997,Sa Golo
Afrique,Blues maliense / Kandja,Mali,Boubacar Traoré,1999,Maciré
Afrique,Blues maliense / Kandja,Mali,Boubacar Traoré,2003,Je Chanterai Pour Toi
Afrique,Blues maliense / Kandja,Mali,Boubacar Traoré,2005,Kongo Magni
Afrique,Afropop / Folk maliense,Mali,Habib Koite,2007,Afriki (& Bamada)
Afrique,Afroelectrónica / Techno-Wassoulou,Mali,Issa Bagayogo,1999,Sya
Afrique,Afroelectrónica / Techno-Wassoulou,Mali,Issa Bagayogo,2002,Timbuktu
Afrique,Afroelectrónica / Techno-Wassoulou,Mali,Issa Bagayogo,2004,Tassoumakan
Afrique,Griot / Música Mandinka,Mali,Kandia Kouyate (vocals),2002,Biriko
Afrique,Blues maliense / Pentatónico,Mali,Lobi Traoré,1994,Bamako
Afrique,Blues maliense / Pentatónico,Mali,Lobi Traoré,1998,Duga
Afrique,Wassoulou / Folk maliense,Mali,Oumu Sangaré,1990,Moussolou
Afrique,Wassoulou / Folk maliense,Mali,Oumu Sangaré,1993,Ko Sira
Afrique,Wassoulou / Folk maliense,Mali,Oumu Sangaré,1996,Worotan
Afrique,Wassoulou / Folk maliense,Mali,Oumu Sangaré,2003,Oumou
Afrique,Afrojazz / Big band maliense,Mali,Rail Band,1998,Mory Kante & Salif Keita
Afrique,Afropop / Mandinka,Mali,Salif Keita,1994,"The Mansa of Mali, a retrospective"
Afrique,Afropop / Mandinka,Mali,Salif Keita,1997,Seydou Bathily
Afrique,Afropop / Mandinka,Mali,Salif Keita,2002,Moffou
Afrique,Afropop / Mandinka,Mali,Salif Keita,2005,M'Bemba
Afrique,Blues del Sahel / Songhai,Mali,Sidi Touré,2011,Sahel Folk
Afrique,Blues del desierto / Tuareg,Mali,Tinariwen,2007,aman iman (water is life)
Afrique,Kora / Música Mandinka,Mali,Toumani Diabate,1999,New Ancient Strings (& Ballake Sissoko)
Afrique,Música andalusí / Árabe-andaluza,Marruecos,Amina Alaoui,1995,"Amina Alaoui, Ahmed Piro Et Son Orchestre"
Afrique,Música andalusí / Árabe-andaluza,Marruecos,Amina Alaoui,1998,Alcantara
Afrique,Música andalusí / Árabe-andaluza,Marruecos,Amina Alaoui,2005,Animamina EP
Afrique,Música gnawa / Berbere,Marruecos,M'barka Ben Taleb,2005,Altocalore
Afrique,Música marroquí / Andalusí,Marruecos,Nour Eddine,1998,Zri-Zrat
Afrique,Música marroquí / Andalusí,Marruecos,Nour Eddine,2002,Coexist
Afrique,Música mauritana / Griot,Mauritania,Malouma,2004,Dunya
Afrique,Música mauritana / Griot,Mauritania,Malouma,2007,Nour
Afrique,Blues del desierto / Tuareg,Niger,Etran Finatawa,2006,Etran Finitawa
Afrique,Afrobeat,Nigeria,Femi Kuti,1998,Shoki Shoki
Afrique,Afrobeat,Nigeria,Femi Kuti,2001,Fight to win
Afrique,Afrobeat,Nigeria,Femi Kuti,2004,Africa Shrine
Afrique,Música sahrauí / Haul,Sahara Occidental,Mariem Hassan,2002,Mariem Hassan con Leyoad
Afrique,Música sahrauí / Haul,Sahara Occidental,Mariem Hassan,2006,Deseos
Afrique,Mbalax / Afropop,Senegal,Cheikh Lo,1996,Ne La Thiass [UK]
Afrique,Mbalax / Afropop,Senegal,Cheikh Lo,2006,Lamp Fall
Afrique,Mbalax / Folk senegalés,Senegal,Ismael Lo,1986,Natt
Afrique,Mbalax / Folk senegalés,Senegal,Ismael Lo,1988,Diawar
Afrique,Mbalax / Folk senegalés,Senegal,Ismael Lo,1990,Ismael Lo
Afrique,Mbalax / Folk senegalés,Senegal,Ismael Lo,1996,Jammu Africa
Afrique,Mbalax / Folk senegalés,Senegal,Ismael Lo,2001,Dabah
Afrique,Mbalax / Folk senegalés,Senegal,Ismael Lo,2001,"The Balladeer, The Best of"
Afrique,Afro-cubano / Son senegalés,Senegal,Orchestra Baobab,1999,Roots And Fruit [Compilación]
Afrique,Afro-cubano / Son senegalés,Senegal,Orchestra Baobab,2002,Specialist In All Styles
Afrique,Jazz sudanés / Música del Nilo,Sudan,Abdel Gadir Salim,1999,Blues In Khartoum
Afrique,Jazz sudanés / Música del Nilo,Sudan,Abdel Gadir Salim,2005,Ceasefire (& Emmanuel Jal )
Afrique,Afropop sudafricano / Maskanda,Sudáfrica,Jabu Khanyile,2000,The Prince
Afrique,Isicathamiya / Mbube,Sudáfrica,Ladysmith Black Mambazo,1987,Shaka Zulu
Afrique,Isicathamiya / Mbube,Sudáfrica,Ladysmith Black Mambazo,1991,Two Worlds One Heart
Afrique,Isicathamiya / Mbube,Sudáfrica,Ladysmith Black Mambazo,1998,The Star And The Wise [AF Compilation]
Afrique,Isicathamiya / Mbube,Sudáfrica,Ladysmith Black Mambazo,2003,Raise Your Spirts
Afrique,Isicathamiya / Mbube,Sudáfrica,Ladysmith Black Mambazo,2005,No Boundaries
Afrique,Afropop / Música tradicional sudafricana,Sudáfrica,Myriam Makeba,1991,Eyes On Tomorrow
Afrique,Afropop / Música tradicional sudafricana,Sudáfrica,Myriam Makeba,1994,The queen of Africa music [Compilation]
Afrique,Gospel africano / Música sagrada,Sudáfrica,Soweto Gospel Choir,2002,Voices from heaven
Afrique,Gospel africano / Música sagrada,Sudáfrica,Soweto Gospel Choir,2005,Blessed
Afrique,Jazz árabe / Música mediterránea,Tunez,Anouar Brahem,2002,Le Pas Du Chat Noir
Afrique,Jazz árabe / Música mediterránea,Tunez,Anouar Brahem,2006,Le Voyage De Sahar
América,Música andina / Folklore,Argentina,Calchakis,1973,Etat de Siege
América,Jazz argentino,Argentina,Guillermo Vadalá,2004,Bajopiel
América,Jazz / Fusión / Rock,Argentina,Lito Vitale,2002,Musica para Soñar y Reposar vol. II
América,Jazz / Fusión / Rock,Argentina,Lito Vitale,2002,Un Solo Destino
América,Jazz / MPB / Percusión,Brazil,Airto Moreira,1973,Fingers
América,Bossa Nova / MPB,Brazil,Antonio Carlos (Tom) Jobim,1974,Elis & Tom (with Elis Regina)
América,Bossa Nova / MPB,Brazil,Antonio Carlos (Tom) Jobim,2004,Em Minas Ao Vivo [Compilation]
América,Bossa Nova,Brazil,Astrud Gilberto,1966,Look to the Rainbow
América,Bossa Nova,Brazil,Astrud Gilberto,1987,The Silver Collection [Compilation]
América,Bossa Nova,Brazil,Astrud Gilberto,2006,Very Best Of Astrud Gilberto [Compilation]
América,Jazz-funk / MPB / Jazz brasileiro,Brazil,Azymuth,1975,Linha Do Horizonte (1975; Som Livre)
América,Jazz-funk / MPB / Jazz brasileiro,Brazil,Azymuth,1979,Light As A Feather
América,Jazz-funk / MPB / Jazz brasileiro,Brazil,Azymuth,1999,Pieces Of Ipanema
América,Jazz-funk / MPB / Jazz brasileiro,Brazil,Azymuth,2004,Brazilian Soul [Compilation]
América,Bossa Nova / MPB,Brazil,Caetano Veloso,1973,Araca Azul
América,Bossa Nova / MPB,Brazil,Caetano Veloso,1993,Tropicalia 2 (& Gilberto Gil)
América,Axé / Samba-reggae,Brazil,Carlinhos Brown,2003,Carlito Marron
América,MPB / Samba / Canção,Brazil,Chico Buarque,1997,Chico 50 Anos - O Amante
América,MPB / Samba / Canção,Brazil,Chico Buarque,1997,Chico 50 Anos - O Cronista
América,MPB / Samba / Canção,Brazil,Chico Buarque,1997,Chico 50 Anos - O Malandro
América,MPB / Samba / Canção,Brazil,Chico Buarque,1997,Chico 50 Anos - O Politico
América,MPB / Samba / Canção,Brazil,Chico Buarque,1997,Chico 50 Anos - O Trovador
América,MPB / Samba / Canção,Brazil,Chico Buarque,2002,O Melhor De
América,Indie brasileira / Bossa electrónica,Brazil,Cibelle,2003,Cibelle
América,Indie brasileira / Bossa electrónica,Brazil,Cibelle,2006,The Shine Of Dried Electric Leaves
América,Jazz fusion / MPB,Brazil,Deodato,1972,Prelude
América,MPB / Samba / Canção,Brazil,Elis Regina,1979,"Elis, essa mulher"
América,MPB / Samba / Canção,Brazil,Elis Regina,1987,Personalidade
América,MPB / Samba / Canção,Brazil,Elis Regina,1990,Minha Historia [Compilation]
América,Bossa Nova / Samba jazz,Brazil,Exciting Jazz Samba Rhythms (6 Vols.),2006,Vol.1
América,Bossa Nova / Samba jazz,Brazil,Exciting Jazz Samba Rhythms (6 Vols.),2006,Vol.2
América,Bossa Nova / Samba jazz,Brazil,Exciting Jazz Samba Rhythms (6 Vols.),2006,Vol.3
América,Tropicália / MPB,Brazil,Gilberto Gil,2002,Kaya N'gan Daya
América,Tropicália / MPB,Brazil,Gilberto Gil,2004,Eletracústico
América,Bossa Nova,Brazil,Joao Gilberto,1963,GetzƒGilberto [R1997]
América,Bossa Nova,Brazil,Joao Gilberto,1976,Amoroso & Brasil
América,Samba-rock / MPB,Brazil,Jorge Ben,0000,Capa  CDs - Jorge Ben Jor - Discografia Oficial
América,Samba-rock / MPB,Brazil,Jorge Ben,1963,Samba Esquema Novo
América,Samba-rock / MPB,Brazil,Jorge Ben,1964,Ben é Samba Bom
América,Samba-rock / MPB,Brazil,Jorge Ben,1964,Sacundin Ben Samba
América,Samba-rock / MPB,Brazil,Jorge Ben,1965,Big Ben
América,Samba-rock / MPB,Brazil,Jorge Ben,1967,O Bidu - Silêncio no Brooklyn
América,Samba-rock / MPB,Brazil,Jorge Ben,1969,Jorge Ben
América,Samba-rock / MPB,Brazil,Jorge Ben,1970,Força Bruta
América,Samba-rock / MPB,Brazil,Jorge Ben,1971,Negro é Lindo
América,Samba-rock / MPB,Brazil,Jorge Ben,1972,A Tabúa de Esmeralda
América,Samba-rock / MPB,Brazil,Jorge Ben,1972,Ben
América,Samba-rock / MPB,Brazil,Jorge Ben,1973,10 Anos Depois
América,Samba-rock / MPB,Brazil,Jorge Ben,1974,A Tabúa de Esmeralda
América,Samba-rock / MPB,Brazil,Jorge Ben,1975,Gil  & Jorge
América,Samba-rock / MPB,Brazil,Jorge Ben,1975,Solta o Pavão
América,Samba-rock / MPB,Brazil,Jorge Ben,1975,À L'Olimpia
América,Samba-rock / MPB,Brazil,Jorge Ben,1976,Africa Brasil
América,Samba-rock / MPB,Brazil,Jorge Ben,1976,África Brasil
América,Samba-rock / MPB,Brazil,Jorge Ben,1977,Tropical
América,Samba-rock / MPB,Brazil,Jorge Ben,1978,A Banda do Zé Pretinho
América,Samba-rock / MPB,Brazil,Jorge Ben,1979,Salve Simpatia
América,Samba-rock / MPB,Brazil,Jorge Ben,1980,"Alô, alô, Como Vai"
América,Samba-rock / MPB,Brazil,Jorge Ben,1981,Bem-Vinda Amizade
América,Samba-rock / MPB,Brazil,Jorge Ben,1984,Dádiva
América,Samba-rock / MPB,Brazil,Jorge Ben,1985,Sonsual
América,Samba-rock / MPB,Brazil,Jorge Ben,1986,Ben Brasil
América,Samba-rock / MPB,Brazil,Jorge Ben,1989,Ben Jor
América,Samba-rock / MPB,Brazil,Jorge Ben,1992,Ao Vivo No Rio
América,Samba-rock / MPB,Brazil,Jorge Ben,1993,23
América,Samba-rock / MPB,Brazil,Jorge Ben,1995,Ben Jor World Dance
América,Samba-rock / MPB,Brazil,Jorge Ben,1995,Homo Sapiens
América,Samba-rock / MPB,Brazil,Jorge Ben,1997,Música para tocar no elevador
América,Samba-rock / MPB,Brazil,Jorge Ben,2002,Acústico MTV Vol.1 - Admiral Jorge V
América,Samba-rock / MPB,Brazil,Jorge Ben,2002,Acústico MTV Vol.2 - Banda do Zé Pretinho
América,Samba-rock / MPB,Brazil,Jorge Ben,2004,Reactivus Amor Est (Turba Philosophorum)
América,Psicodelismo brasileiro,Brazil,Lula Côrtes,1973,Satwa (Lula Côrtes & Lailson)
América,Psicodelismo brasileiro,Brazil,Lula Côrtes,1975,Paêbirú (Lula Côrtes & Zé Ramalho)
América,Psicodelismo brasileiro,Brazil,Lula Côrtes,1980,Rosa De Sangue
América,MPB / Canção / Axé,Brazil,Maria Bethânia,1975,Ao Vivo (Chico Buarque & Maria Bethânia)
América,MPB / Canção / Axé,Brazil,Maria Bethânia,2005,Que falta voca me faz
América,MPB / Canção / Axé,Brazil,Maria Bethânia,2006,Pirata
América,Bossa Nova / MPB,Brazil,Nara Leão,1964,Nara Leão
América,Bossa Nova / MPB,Brazil,Nara Leão,1964,Opinião de Nara
América,Bossa Nova / MPB,Brazil,Nara Leão,1965,O canto livre de Nara
América,Bossa Nova / MPB,Brazil,Nara Leão,1966,Liberdade liberdade
América,Bossa Nova / MPB,Brazil,Nara Leão,1966,Nara pede passagem
América,Bossa Nova / MPB,Brazil,Nara Leão,1967,Vento De Maio
América,Bossa Nova / MPB,Brazil,Nara Leão,1969,Coisas do Mundo
América,Bossa Nova / MPB,Brazil,Nara Leão,1965,"Cinco na Bossa  (Nara Leao, Edu Lobo & Tamba Trio)"
América,Tropicália / Psicodélico,Brazil,Os Mutantes,1968,Os Mutantes
América,Rock brasileiro / Reggae-pop,Brazil,Skank,2001,Acustico MTV
América,Rock brasileiro / Reggae-pop,Brazil,Skank,2004,Radiola
América,Rock brasileiro / Reggae-pop,Brazil,Skank,2006,Carrossel
América,MPB / Pop brasileño,Brazil,Tribalistas,2003,Tribalistas
América,Bossa Nova / Jazz,Brazil,Walter Wanderley,1963,Sambas Da Madrugada
América,Bossa Nova / Jazz,Brazil,Walter Wanderley,1966,No Embalo do Samba
América,Bossa Nova / Jazz,Brazil,Walter Wanderley,1966,Rain Forest
América,Bossa Nova / Jazz,Brazil,Walter Wanderley,1967,Batucada
América,Bossa Nova / Jazz,Brazil,Walter Wanderley,1969,Moondreams
América,Bossa Nova,Brazil,Wanda De Sah,1964,Vagamente [2001 RE]
América,Rock alternativo / Pop rock,Canada,Alanis Morisette,1998,Supposed Former Infatuation Junkie
América,Folk quebequense / Chanson,Canada,Claire Pelletier,1996,Murmures d'histoires
América,Folk quebequense / Chanson,Canada,Claire Pelletier,2003,En concert au Sant-Denis
América,Folk quebequense / Chanson,Canada,Claire Pelletier,2004,Ce que tu donnes
América,Folk céltico / New age,Canada,Loreena McKennitt,1987,To drive the cold winter away
América,Folk céltico / New age,Canada,Loreena McKennitt,1994,The Mask and Mirror
América,Folk céltico / New age,Canada,Loreena McKennitt,1997,The Book Of Secrets
América,Folk céltico / New age,Canada,Loreena McKennitt,2006,An Ancient Muse
América,Folk céltico / New age,Canada,Loreena McKennitt,2006,Nights from the Alhambra
América,Rock / Folk rock,Canada,Neil Youg,1993,Unplugged
América,Electrónica / Synth-pop,Canada,Tiga,2003,DJ Kicks
América,Electrónica / Synth-pop,Canada,Tiga,2006,EP (Far From) Home
América,Electrónica / Synth-pop,Canada,Tiga,2006,Sexor
América,Pop latino / Rock en español,Colombia,Shakira,2001,Servicio de Lavanderia
América,Jazz afrocubano / World jazz,Cuba,Omar Sosa,1999,Omar Sosa
América,Jazz afrocubano / World jazz,Cuba,Omar Sosa,2003,Sentir
América,Jazz afrocubano / World jazz,Cuba,Omar Sosa,2004,Mulatos
América,Hip hop cubano / Fusión afrocubana,Cuba,Orishas,2002,Emigrante
América,Nueva trova cubana,Cuba,Silvio Rodriguez,1975,Dias y Flores
América,Nueva trova cubana,Cuba,Silvio Rodriguez,1975,Te Doy Una Cancion
América,Nueva trova cubana,Cuba,Silvio Rodriguez,1977,Cuando Digo Futuro
América,Nueva trova cubana,Cuba,Silvio Rodriguez,1978,Al Final de Este Viaje
América,Nueva trova cubana,Cuba,Silvio Rodriguez,1978,Mujeres
América,Nueva trova cubana,Cuba,Silvio Rodriguez,1980,Rabo de Nube
América,Nueva trova cubana,Cuba,Silvio Rodriguez,1980,Triptico I
América,Nueva trova cubana,Cuba,Silvio Rodriguez,1982,Unicornio
América,Nueva trova cubana,Cuba,Silvio Rodriguez,1984,En Vivo En Argentina (con Milanes)
América,Nueva trova cubana,Cuba,Silvio Rodriguez,1984,Triptico II
América,Nueva trova cubana,Cuba,Silvio Rodriguez,1984,Triptico III
América,Nueva trova cubana,Cuba,Silvio Rodriguez,1986,Causas y Azares
América,Nueva trova cubana,Cuba,Silvio Rodriguez,1988,Oh Melancolia
América,Nueva trova cubana,Cuba,Silvio Rodriguez,1990,Silvio Rodriguez en Chile
América,Nueva trova cubana,Cuba,Silvio Rodriguez,1991,Canciones Urgentes
América,Nueva trova cubana,Cuba,Silvio Rodriguez,1992,Autobiografico
América,Nueva trova cubana,Cuba,Silvio Rodriguez,1992,Silvio
América,Nueva trova cubana,Cuba,Silvio Rodriguez,1993,Mano a Mano (con Aute)
América,Nueva trova cubana,Cuba,Silvio Rodriguez,1994,Rodriguez
América,Nueva trova cubana,Cuba,Silvio Rodriguez,1995,Arboles (con Roy Brown)
América,Nueva trova cubana,Cuba,Silvio Rodriguez,1996,Descartes
América,Nueva trova cubana,Cuba,Silvio Rodriguez,1996,Dominguez
América,Nueva trova cubana,Cuba,Silvio Rodriguez,1999,Mariposas
América,Nueva trova cubana,Cuba,Silvio Rodriguez,2002,Expedicion
América,Nueva trova cubana,Cuba,Silvio Rodriguez,2003,Cita Con Los Angeles
América,Rock alternativo / Metal progresivo,EEUU,A Perfect Circle,2004,Emotive
América,R&B / Soul,EEUU,Alicia Keys,2002,Songs In A Minor (Limited Edition Bonus Disc 2CDs)
América,R&B / Soul,EEUU,Alicia Keys,2003,The Diary of Alicia Keys
América,Hard rock / Rock,EEUU,Bon Jovi,1994,Cross Road
América,Hard rock / Rock,EEUU,Bon Jovi,1995,These Days
América,Hard rock / Rock,EEUU,Bon Jovi,2002,Bounce
América,Guitar ensemble / Nuevo flamenco,EEUU,California Guitar Trio,1993,Yamanashi Blues
América,Guitar ensemble / Nuevo flamenco,EEUU,California Guitar Trio,1995,Invitation
América,Guitar ensemble / Nuevo flamenco,EEUU,California Guitar Trio,1998,Pathways
América,Guitar ensemble / Nuevo flamenco,EEUU,California Guitar Trio,2000,Rocks.The.West.(Live)
América,Guitar ensemble / Nuevo flamenco,EEUU,California Guitar Trio,2004,Whitewater
América,Pop / Folk / Blues,EEUU,Eva Cassidy,1992,The Other Side (& Chuck Brown )
América,Pop / Folk / Blues,EEUU,Eva Cassidy,1996,Live At The Blues Alley
América,Pop / Folk / Blues,EEUU,Eva Cassidy,1997,Eva By Heart
América,Pop / Folk / Blues,EEUU,Eva Cassidy,1998,Songbird
América,Pop / Folk / Blues,EEUU,Eva Cassidy,2000,No Boundaries
América,Pop / Folk / Blues,EEUU,Eva Cassidy,2000,Time After Time
América,Pop / Folk / Blues,EEUU,Eva Cassidy,2002,Imagine
América,Pop / Folk / Blues,EEUU,Eva Cassidy,2002,Method Actor
América,Pop / Folk / Blues,EEUU,Eva Cassidy,2003,American Tune
América,Hip hop / Soul / Reggae,EEUU,Fugees,1996,The Score
América,Hard rock / Heavy metal,EEUU,Guns N' Roses,1987,Appetite for Destruction
América,Hard rock / Heavy metal,EEUU,Guns N' Roses,1988,g n' r lies
América,Hard rock / Heavy metal,EEUU,Guns N' Roses,1991,Use your Illusion
América,Hard rock / Heavy metal,EEUU,Guns N' Roses,1991,Use your Illusion 2
América,Hard rock / Heavy metal,EEUU,Guns N' Roses,1993,The Spaghetti Incident
América,Hard rock / Heavy metal,EEUU,Guns N' Roses,2004,Greatest Hits
América,Hard rock / Heavy metal,EEUU,Guns N' Roses,2007,Chinese Democracy
América,Dance punk / Electrónica,EEUU,LCD Soundsystem,2005,LCD Soundsystem
América,Dance punk / Electrónica,EEUU,LCD Soundsystem,2007,Sound Of Silver
América,Dance punk / Electrónica,EEUU,LCD Soundsystem,2010,This Is Happening
América,Nu-metal / Rock alternativo,EEUU,Linkin Park,2000,Hybrid theory
América,Nu-metal / Rock alternativo,EEUU,Linkin Park,2003,Meteora
América,Rock chicano / Blues / Tex-Mex,EEUU,Los lobos,1984,How Will the Wolf Survive
América,Rock chicano / Blues / Tex-Mex,EEUU,Los lobos,2006,The Best Of Los Lobos
América,Rock chicano / Blues / Tex-Mex,EEUU,Los lobos,2006,The town and the city
América,Pop / Dance,EEUU,Madonna,2003,American Life
América,Heavy metal / Thrash metal,EEUU,Metallica,1986,Master of Puppets
América,Heavy metal / Thrash metal,EEUU,Metallica,1991,The Black Album
América,Heavy metal / Thrash metal,EEUU,Metallica,1996,Load
América,Heavy metal / Thrash metal,EEUU,Metallica,2003,St.Anger
América,Power pop / Punk rock,EEUU,Paul Collins (new) Beat,2006,Flying High
América,Power pop / Punk rock,EEUU,Paul Collins Beat,1979,The Beat
América,Power pop / Punk rock,EEUU,Paul Collins Beat,1981,The kids are the same
América,Power pop / Punk rock,EEUU,Paul Collins Beat,1993,From Town To Town
América,Grunge / Rock alternativo,EEUU,Pearl Jam,2006,Pearl Jam
América,Funk rock / Rock alternativo,EEUU,Red Hot Chili Peppers,1985,Freaky Styley (Remastered - 2003)
América,Funk rock / Rock alternativo,EEUU,Red Hot Chili Peppers,1991,Blood Sugar Sex Magik
América,Funk rock / Rock alternativo,EEUU,Red Hot Chili Peppers,1999,Californication
América,Funk rock / Rock alternativo,EEUU,Red Hot Chili Peppers,2002,By the Way
América,Funk rock / Rock alternativo,EEUU,Red Hot Chili Peppers,2006,Stadium Arcadium
América,Rock alternativo / College rock,EEUU,Rem,2003,"In Time, The Best Of 1988-2003"
América,Pop / Jazz / Folk,EEUU,Rickie Lee Jones,1989,Flying Cowboys
América,Pop / Jazz / Folk,EEUU,Rickie Lee Jones,2005,Duchess of Coolsville
América,Pop / Jazz / Folk,EEUU,Rickie Lee Jones,2007,The Sermon On Exposition Boulevard
América,Rock alternativo / Grunge,EEUU,Smashing Pumpkins,1998,Adore
América,Rock alternativo / Grunge,EEUU,Smashing Pumpkins,2007,Zeitgeist
América,Garage rock / Power pop,EEUU,The Cynics,1986,Blue train sessions
América,Garage rock / Power pop,EEUU,The Cynics,1989,Rock 'N' Roll
América,Garage rock / Power pop,EEUU,The Cynics,1990,Sixteen Flights Up
América,Folk / Indie folk,EEUU,Tom Brosseau,2006,Empty houses are lonely
América,Folk / Cantautora,EEUU,Tracy Chapman,1988,Tracy Chapman
América,Folk / Cantautora,EEUU,Tracy Chapman,1989,Crossroads
América,Folk / Cantautora,EEUU,Tracy Chapman,1992,Matters of heart
América,Folk / Cantautora,EEUU,Tracy Chapman,1995,New Beginning
América,Folk / Cantautora,EEUU,Tracy Chapman,2000,Telling stories
América,Folk / Cantautora,EEUU,Tracy Chapman,2001,The Collection
América,Folk / Cantautora,EEUU,Tracy Chapman,2002,Let it Rain
América,Folk / Cantautora,EEUU,Tracy Chapman,2005,Where You Live
América,Jazz / Funk / Bass virtuoso,EEUU,Victor Wooten,1993,Bass Extremes (& Steve Bailey)
América,Jazz / Funk / Bass virtuoso,EEUU,Victor Wooten,1996,A Show Of Hands
América,Jazz / Funk / Bass virtuoso,EEUU,Victor Wooten,1997,What Did He Say
América,Jazz / Funk / Bass virtuoso,EEUU,Victor Wooten,1999,Yin-Yang
América,Jazz / Funk / Bass virtuoso,EEUU,Victor Wooten,2005,Soul Circus
América,Alternative country / Rock alternativo,EEUU,Wilco,1999,Summer Teeth
América,Alternative country / Rock alternativo,EEUU,Wilco,2004,A ghost is born
América,Alternative country / Rock alternativo,EEUU,Wilco,2007,Sky Blue Sky
América,Pop / Rock en español,Mexico,Julieta Venegas,2003,Sí
América,Pop / Rock en español,Mexico,Julieta Venegas,2006,Limón y Sal
América,Rock en español / Pop latino,Mexico,Mana,2006,Amar es combatir
América,Electrónica / Techno norteño,Mexico,Nortec Collective,2002,The Tijuana Sessions Vol.1
América,Reggae / Reggae en español,Puerto Rico,Cultura Profetica,1998,Cancion De Alerta
América,Reggae / Reggae en español,Puerto Rico,Cultura Profetica,1999,Ideas Nuevas
América,Reggae / Reggae en español,Puerto Rico,Cultura Profetica,2000,Cultura En Vivo
América,Reggae / Reggae en español,Puerto Rico,Cultura Profetica,2002,Diario
América,Reggae / Reggae en español,Puerto Rico,Cultura Profetica,2005,M.O.T.A
América,Reggae / Reggae en español,Puerto Rico,Cultura Profetica,2010,La Dulzura
América,Cantautor / Indie,Uruguay,Jorge Drexler,1992,La Luz que Sabe Robar
América,Cantautor / Indie,Uruguay,Jorge Drexler,1994,Radar
América,Cantautor / Indie,Uruguay,Jorge Drexler,1996,Vaivén
América,Cantautor / Indie,Uruguay,Jorge Drexler,1997,Llueve
América,Cantautor / Indie,Uruguay,Jorge Drexler,1999,Frontera
América,Cantautor / Indie,Uruguay,Jorge Drexler,2001,Sea
América,Cantautor / Indie,Uruguay,Jorge Drexler,2004,Eco
América,Cantautor / Indie,Uruguay,Jorge Drexler,2006,12 segundos de oscuridad
Asia,Raga / Fusión indo-rock,India,Ananda Shankar,1968,Melodies From India
Asia,Raga / Fusión indo-rock,India,Ananda Shankar,1970,Ananda Shankar
Asia,Raga / Fusión indo-rock,India,Ananda Shankar,2000,Walking On
Asia,Raga / Fusión indo-rock,India,Ananda Shankar,2006,A Life In Music Best Of The EMI Years [Compilation]
Asia,Música clásica india / Raga,India,Anoushka Shankar,1998,Anoushka Shankar
Asia,Música clásica india / Raga,India,Anoushka Shankar,2003,Concert for George
Asia,Música clásica india / Raga,India,Anoushka Shankar,2005,Rise
Asia,Música clásica india / Sitar,India,Ravi Shankar,1966,Menuhin meets Sjankar
Asia,Música tradicional nepalesa,India,Sur Sudha,1998,Images of Nepal
Asia,Fusión indo-occidental / World,India,Susheela Raman (U.K + India),2001,Salt Rain
Asia,Fusión indo-occidental / World,India,Susheela Raman (U.K + India),2003,Love Trap
Asia,Fusión indo-occidental / World,India,Susheela Raman (U.K + India),2005,Music for Crocodiles
Asia,Jazz / World / Percusión,India,Trilok Gurtu,1987,Usfret
Asia,Jazz / World / Percusión,India,Trilok Gurtu,1991,Living Magic
Asia,Jazz / World / Percusión,India,Trilok Gurtu,1997,The Glimpse
Asia,Jazz / World / Percusión,India,Trilok Gurtu,2001,The Beat of Love
Asia,Jazz / World / Percusión,India,Trilok Gurtu,2002,Remembrance
Asia,Jazz / World / Percusión,India,Trilok Gurtu,2004,Broken Rhythms
Asia,Jazz / World / Percusión,India,Trilok Gurtu,2004,Robert Miles & Trilok Gurtu
Asia,Jazz / World / Percusión,India,Trilok Gurtu,2005,Farakala (with The Frikyiwa Family)
Asia,World / Pop israelí / Etiopía-Yemen,Israel,Idan Raichel-'s Project,2002,Idan Raichel's Project
Asia,World / Pop israelí / Etiopía-Yemen,Israel,Idan Raichel-'s Project,2005,Mi'ma'amakim
Asia,Pop israelí / Jazz / World,Israel,Noa,1994,Noa
Asia,Pop israelí / Jazz / World,Israel,Noa,2000,Blue Touches Blue
Asia,Música tradicional japonesa,Japón,Ensemble Nipponia,1976,Traditional Vocal & Instrumental Music
Asia,Indie / Cabaret japonés,Japón,Pascals,2005,Dodesukaden
Asia,Punk rock japonés / Pop punk,Japón,Shonen Knife,1990,Shonen Knife
Asia,Punk rock japonés / Pop punk,Japón,Shonen Knife,1993,Let's Knife
Asia,Punk rock japonés / Pop punk,Japón,Shonen Knife,1998,Happy Hour
Asia,Punk rock japonés / Pop punk,Japón,Shonen Knife,2005,Heavy Songs
Asia,Música tradicional mongola / Overtone,Mongolia,Egschiglen,1997,Gobi
Asia,Música tradicional mongola / Overtone,Mongolia,Egschiglen,1999,Zazal
Asia,Música tradicional mongola / Overtone,Mongolia,Egschiglen,2001,Sounds of Mongolia
Asia,Música árabe / Folk palestino,Palestina,Rim Banna,2005,The Mirrors Of My Soul
Asia,Música árabe / Folk palestino,Palestina,Rim Banna,2007,Seasons Of Violet
Asia,Música klezmer / Músicá judía,Rusia,The Merlin Shepherd Kapelye,2005,Intimate hopes & terrors (Tales from the kishkes)
Asia,Música tibetana / Folk espiritual,Tibet,Yungchen Lhamo,1996,"Tibet, Tibet"
Asia,Música tibetana / Folk espiritual,Tibet,Yungchen Lhamo,1998,Coming Home
Asia,Música tibetana / Folk espiritual,Tibet,Yungchen Lhamo,2006,Ama
Country,Honky Tonk,EEUU,George Jones,2003,The Gospel Collection
Country,Honky Tonk,EEUU,George Jones,2006,The Essential George Jones
Country,Honky Tonk,EEUU,George Jones,2013,The Complete United Artists Solo Singles
Country,Honky Tonk,EEUU,Jerry Lee Lewis,1999,The Essential Sun Collection
Country,Honky Tonk,EEUU,Jerry Lee Lewis,2001,36 Rock & Roll Hits
Country,Honky Tonk,EEUU,Jerry Lee Lewis,2006,Last Man Standing
Country,Honky Tonk,EEUU,Jerry Lee Lewis,2010,Mean Old Man
Country,Honky Tonk,EEUU,Jerry Lee Lewis,2013,Southern Roots
Country,Western Swing,EEUU,Bob Wills,1991,Anthology (1935-1973) (Rhino)
Country,Western Swing,EEUU,Bob Wills,1992,The Essential Bob Wills 1935 to 1947 (Columbia)
Country,Western Swing,EEUU,Bob Wills,2000,San Antonio Rose [Box]
Electrónica,IDM / Ambient techno,Reino Unido,Aphex Twin,1993,Selected Ambient Works 85-92
Electrónica,IDM / Ambient techno,Reino Unido,Aphex Twin,1994,Selected Ambient Works Volume II
Electrónica,IDM / Ambient techno,Reino Unido,Aphex Twin,1997,Come To Daddy
Electrónica,IDM / Ambient techno,Reino Unido,Aphex Twin,2001,Drukqs
Electrónica,Lounge / Easy listening,Holanda,Arling & Cameron,,Aphex Twin
Electrónica,Lounge / Easy listening,Holanda,Arling & Cameron,1999,All In
Electrónica,Lounge / Easy listening,Holanda,Arling & Cameron,2000,Music for Imaginary Films
Electrónica,IDM / Electrónica experimental,Reino Unido,Autechre,1993,Incunabula
Electrónica,House / Electrónica,Reino Unido,Basement Jaxx,1999,Remedy
Electrónica,House / Electrónica,Reino Unido,Basement Jaxx,2001,Rooty
Electrónica,House / Electrónica,Reino Unido,Basement Jaxx,2003,Kish Kash
Electrónica,House / Electrónica,Reino Unido,Basement Jaxx,2005,The Singles
Electrónica,House / Electrónica,Reino Unido,Basement Jaxx,2006,Crazy Itch Radio
Electrónica,House / Electrónica,Reino Unido,Basement Jaxx,2009,Scars
Electrónica,House / Electrónica,Reino Unido,Basement Jaxx,2009,Zephyr
Electrónica,Downtempo / Nu jazz,Reino Unido,Bonobo,2001,Animal Magic
Electrónica,Downtempo / Nu jazz,Reino Unido,Bonobo,2002,One Offs... Remixes & B
Electrónica,Downtempo / Nu jazz,Reino Unido,Bonobo,2006,Days To Come
Electrónica,Downtempo / Nu jazz,Reino Unido,Bonobo,2010,Black Sands
Electrónica,Downtempo / Nu jazz,Reino Unido,Bonobo,2013,Late Night Tales
Electrónica,Downtempo / Nu jazz,Reino Unido,Bonobo,2013,The North Borders
Electrónica,Nu jazz / Downtempo,Alemania,Club Des Belugas,2003,Minority Tunes
Electrónica,Nu jazz / Downtempo,Alemania,Club Des Belugas,2013,The ChinChin Sessions
Electrónica,Big beat / Hip hop,Reino Unido,Coldcut,1989,What's that Noise
Electrónica,Big beat / Hip hop,Reino Unido,Coldcut,1994,Philosophy
Electrónica,Big beat / Hip hop,Reino Unido,Coldcut,1997,Let us play
Electrónica,Big beat / Hip hop,Reino Unido,Coldcut,2006,Sound Mirrors
Electrónica,Synth-pop / Noise pop,Canadá,Crystal Castles,2008,Crystal Castles
Electrónica,Synth-pop / Noise pop,Canadá,Crystal Castles,2012,III
Electrónica,Jazz electrónico / Post-rock,Noruega,Jaga Jazzist,2001,A Livingroom Hush
Electrónica,Jazz electrónico / Post-rock,Noruega,Jaga Jazzist,2005,What We Must
Electrónica,Jazz electrónico / Post-rock,Noruega,Jaga Jazzist,2010,Bananfluer Overalt EP
Electrónica,Jazz electrónico / Post-rock,Noruega,Jaga Jazzist,2010,One-Armed Bandit
Electrónica,Jazz electrónico / Post-rock,Noruega,Jaga Jazzist,2013,Live with Britten Sinfonia
Electrónica,Post-dubstep / Electro soul,Reino Unido,James Blake,2013,Overgrown (Deluxe Edition)
Electrónica,Nu jazz / Downtempo,Alemania,Jazzanova,,jazzanova - the sound of the city berlin
Electrónica,Breaks / Hip hop,Reino Unido,Krafty Kuts,2003,These Are The Beats
Electrónica,Breaks / Hip hop,Reino Unido,Krafty Kuts,2008,Back to Mine
Electrónica,Techno / House,Francia,Laurent Garnier,2006,Retrospective
Electrónica,Techno / House,Francia,Laurent Garnier,2009,Tales Of A Kleptomaniac
Electrónica,Techno / House,Francia,Laurent Garnier,2010,Alaska-(CRM058)-Promo_Vinyl
Electrónica,House / Deep house,EEUU,Masters At Work,1997,Nuyorican Soul
Electrónica,House / Deep house,EEUU,Masters At Work,1998,The Essential Kenlou House Mixes
Electrónica,Electrónica experimental / Avant-garde,EEUU,Matmos,2013,The Marriage of True Minds
Electrónica,Techno / Ambient / Downtempo,EEUU,Moby,1999,Play
Electrónica,Techno / Ambient / Downtempo,EEUU,Moby,2002,18
Electrónica,Techno / Ambient / Downtempo,EEUU,Moby,2003,Live at Pinkpop Landgraaf
Electrónica,Techno / Ambient / Downtempo,EEUU,Moby,2005,Hotel
Electrónica,Ethno-electrónica / Música árabe,Bélgica,Natacha Atlas,2000,The Remix Collection
Electrónica,Fusión asiática / World / Electrónica,Reino Unido,Nitin Sawhney,1996,Displacing the Priest
Electrónica,Fusión asiática / World / Electrónica,Reino Unido,Nitin Sawhney,2001,Prophesy
Electrónica,Fusión asiática / World / Electrónica,Reino Unido,Nitin Sawhney,2004,(VA) Fabriclive 15
Electrónica,Fusión asiática / World / Electrónica,Reino Unido,Nitin Sawhney,2005,Philtre
Electrónica,Fusión asiática / World / Electrónica,Reino Unido,Nitin Sawhney,2006,O.S.T The Namesake
Electrónica,Fusión asiática / World / Electrónica,Reino Unido,Nitin Sawhney,2007,(VA) In The Mind Of Nitin Sawhney
Electrónica,Techno minimal / Ambient,Alemania,Pantha du Prince,2010,Black Noise
Electrónica,Techno minimal / Ambient,Alemania,Pantha du Prince,2013,Elements Of Light (Pantha du Prince & The Bell Laboratory )
Electrónica,Electro soul / R&B,Dinamarca,Quadron,2013,Avalanche
Electrónica,Nu jazz / Electrónica,Alemania,Re - Jazz,2003,Re-Mix
Electrónica,R&B / Soul / New jack swing,Reino Unido,Soul II Soul,1989,Vol. I - Club Classics
Electrónica,R&B / Soul / New jack swing,Reino Unido,Soul II Soul,1990,Vol II. (1990 A New Decade)
Electrónica,R&B / Soul / New jack swing,Reino Unido,Soul II Soul,1992,Volume III - Just Right
Electrónica,R&B / Soul / New jack swing,Reino Unido,Soul II Soul,1993,Vol IV The Classic Singles 88-93 [Compilation]
Electrónica,R&B / Soul / New jack swing,Reino Unido,Soul II Soul,1995,Vol. V Believe
Electrónica,R&B / Soul / New jack swing,Reino Unido,Soul II Soul,1996,Vol. VI  Time for a Change
Electrónica,R&B / Soul / New jack swing,Reino Unido,Soul II Soul,2004,Jazzie B Presents Soul II Soul At The Africa Centre
Electrónica,Nu jazz / Deep house,Francia,St. Germain,2000,Tourist
Electrónica,Breaks / Electrónica,Reino Unido,Stanton Warriors,2006,Fabriclive 030 - Stanton Warriors
Electrónica,Breaks / Electrónica,Reino Unido,Stanton Warriors,2007,The Remixes
Electrónica,Electro soul / Nu jazz,EEUU,Taylor McFerrin,2014,Early Riser
Electrónica,Big beat / Techno,Reino Unido,The Chemical Brothers,1995,Exit Planet Dust
Electrónica,Big beat / Techno,Reino Unido,The Chemical Brothers,1997,Dig Your Own Hole
Electrónica,Big beat / Techno,Reino Unido,The Chemical Brothers,1999,Surrender
Electrónica,Big beat / Techno,Reino Unido,The Chemical Brothers,2000,Live in Sydney
Electrónica,Big beat / Techno,Reino Unido,The Chemical Brothers,2002,Come With Us
Electrónica,Big beat / Techno,Reino Unido,The Chemical Brothers,2002,Remix
Electrónica,Big beat / Techno,Reino Unido,The Chemical Brothers,2007,We Are The Night
Electrónica,Ambient house / Electrónica,Reino Unido,The Orb,1991,The Orb's Adventures Beyond The Ultraworld
Electrónica,Ambient house / Electrónica,Reino Unido,The Orb,1997,Orblivion
Electrónica,Ambient house / Electrónica,Reino Unido,The Orb,2007,The Dream [Japanese Retail CD Release]
Electrónica,Big beat / Rave / Techno,Reino Unido,The Prodigy,1997,The Fat Of The Land
Electrónica,Big beat / Rave / Techno,Reino Unido,The Prodigy,2009,Invaders Must Die
Electrónica,Techno / Trance,Alemania,Timo Maas,2005,Born To Funk
Electrónica,Ethno-electrónica / World beat,Reino Unido,Transglobal Underground,2001,Yes Boss Food Corner
Electrónica,Ethno-electrónica / World beat,Reino Unido,Transglobal Underground,2004,Impossible Broadcasting
Electrónica,Trip-hop / Electrónica,Reino Unido,Tricky,1995,Maxinquaye
Electrónica,Trip-hop / Electrónica,Reino Unido,Tricky,1996,Nearly God
Electrónica,Trip-hop / Electrónica,Reino Unido,Tricky,1998,Angels With Dirty Faces
Electrónica,Trip-hop / Electrónica,Reino Unido,Tricky,2008,Knowle West Boy
Electrónica,Lounge electrónica / Nu jazz,EEUU,Ursula 1000,,XxXx - Remixes
Electrónica,Lounge electrónica / Nu jazz,EEUU,Ursula 1000,2004,Ursadelica
Electrónica,Lounge electrónica / Nu jazz,EEUU,Ursula 1000,2005,Here Comes Tomorrow
Electrónica,Lounge electrónica / Nu jazz,EEUU,Ursula 1000,2009,Mystics
Electrónica,House,Reino Unido,808 State,1988,Newbuild
Electrónica,House,Reino Unido,808 State,1989,Quadrastate
Electrónica,House,Reino Unido,808 State,1998,808_88_98 - Ten Years of 808 State
Electrónica,House,Francia,Daft Punk,1997,Homework
Electrónica,House,Francia,Daft Punk,2001,Alive 1997
Electrónica,House,Francia,Daft Punk,2001,Discovery
Electrónica,House,Francia,Daft Punk,2003,Daft club
Electrónica,House,Francia,Daft Punk,2005,Human after all
Electrónica,House,Francia,Daft Punk,2013,Random Access Memories
Electrónica,House,Reino Unido,Faithless,2009,Faithless-Insomnia_The_Best_Of-REPACK-2CD
Electrónica,House,Reino Unido,Faithless,2010,The_Dance
Electrónica,House,EEUU,Farley Jackmaster Funk,1986,Love can't turn around [farley jackmaster funk & jesse saunders]
Electrónica,House,EEUU,Frankie Knuckles,1999,Frankie Knuckles - Choice A Collection Of Classics (Azuli)
Electrónica,House,EEUU,Frankie Knuckles,2004,His greatest hits from trax records
Electrónica,House,EEUU,Larry Heard,1997,Dance 2000
Electrónica,House,EEUU,Larry Heard,2000,Can you feel it (Trax Classics)
Electrónica,House,EEUU,Larry Heard,2005,Loose Fingers
Electrónica,House,Reino Unido,Leftfield,,XxXx - A Final Hit - Greatest Hits
Electrónica,House,Reino Unido,Leftfield,1995,Leftism (Plus Bonus Disc)
Electrónica,House,Reino Unido,Leftfield,1999,Rhythm and Stealth
Electrónica,House,Reino Unido,Mint Royale,,xXxX - On the ropes (Compilation)
Electrónica,House,Reino Unido,Mint Royale,2005,See You In The Morning
Electrónica,House,Reino Unido,Mint Royale,2007,Pop Is
Electrónica,House,Reino Unido,The KLF,,Waiting for the Rites of Mu
Electrónica,House,Reino Unido,The KLF,1987,The JAMS 45 Edits
Electrónica,House,Reino Unido,The KLF,1987,What the fuck is going on
Electrónica,House,Reino Unido,The KLF,1988,The History Of The Jams aka The Timelords
Electrónica,House,Reino Unido,The KLF,1988,Who Killed The JAMS!
Electrónica,House,Reino Unido,The KLF,1990,Chill Out
Electrónica,House,Reino Unido,The KLF,1992,White Room
Electrónica,House,Reino Unido,The KLF,1993,Ultra Rare Trax
Electrónica,Trip-Hop,Reino Unido,Attica Blues,1997,Attica Blues
Electrónica,Trip-Hop,Reino Unido,Boards of Canada,1998,Music has the right to children
Electrónica,Trip-Hop,Reino Unido,Boards of Canada,2013,Tomorrow's Harvest
Electrónica,Trip-Hop,Austria,Count Basic,1995,Life Think It Over
Electrónica,Trip-Hop,Austria,Count Basic,1996,The Remix Hit Collection
Electrónica,Trip-Hop,Austria,Count Basic,1999,Trust your instincts
Electrónica,Trip-Hop,Reino Unido,Fatboy Slim,1998,You've Come A Long Way Baby
Electrónica,Trip-Hop,Reino Unido,Fatboy Slim,2000,Halfway Between The Gutter And The Stars
Electrónica,Trip-Hop,Reino Unido,Fatboy Slim,2004,Palookaville
Electrónica,Trip-Hop,Austria,Kruder & Dorfmeister,,xxxx - Amsterdam Dub Sessions (rare full mix)
Electrónica,Trip-Hop,Austria,Kruder & Dorfmeister,,xxxx - Sounds Of Underground
Electrónica,Trip-Hop,Austria,Kruder & Dorfmeister,1993,G Stoned (EP)
Electrónica,Trip-Hop,Austria,Kruder & Dorfmeister,1996,Conversions (Selection of drum&bass)
Electrónica,Trip-Hop,Austria,Kruder & Dorfmeister,1996,DJ-Kicks
Electrónica,Trip-Hop,Austria,Kruder & Dorfmeister,1998,The K&D sessions
Electrónica,Trip-Hop,Reino Unido,Massive Attack,2006,Collected
Electrónica,Trip-Hop,Reino Unido,Massive Attack,2008,Mezzanine
Electrónica,Trip-Hop,Reino Unido,Massive Attack,2009,Splitting The Atom (EP)
Electrónica,Trip-Hop,Reino Unido,Massive Attack,2010,Heligoland
Electrónica,Trip-Hop,Reino Unido,Morcheeba,1996,Who Can You Trust
Electrónica,Trip-Hop,Reino Unido,Morcheeba,1998,Big Calm
Electrónica,Trip-Hop,Reino Unido,Morcheeba,1998,La Boule Noire [Live Acoustic -)
Electrónica,Trip-Hop,Reino Unido,Morcheeba,1999,Fragments of freedom
Electrónica,Trip-Hop,Reino Unido,Morcheeba,2000,Back To Mine
Electrónica,Trip-Hop,Reino Unido,Morcheeba,2001,Charango
Electrónica,Trip-Hop,Reino Unido,Morcheeba,2003,Parts Of The Process [Compilation]
Electrónica,Trip-Hop,Reino Unido,Morcheeba,2005,The Antidote
Electrónica,Trip-Hop,Reino Unido,Morcheeba,2007,Dive Deep
Electrónica,Trip-Hop,Reino Unido,Morcheeba,2010,Blood Like Lemonade
Electrónica,Trip-Hop,Reino Unido,Morcheeba,2013,Head Up High
Electrónica,Trip-Hop,Reino Unido,Mr. Scruff,1999,Keep It Unreal
Electrónica,Trip-Hop,Reino Unido,Mr. Scruff,2001,"Keep It Solid Steel, Vol. 1"
Electrónica,Trip-Hop,Reino Unido,Mr. Scruff,2014,Friendly Bacteria
Electrónica,Trip-Hop,Austria,Peace Orchestra,1999,Peace Orchestra
Electrónica,Trip-Hop,Austria,Peace Orchestra,2002,Reset
Electrónica,Trip-Hop,Reino Unido,Portishead,,Remixes (bonus)
Electrónica,Trip-Hop,Reino Unido,Portishead,1994,Dummy
Electrónica,Trip-Hop,Reino Unido,Portishead,1995,Trip-Hop Reconstruction
Electrónica,Trip-Hop,Reino Unido,Portishead,1997,Portishead
Electrónica,Trip-Hop,Reino Unido,Portishead,1998,Glory Times [Compilation]
Electrónica,Trip-Hop,Reino Unido,Portishead,2002,Roseland NYC Live
Electrónica,Trip-Hop,Reino Unido,Portishead,2004,Portishead+Epigones - Rare Remixes
Electrónica,Trip-Hop,Reino Unido,Portishead,2008,Third
Electrónica,Trip-Hop,Reino Unido,Red Snapper,1998,Making Bones
Electrónica,Trip-Hop,Reino Unido,Red Snapper,2011,Key
Electrónica,Trip-Hop,Reino Unido,Red Snapper,2014,Hyena
Electrónica,Trip-Hop,Reino Unido,Smoke City,1997,Flying Away
Electrónica,Trip-Hop,Reino Unido,Smoke City,2001,Heroes Of Nature
Electrónica,Trip-Hop,Reino Unido,Stereo MC's,1990,Supernatural
Electrónica,Trip-Hop,Reino Unido,Stereo MC's,1992,Connected
Electrónica,Trip-Hop,Reino Unido,The Future Sound Of London,,[Amorphous Androgynous]
Electrónica,Trip-Hop,Reino Unido,The Future Sound Of London,2007,From The Archives vol.2
Electrónica,Trip-Hop,Reino Unido,The Future Sound Of London,2009,Environments II
Electrónica,Trip-Hop,Austria,Tosca,2000,Suzuki in Dub
Electrónica,Trip-Hop,Austria,Tosca,2003,Delhi 9
Electrónica,VV.AA - Recopilaciones,,Ambient Lounge,,V.2 - Coming Home
Electrónica,VV.AA - Recopilaciones,,Ambient Lounge,,V.3 - Cosmos Sound Club
Electrónica,VV.AA - Recopilaciones,,Annual 2003,,Cd 1 Dance
Electrónica,VV.AA - Recopilaciones,,Annual 2003,,Cd 2 House
Electrónica,VV.AA - Recopilaciones,,Annual 2003,,Cd 3 Progressive & Hardhouse
Electrónica,VV.AA - Recopilaciones,,Dirty Electronite,,Dirty Electronite Vol.2 - 08 Mixed by DJ Boludo
Electrónica,VV.AA - Recopilaciones,,Dirty Electronite,,Dirty Electronite Vol.3 - 08 Mixed by DJ Boludo
Electrónica,VV.AA - Recopilaciones,,Dirty Electronite,,Dirty Electronite Vol.4 - 08 Mixed by DJ Boludo
Electrónica,VV.AA - Recopilaciones,,Dirty Electronite,,Dirty Electronite Vol.5 - 08 Mixed by DJ Boludo
Electrónica,VV.AA - Recopilaciones,,Dirty Electronite,,Dirty Electronite Vol.6 - 09 Mixed by DJ Boludo
Electrónica,VV.AA - Recopilaciones,,Fiesta Xauen,2001,02
Electrónica,VV.AA - Recopilaciones,,Kenwood - Urban Power Vol.3,,CD1 2003
Electrónica,VV.AA - Recopilaciones,,Kenwood - Urban Power Vol.3,,CD2 2003
Electrónica,VV.AA - Recopilaciones,,Kenwood - Urban Power Vol.3,,CD3 2003
Electrónica,VV.AA - Recopilaciones,,The Classic Chillout Album,,Vol.I - CD1
Electrónica,VV.AA - Recopilaciones,,The Classic Chillout Album,,Vol.I - CD2
Electrónica,VV.AA - Recopilaciones,,The Classic Chillout Album,,Vol.II - CD1
Electrónica,VV.AA - Recopilaciones,,The Classic Chillout Album,,Vol.II - CD2
Electrónica,VV.AA - Recopilaciones,,The Eclectic Sound of Vienna - Vol 1-3,1997,(va) vol.1 (spray records)
Electrónica,VV.AA - Recopilaciones,,The Eclectic Sound of Vienna - Vol 1-3,1998,(va) vol.2 (bmg)
Electrónica,VV.AA - Recopilaciones,,The Eclectic Sound of Vienna - Vol 1-3,2003,(va) vol.3 (klein records)
Electrónica,VV.AA - Recopilaciones,,Tony Humphries Choice - A Collection Of Club Zanzibar Classics (2003),,Cd 1
Electrónica,VV.AA - Recopilaciones,,Tony Humphries Choice - A Collection Of Club Zanzibar Classics (2003),,Cd 2
Electrónica,VV.AA - Recopilaciones,,VA - Pioneer The Album,,Vol.8 (2007)
Europa,Cabaret / World / Klezmer,Alemania,17 Hippies,1997,Rock'n'Roll 13
Europa,Cabaret / World / Klezmer,Alemania,17 Hippies,1999,Berlin Style
Europa,Cabaret / World / Klezmer,Alemania,17 Hippies,2002,Sirba
Europa,Cabaret / World / Klezmer,Alemania,17 Hippies,2004,IFNI IFNI
Europa,World / Fusión oriental,Alemania,Dissidenten,1993,The Jungle Book
Europa,Hard rock / Heavy metal,Alemania,Scorpions,1999,The Best of Scorpions
Europa,Hard rock / Heavy metal,Alemania,Scorpions,2001,Acoustica
Europa,Jazz / World / Percusión Armenia,Armenia,Arto Tuncboyaciyan,2000,Every Day is a new Life
Europa,Jazz / World / Percusión Armenia,Armenia,Arto Tuncboyaciyan,2005,Artostan
Europa,Jazz / World / Percusión Armenia,Armenia,Arto Tuncboyaciyan,2005,Love is not in your mind
Europa,Nu jazz / Downtempo,Austria,Count Basic,1995,Life Think It Over
Europa,Nu jazz / Downtempo,Austria,Count Basic,1999,Trust your instincts
Europa,Downtempo / Trip-hop,Austria,Kruder & Dorfmeister,1993,G Stoned (EP)
Europa,Downtempo / Trip-hop,Austria,Kruder & Dorfmeister,1996,Conversions (Selection of drum&bass)
Europa,Downtempo / Trip-hop,Austria,Kruder & Dorfmeister,1996,DJ-Kicks
Europa,Downtempo / Trip-hop,Austria,Kruder & Dorfmeister,1998,The K&D sessions
Europa,Downtempo / Ambient,Austria,Peace Orchestra,1999,Peace Orchestra
Europa,Downtempo / Ambient,Austria,Peace Orchestra,2002,Reset
Europa,Downtempo / Ambient,Austria,Tosca,2000,Suzuki in Dub
Europa,Downtempo / Ambient,Austria,Tosca,2003,Delhi 9
Europa,Folk búlgaro / Música balcánica,Bulgaria,Yanka,2005,Keranka (The Voice Of Bulgaria)
Europa,Música balcánica / Fanfare,Bélgica,La fanfare du Belgistan,2004,La fanfare du Belgistan
Europa,Minimalismo / Música contemporánea,Bélgica,Wim Mertens,1982,At home - Not at home
Europa,Minimalismo / Música contemporánea,Bélgica,Wim Mertens,1988,After Virtue
Europa,Minimalismo / Música contemporánea,Bélgica,Wim Mertens,1989,Motives For Writing
Europa,Minimalismo / Música contemporánea,Bélgica,Wim Mertens,1990,Struggle For Pleasure
Europa,Minimalismo / Música contemporánea,Bélgica,Wim Mertens,1991,Best of
Europa,Minimalismo / Música contemporánea,Bélgica,Wim Mertens,1996,A Man Of No Fortune And With A Name To Come
Europa,Minimalismo / Música contemporánea,Bélgica,Wim Mertens,2005,Un Respiro
Europa,Minimalismo / Música contemporánea,Bélgica,Wim Mertens,2006,Partes extra partes
Europa,Canción de autor,España,Zahara (Certamen Andaluz),1999,
Europa,Rock / Ska,España,69 Revoluciones,2005,69 Revoluciones
Europa,Pop rock,España,Amaral,1998,Amaral
Europa,Pop rock,España,Amaral,2002,Estrella de mar
Europa,Pop rock,España,Amaral,2005,Pájaros en la cabeza
Europa,Pop rock,España,Amaral,2008,Gato Negro Dragon Rojo
Europa,Mestizaje / World beat,España,Amparanoia,2002,Somos Viento
Europa,Mestizaje / World beat,España,Amparanoia,2003,Enchilao
Europa,Pop / Rock,España,Antonio Flores,1994,Cosas Mias
Europa,Pop / Rock,España,Antonio Flores,1995,En Concierto
Europa,Pop / Rock,España,Antonio Vega,1992,El sitio de mi recreo
Europa,Pop / Rock,España,Antonio Vega,2001,De un Lugar Perdido
Europa,Pop / Rock,España,Antonio Vega,2005,3000 noches con Marga
Europa,Pop / Rock,España,Area Reservada,2001,10 años de Area Reservada
Europa,Pop / Rock,España,Area Reservada,2004,Area Reservada vol.3
Europa,Indie rock,España,Arizona Baby,2009,Second To None
Europa,Indie rock,España,Arizona Baby,2009,Unplugged en el Barrio (EP)
Europa,Rock en español / Pop,España,Aterciopelados,2006,Oye
Europa,Power metal / Heavy metal,España,Avalanch,2001,El angel caído
Europa,Power metal / Heavy metal,España,Avalanch,2003,Los poetas han muerto
Europa,Power metal / Heavy metal,España,Avalanch,2005,Un Paso Mas
Europa,Power metal / Heavy metal,España,Avalanch,2007,Muerte y Vida
Europa,Hard rock / Punk,España,Barricada,2003,Un Camino de Piedras (tributo a)
Europa,Hard rock / Punk,España,Barricada,2006,Latidos y Mordiscos
Europa,Pop / Cantautora,España,Bebe,2004,Pafuera telarañas
Europa,Pop / Cantautora,España,Bebe,2009,Y. ( y punto)
Europa,Rock,España,Benito Kamelas,1997,Que mas da (Maqueta)
Europa,Rock,España,Benito Kamelas,1999,Cañas y barras
Europa,Rock,España,Benito Kamelas,2002,Por Costumbre
Europa,Rock,España,Benito Kamelas,2005,Sin Trampa Ni Carton
Europa,Folk galaico / Música celta,España,Berrogüetto,1998,Navicularia
Europa,Folk galaico / Música celta,España,Berrogüetto,1999,Viaxe Por Urticaria
Europa,Folk galaico / Música celta,España,Berrogüetto,2002,Hepta
Europa,Folk aragonés / Jota,España,Biella Nuei,1994,Las aves y las flores
Europa,Folk aragonés / Jota,España,Biella Nuei,1998,Solombra
Europa,Folk aragonés / Jota,España,Biella Nuei,2006,Sol d'ibierno
Europa,Ambient / Chill out / Downtempo,España,Cafe del Mar,2005,The best II (DAB)
Europa,Ambient / Chill out / Downtempo,España,Cafe del Mar,2005,Vol.12
Europa,Ambient / Chill out / Downtempo,España,Cafe del Mar,2006,Vol.13
Europa,Ambient / Chill out / Downtempo,España,Cafe del Mar,2007,Vol.14
Europa,Mestizaje / World beat,España,Canteca de Macao,2005,Cachai
Europa,Mestizaje / World beat,España,Canteca de Macao,2007,Camino De La Vida Entera
Europa,Rock,España,Caraoscura,1994,Qué es lo que quieres de mí
Europa,Electrónica / Pop,España,Carlos Jean,2006,Mr.Miracle
Europa,Folk rock / Ska,España,Celtas Cortos,1990,Gente Impresentable
Europa,Folk rock / Ska,España,Celtas Cortos,1990,Salida De Emergencia
Europa,Folk rock / Ska,España,Celtas Cortos,1991,Cuéntame Un Cuento
Europa,Folk rock / Ska,España,Celtas Cortos,1993,Tranquilo Majete
Europa,Folk rock / Ska,España,Celtas Cortos,1995,Jesús Cifuentes - El Caimán Verde
Europa,Folk rock / Ska,España,Celtas Cortos,1996,En Estos Días Inciertos
Europa,Folk rock / Ska,España,Celtas Cortos,1997,Nos Vemos En Los Bares
Europa,Folk rock / Ska,España,Celtas Cortos,1999,El Alquimista Loco
Europa,Folk rock / Ska,España,Celtas Cortos,1999,Tienes La Puerta Abierta
Europa,Folk rock / Ska,España,Celtas Cortos,2001,"Grandes Éxitos, Pequeños Regalos"
Europa,Folk rock / Ska,España,Celtas Cortos,2003,C´est la vie
Europa,Folk rock / Ska,España,Celtas Cortos,2006,Soplando Versos 2CD
Europa,Flamenco pop / Fusión,España,Chambao,2002,Flamenco Chill
Europa,Flamenco pop / Fusión,España,Chambao,2003,Endorfinas en la mente
Europa,Flamenco pop / Fusión,España,Chambao,2005,Pokito a poko
Europa,Flamenco pop / Fusión,España,Chambao,2007,Con Otro Aire
Europa,Pop / Rock,España,Colaboraciones Versiones,2001,Extrechinato y Tu (Poesia Basica)
Europa,Indie / Folk rock,España,Depedro,2008,Depedro
Europa,Punk / Hardcore,España,Desechos,2003,Cuando es mañana
Europa,Punk / Humor,España,Doctor Grillo,2001,Curriculum Vitae
Europa,Punk / Humor,España,Doctor Grillo,2001,Punto y Aparte
Europa,Punk / Humor,España,Doctor Grillo,2003,Te escondes
Europa,Punk / Humor,España,Doctor Grillo,2005,Si rompes las farolas
Europa,Punk / Humor,España,Doctor Grillo,2006,Presurizados
Europa,Grunge / Rock alternativo,España,Dover,2006,Follow the City Lights
Europa,New wave / Pop,España,Duncan Dhu,1989,Autobiografía
Europa,New wave / Pop,España,Duncan Dhu,2001,Crepúsculo
Europa,Rock,España,Eduardo Laguillo,1990,Hay algo en el Aire
Europa,Rock,España,Eduardo Laguillo,1997,Manoa
Europa,Swing / Jazz,España,El Combolinga,2000,Agítalo
Europa,Pop rock / Rock,España,El último de la fila,1985,Cuando la pobreza entra por la puerta
Europa,Pop rock / Rock,España,El último de la fila,1986,Enemigos De Lo Ajeno
Europa,Pop rock / Rock,España,El último de la fila,1987,Fragmentos
Europa,Pop rock / Rock,España,El último de la fila,1987,Nuevas Mezclas
Europa,Pop rock / Rock,España,El último de la fila,1988,Como La Cabeza Al Sombrero
Europa,Pop rock / Rock,España,El último de la fila,1990,Nuevo Pequeño Catalogo De Seres y Estares
Europa,Pop rock / Rock,España,El último de la fila,1992,Astronomia Razonable
Europa,Pop rock / Rock,España,El último de la fila,1995,La Rebelion De Los Hombres Rana
Europa,Folk / World,España,Elementales,1992,Elementales
Europa,Blues rock,España,Elkano Browning Cream,2006,Elkano Browning Cream
Europa,Rock / Pop,España,Enrique Bunbury,1998,Radical Sonora
Europa,Rock / Pop,España,Enrique Bunbury,2004,El Viaje A Ninguna Parte
Europa,Rock / Pop,España,Enrique Bunbury,2006,El tiempo de las cerezas
Europa,Rumba catalana / Pop,España,Estopa,2002,Más Destrangis
Europa,Rumba catalana / Pop,España,Estopa,2005,Voces de Ultratumba
Europa,Rock / Heavy metal,España,Extremoduro,1993,Donde están mis amigos
Europa,Rock / Heavy metal,España,Extremoduro,1998,Canciones Prohibidas
Europa,Rock / Heavy metal,España,Extremoduro,2008,La Ley Innata
Europa,Folk gallego,España,Faltriqueira,2002,Faltriqueira
Europa,Folk gallego,España,Faltriqueira,2006,Efffecto Faltriqueira
Europa,Rock / Blues rock,España,Fito y los Fitipaldis,1998,A puerta cerrada
Europa,Rock / Blues rock,España,Fito y los Fitipaldis,2001,Los sueños locos
Europa,Rock / Blues rock,España,Fito y los Fitipaldis,2003,Lo más lejos ... a tu lado
Europa,Jazz / Fusión,España,G5,2006,Tucaratupapi
Europa,Indie / Pop,España,Girasoules,1998,Mundo Feliz
Europa,Punk / Hardcore,España,Hechos contra el decoro,1997,Rabiamuffin
Europa,Punk / Hardcore,España,Hechos contra el decoro,1998,Danza de los nadie
Europa,Punk / Hardcore,España,Hechos contra el decoro,2000,Linea de Fuga
Europa,Punk / Hardcore,España,Hechos contra el decoro,2002,Música Contra una Ejecución
Europa,Rock alternativo,España,Heroes del Silencio,1988,El mar no cesa
Europa,Rock alternativo,España,Heroes del Silencio,1996,Para Siempre
Europa,Rock alternativo,España,Heroes del Silencio,2000,Canciones 84' - 96'
Europa,Pop / New wave,España,Hombres G,1988,Agitar Antes De Usar
Europa,Pop / New wave,España,Hombres G,2004,Todo Esto Es Muy Extrano
Europa,Pop / New wave,España,Hombres G,2004,El Año Que Vivimos Peligrosamente (Directo)
Europa,Canción de autor / Folk,España,Ismael Serrano,1998,La memoria de los peces
Europa,Canción de autor / Folk,España,Ismael Serrano,2000,Los paraisos desiertos
Europa,Canción de autor / Folk,España,Ismael Serrano,2002,La traición de Wendy
Europa,Indie rock / Cantautor,España,Ivan Ferreiro,2005,Canciones para el tiempo y la distancia
Europa,Indie rock / Cantautor,España,Ivan Ferreiro,2006,Las siete y media [EP]
Europa,Indie rock / Cantautor,España,Ivan Ferreiro,2008,Mentiroso Mentiroso
Europa,Indie rock / Pop,España,Izal,2010,Teletransporte
Europa,Indie rock / Pop,España,Izal,2012,Magia Y Efectos Especiales
Europa,Indie rock / Pop,España,Izal,2013,Agujeros De Gusano
Europa,Pop / Reggae-pop,España,Jarabe de Palo,1996,La Flaca
Europa,Pop / Reggae-pop,España,Jarabe de Palo,1998,Depende
Europa,Pop / Reggae-pop,España,Jarabe de Palo,2001,De vuelva y vuelta
Europa,Pop / Reggae-pop,España,Jarabe de Palo,2003,Bonito
Europa,Pop / Reggae-pop,España,Jarabe de Palo,2004,Coleccion 'Grandes'
Europa,Pop / Reggae-pop,España,Jarabe de Palo,2004,Un Metro Cuadrado
Europa,Pop / Reggae-pop,España,Jarabe de Palo,2005,Completo Incompleto
Europa,Pop / Reggae-pop,España,Jarabe de Palo,2005,Grandes exitos
Europa,Pop / Reggae-pop,España,Jarabe de Palo,2007,Adelantando
Europa,Pop / Electrónica,España,Javier Alvárez,1994,Javier Alvárez
Europa,Pop / Electrónica,España,Javier Alvárez,1996,Javieralvarezdos
Europa,Pop / Electrónica,España,Javier Alvárez,2003,Tiempo Despacio
Europa,Pop / Electrónica,España,Javier Alvárez,2005,Plan Be
Europa,Rock / Canción de autor,España,Joaquin Sabina,1978,Inventario
Europa,Rock / Canción de autor,España,Joaquin Sabina,1980,Malas Companias
Europa,Rock / Canción de autor,España,Joaquin Sabina,1981,La Mandragora
Europa,Rock / Canción de autor,España,Joaquin Sabina,1984,Ruleta rusa
Europa,Rock / Canción de autor,España,Joaquin Sabina,1985,Juez y Parte
Europa,Rock / Canción de autor,España,Joaquin Sabina,1986,"Joaquin Sabina y Viceversa, en directo"
Europa,Rock / Canción de autor,España,Joaquin Sabina,1987,"Hotel, dulce hotel"
Europa,Rock / Canción de autor,España,Joaquin Sabina,1988,El hombre del traje gris
Europa,Rock / Canción de autor,España,Joaquin Sabina,1990,Mentiras piadosas
Europa,Rock / Canción de autor,España,Joaquin Sabina,1992,Fisica y Quimica
Europa,Rock / Canción de autor,España,Joaquin Sabina,1994,Esta boca es mia
Europa,Rock / Canción de autor,España,Joaquin Sabina,1996,"Yo, mi, me, contigo"
Europa,Rock / Canción de autor,España,Joaquin Sabina,1998,Enemigos intimos
Europa,Rock / Canción de autor,España,Joaquin Sabina,1999,19 Días y 500 Noches
Europa,Rock / Canción de autor,España,Joaquin Sabina,2000,Nos sobran los motivos
Europa,Rock / Canción de autor,España,Joaquin Sabina,2002,Dimelo en la Calle
Europa,Rock / Canción de autor,España,Joaquin Sabina,2003,Diario de un peatón
Europa,Rock / Canción de autor,España,Joaquin Sabina,2005,Alivio de Luto
Europa,Rock / Canción de autor,España,Joaquin Sabina,2007,Dos pájaros de un tiro
Europa,Folk galaico,España,Joaquin Taboada,2002,Musica Vespertina
Europa,Folk galaico,España,Joaquin Taboada,2005,Introspective
Europa,Cantautor / Indie,España,Jorge Drexler,1992,La luz que sabe robar
Europa,Cantautor / Indie,España,Jorge Drexler,1994,Radar
Europa,Cantautor / Indie,España,Jorge Drexler,1996,Vaivén
Europa,Cantautor / Indie,España,Jorge Drexler,1998,Llueve
Europa,Cantautor / Indie,España,Jorge Drexler,1999,Frontera
Europa,Cantautor / Indie,España,Jorge Drexler,2001,Sea
Europa,Cantautor / Indie,España,Jorge Drexler,2004,Eco
Europa,Cantautor / Indie,España,Jorge Drexler,2005,Eco2
Europa,Cantautor / Indie,España,Jorge Drexler,2006,12 Segundos De Oscuridad
Europa,Cantautor / Indie,España,Jorge Drexler,2007,La Edad del Cielo - Sus Grandes Canciones
Europa,Cantautor / Indie,España,Jorge Drexler,2008,Cara B
Europa,Cantautor / Indie,España,Jorge Drexler,2010,Amar La Trama
Europa,Cantautor / Indie,España,Jorge Drexler,2014,Bailar en la Cueva
Europa,Canción de autor / Nova Cançó,España,Juan Manuel Serrat,2000,24 canciones inolvidables
Europa,Trikitixa / Folk vasco,España,Kepa Junkera,2006,Hiri
Europa,Pop / Rock,España,La Guardia,1994,Acento del Sur
Europa,Punk / Hardcore,España,La Polla Records,1983,Y Ahora Que
Europa,Punk / Hardcore,España,La Polla Records,1984,Salve
Europa,Punk / Hardcore,España,La Polla Records,1985,Revolución
Europa,Punk / Hardcore,España,La Polla Records,1987,No Somos Nada
Europa,Punk / Hardcore,España,La Polla Records,1988,Donde Se Habla
Europa,Punk / Hardcore,España,La Polla Records,1990,"Ellos Dicen Mierda, Nosotros Amén"
Europa,Punk / Hardcore,España,La Polla Records,1990,Los Jubilados
Europa,Punk / Hardcore,España,La Polla Records,1991,Barman
Europa,Punk / Hardcore,España,La Polla Records,1992,Negro
Europa,Punk / Hardcore,España,La Polla Records,1993,Hoy Es El Futuro
Europa,Punk / Hardcore,España,La Polla Records,1994,Bajo Presión
Europa,Punk / Hardcore,España,La Polla Records,1996,Carne Para La Picadora
Europa,Punk / Hardcore,España,La Polla Records,1999,Toda La Puta Vida Igual
Europa,Punk / Hardcore,España,La Polla Records,2001,Bocas
Europa,Punk / Hardcore,España,La Polla Records,2003,El ultimo (el) de la polla
Europa,Pop,España,La Vacazul,1996,La Vacazul
Europa,Pop,España,La Vacazul,1998,Pelo de perro
Europa,Pop,España,La Vacazul,2000,Radio Tangente
Europa,Pop,España,La Vacazul,2004,Vienen tiempos
Europa,Pop,España,La Vacazul,2006,Directo en el charco (23 Junio)
Europa,Folk ibérico,España,La bruja gata,2001,Manual de pociones
Europa,Folk ibérico,España,La bruja gata,2004,Baile de libélulas
Europa,New wave / Pop,España,La unión,1992,Tren de largo recorrido
Europa,Canción de autor / World,España,Lidia Pujol,2005,Iaie
Europa,Indie rock / Pop,España,Lori Meyers,2004,Viaje De Estudios
Europa,Indie rock / Pop,España,Lori Meyers,2005,La caza (EP)
Europa,Indie rock / Pop,España,Lori Meyers,2008,Cronolánea
Europa,Punk / Rock,España,Los Burros,1988,Jamon De Burro - Rebuznos De Amor
Europa,Rumba / Flamenco pop,España,Los Delinqüentes,2001,El sentimiento Garrapatero que nos traen las flores
Europa,Rumba / Flamenco pop,España,Los Delinqüentes,2003,Arquitectura del aire en la calle
Europa,Rumba / Flamenco pop,España,Los Delinqüentes,2005,El verde revelde vuelve
Europa,Garage rock / Blues rock,España,Los Deltonos,1990,Los DelTonos - Tres hombres enfermos
Europa,Garage rock / Blues rock,España,Los Deltonos,1992,"Los DelTonos - Bien, mejor"
Europa,Garage rock / Blues rock,España,Los Deltonos,1994,Los DelTonos - Egotrip
Europa,Garage rock / Blues rock,España,Los Deltonos,1996,Los DelTonos - Ríen Mejor
Europa,Garage rock / Blues rock,España,Los Deltonos,2002,Tres Hombres Emfermos [Reedicion]
Europa,Garage rock / Blues rock,España,Los Deltonos,2003,Los DelTonos - Sólido
Europa,Garage rock / Blues rock,España,Los Deltonos,2005,Los Deltonos - GT
Europa,Rock / Punk,España,Los Enemigos,1986,- Ferpectamente
Europa,Rock / Punk,España,Los Enemigos,1988,- Un Tio Cabal
Europa,Rock / Punk,España,Los Enemigos,1990,- La Vida Mata
Europa,Rock / Punk,España,Los Enemigos,1991,- La Cuenta Atras
Europa,Rock / Punk,España,Los Enemigos,1994,- Sursum Corda
Europa,Rock / Punk,España,Los Enemigos,1994,- Tras el Ultimo No Va Nadie
Europa,Rock / Punk,España,Los Enemigos,1995,- Alguna copla de... Los Enemigos
Europa,Rock / Punk,España,Los Enemigos,1995,- Por la Sombra
Europa,Rock / Punk,España,Los Enemigos,1996,- GAS
Europa,Rock / Punk,España,Los Enemigos,1996,- Tengo Una Casa (BSO)
Europa,Rock / Punk,España,Los Enemigos,1999,- NA DE NA (Single)
Europa,Rock / Punk,España,Los Enemigos,1999,- Nada
Europa,Rock / Punk,España,Los Enemigos,1999,- Se Buscan Fullmontis (BSO)
Europa,Rock / Punk,España,Los Enemigos,2001,- Obras Escocidas... Directo
Europa,Rock / Punk,España,Los Enemigos,2001,- Obras Escondidas...Directo
Europa,Pop / Indie,España,Los Piratas,1997,Manual para los fieles
Europa,Pop / Indie,España,Los Piratas,1999,Fin de la primera parte
Europa,Rock / Pop,España,Los Ronaldos,2001,Lo mejor de Los Ronaldos
Europa,Punk,España,Los Rápidos,1981,Maquetas
Europa,Punk,España,Los Rápidos,1982,Los rápidos
Europa,Folk galaico / Música celta,España,Luar na Lubre,1988,O son do ar
Europa,Folk galaico / Música celta,España,Luar na Lubre,1993,Arasolis
Europa,Folk galaico / Música celta,España,Luar na Lubre,1997,Plenilunio
Europa,Folk galaico / Música celta,España,Luar na Lubre,1999,Cabo do Mundo
Europa,Folk galaico / Música celta,España,Luar na Lubre,2000,Beira Atlantica
Europa,Canción de autor / Pop,España,Luis E. Aute,2000,Mira que eres canalla
Europa,Rock / Pop rock,España,M-Clan,1997,Coliseum
Europa,Rock / Pop rock,España,M-Clan,2001,Sin Enchufe
Europa,Rock / Pop rock,España,M-Clan,2003,Defectos Personales
Europa,Rock / Pop rock,España,M-Clan,2008,Memorias de un espantapajaro
Europa,Reggae / World beat / Mestizaje,España,Macaco,1999,El Mono En El Ojo Del Tigre
Europa,Reggae / World beat / Mestizaje,España,Macaco,2002,Rumbo Submarino
Europa,Reggae / World beat / Mestizaje,España,Macaco,2004,Entre raíces y antenas
Europa,Reggae / World beat / Mestizaje,España,Macaco,2006,Ingravitto
Europa,Indie / Pop,España,Maga,2010,A la Hora del Sol
Europa,Rock / World beat / Punk,España,Mano Negra,1998,Best of Mano Negra
Europa,Rock / Pop,España,Manolo García,1998,Arena En Los Bolsillos
Europa,Rock / Pop,España,Manolo García,2001,Nunca el tiempo es perdido
Europa,World beat / Punk / Reggae,España,Manu Chao,2001,Proxima Estación Esperanza
Europa,Rock / Punk rock,España,Marea,1999,La.Patera
Europa,Rock / Punk rock,España,Marea,2000,Revolcon
Europa,Rock / Punk rock,España,Marea,2002,Besos de perro
Europa,Jazz pop / Bossa nova,España,Marlango,2004,Marlango
Europa,Jazz pop / Bossa nova,España,Marlango,2005,Automatic Imperfection
Europa,Jazz pop / Bossa nova,España,Marlango,2007,The Electrical Morning
Europa,Jazz / Música de baile,España,Mastretta,1998,Melodías de Rayos X
Europa,Jazz / Música de baile,España,Mastretta,2000,B.S.O Asfalto (& NajwaJean)
Europa,Jazz / Música de baile,España,Mastretta,2000,Luna de Miel
Europa,Jazz / Música de baile,España,Mastretta,2001,Musica de Automovil
Europa,Rock / Pop,España,Melón Diesel,1999,La cuesta de Mr Bond
Europa,Rumba / Mestizaje,España,Muchachito Bombo Infierno,2005,Vamos Que Nos Vamos
Europa,Rumba / Mestizaje,España,Muchachito Bombo Infierno,2007,Visto Lo Visto
Europa,Metal / Celtic metal,España,Mägo de Oz,1998,Leyenda de la Mancha
Europa,Metal / Celtic metal,España,Mägo de Oz,2000,Finisterra
Europa,Metal / Celtic metal,España,Mägo de Oz,2003,Gaia
Europa,Metal / Celtic metal,España,Mägo de Oz,2005,"Gaia II, La Voz Dormida"
Europa,Pop / Synth-pop,España,Nacho Cano,1994,Un mundo separado por el mismo Dios
Europa,Rumba / Flamenco pop,España,Navajita Plateá,1996,Contratiempos
Europa,Rumba / Flamenco pop,España,Navajita Plateá,1999,Desde mi azotea
Europa,Rumba / Flamenco pop,España,Navajita Plateá,2000,Hablando en plata
Europa,Rumba / Flamenco pop,España,Navajita Plateá,2003,En Familia
Europa,Rumba / Flamenco pop,España,Navajita Plateá,2004,El Poder De la Paz
Europa,Flamenco / Mestizaje / Hip hop,España,Ojos de Brujo,2002,Barí
Europa,Canción de autor / Nueva Trova,España,Pablo Milanes y Victor Manuel,1995,En Blanco y negro
Europa,Flamenco / Folk,España,Paco Bello,1995,No hay problemas
Europa,Flamenco / Folk,España,Paco Bello,2000,Nauta
Europa,Canción de autor,España,Paco Ibañez,1964,España de hoy y de siempre I
Europa,Canción de autor,España,Paco Ibañez,1967,España de hoy y de siempre II
Europa,Canción de autor,España,Paco Ibañez,1969,España de hoy y de siempre III
Europa,Canción de autor,España,Paco Ibañez,1969,Paco Ibañez en el Olympia
Europa,Canción de autor,España,Paco Ibañez,1977,Paco Ibáñez  canta a Pablo Neruda
Europa,Canción de autor,España,Paco Ibañez,1978,A flor de tiempo
Europa,Canción de autor,España,Paco Ibañez,1979,Paco Ibáñez canta a Brassens
Europa,Canción de autor,España,Paco Ibañez,1990,Por una canción
Europa,Canción de autor,España,Paco Ibañez,1991,A Galopar (& Rafael alberti)
Europa,Canción de autor,España,Paco Ibañez,2002,Paco Ibáñez canta a José Agustín Goytisolo
Europa,Canción de autor,España,Paco Ibañez,2003,Concierto Barcelona  Primera Parte (RN3)
Europa,Canción de autor,España,Paco Ibañez,2003,Concierto Barcelona  Segunda Parte (RN3)
Europa,Canción de autor,España,Paco Ibañez,2003,Fué ayer
Europa,Pop / Indie,España,Pajaro Sunrise,2006,Pajaro Sunrise
Europa,Canción de autor,España,Pedro Guerra,1995,Golosinas
Europa,Canción de autor,España,Pedro Guerra,1997,Tan Cerca de Mi
Europa,Canción de autor,España,Pedro Guerra,1999,Raiz
Europa,Canción de autor,España,Pedro Guerra,2002,Hijas de Eva
Europa,Canción de autor,España,Pedro Guerra,2003,La Palabra en el Aire
Europa,Canción de autor,España,Pedro Guerra,2004,Bolsillos
Europa,Canción de autor,España,Pedro Guerra,2008,Vidas
Europa,Indie / Pop rock,España,Pereza,2005,Animales
Europa,Rock / Punk,España,Platero y Tu,1992,Muy deficiente
Europa,Rock / Punk,España,Platero y Tu,1993,Burrock&roll
Europa,Rock / Punk,España,Platero y Tu,1993,Vamos tirando
Europa,Rock / Punk,España,Platero y Tu,1994,Hay poco rock and roll
Europa,Rock / Punk,España,Platero y Tu,1996,A pelo
Europa,Rock / Punk,España,Platero y Tu,1996,Voy a acabar borracho
Europa,Rock / Punk,España,Platero y Tu,1997,7
Europa,Rock / Punk,España,Platero y Tu,2000,Correos
Europa,Rock / Punk,España,Platero y Tu,2002,Hay mucho rock and roll
Europa,Rock,España,Poncho K,2002,No quiero empates
Europa,Rock,España,Poncho K,2003,Destino de pluma y mano (Album completo)
Europa,Rock,España,Poncho K,2005,Cuantovaqueré
Europa,Rock,España,Poncho K,2007,Cantes valientes
Europa,Rock,España,Poncho K,2010,Una historia con las manos
Europa,Folk ibérico,España,Rare Folk,1993,Rare Folk
Europa,Folk ibérico,España,Rare Folk,2001,UnimaVerse
Europa,Folk ibérico,España,Rare Folk,2006,Natural Fractals
Europa,Punk rock / Oi!,España,Reincidentes,1994,Nunca es tarde... si la dicha es buena
Europa,Rock / Pop,España,Revolver,1993,Basico
Europa,Rock / Pop,España,Revolver,1995,El Dorado
Europa,Rock / Pop,España,Revolver,1996,Calle Mayor
Europa,Rock / Pop,España,Revolver,1997,Basico 2
Europa,Rock / Pop,España,Revolver,2001,8-30 a.m
Europa,Rock / Pop,España,Revolver,2002,Rarezas
Europa,Rock / Pop,España,Revolver,2006,Basico 3
Europa,Indie pop / Folk,España,Russian Red,2008,I love your glasses
Europa,Ska / Mestizaje,España,SKAP,1994,Ska-p
Europa,Ska / Mestizaje,España,SKAP,1996,El Vals del Obrero
Europa,Ska / Mestizaje,España,SKAP,1998,Eurosis
Europa,Ska / Mestizaje,España,SKAP,2000,Planeta Eskoria
Europa,Ska / Mestizaje,España,SKAP,2002,¡¡Que corra la voz!!
Europa,Ska / Mestizaje,España,SKAP,2004,Incontrolable
Europa,Ska / Mestizaje,España,SKAP,2008,Lagrimas y Gozos
Europa,Indie rock / Pop,España,Sidonie,2004,Let It Flow
Europa,Indie rock / Pop,España,Sidonie,2005,Fascinado
Europa,Indie rock / Pop,España,Sidonie,2005,La estacion de la libelula
Europa,Punk / Rock,España,Siniestro Total,1997,Sesion Vermu
Europa,Rock,España,Sol lagarto,2004,Mira adelante
Europa,Rock,España,Sol lagarto,2005,Calido
Europa,Rock,España,Sol lagarto,2006,Mundo Circo
Europa,New wave / Rock,España,Tahures Zurdos,1991,Nieve Negra
Europa,New wave / Rock,España,Tahures Zurdos,1992,Arido
Europa,New wave / Rock,España,Tahures Zurdos,1994,La Caza
Europa,New wave / Rock,España,Tahures Zurdos,1996,Azul
Europa,New wave / Rock,España,Tahures Zurdos,1998,TAK
Europa,New wave / Rock,España,Tahures Zurdos,2000,El Tiempo De La Luz
Europa,New wave / Rock,España,Tahures Zurdos,2001,"Aurora Beltran y Eva Rada, 13 Diciembre, Palacio Euskalduna - (Acústico)"
Europa,New wave / Rock,España,Tahures Zurdos,2004,17 Años
Europa,Folk asturiano,España,Tejedor,2003,Llunaticos
Europa,Folk asturiano,España,Tejedor,2006,Musica Na Maleta
Europa,Indie / Folk,España,The New Raemon,2008,A propósito de Garfunkel
Europa,Indie / Folk,España,The New Raemon,2008,La invasión de los ultracuerpos
Europa,Indie / Folk,España,The New Raemon,2009,La dimension desconocida
Europa,Indie / Folk,España,The New Raemon,2010,Cuaresma
Europa,Electrónica / Indie,España,The Pinker Tones,2003,Pink Connection
Europa,Electrónica / Indie,España,The Pinker Tones,2004,The BCN Connection
Europa,Electrónica / Indie,España,The Pinker Tones,2006,The Million Colour Revolution
Europa,Electrónica / Indie,España,The Pinker Tones,2007,More Colours!
Europa,Electrónica / Indie,España,The Pinker Tones,2008,Wild Animals
Europa,Indie pop / Power pop,España,The Sunday Drivers,2002,Rock Indiana 2002
Europa,Indie pop / Power pop,España,The Sunday Drivers,2003,Time Time Time EP
Europa,Indie pop / Power pop,España,The Sunday Drivers,2004,Little Heart Attacks
Europa,Indie pop / Power pop,España,The Sunday Drivers,2007,Tiny Telephone
Europa,Rock,España,Uzzhuaia,2006,Uzzhuaia
Europa,Rock,España,Vantroi (MEX),1993,Hemos dicho basta (maketa)
Europa,Rock,España,Vantroi (MEX),1996,No nos moverán
Europa,Rock,España,Vantroi (MEX),1999,Bajo palabra
Europa,Rock,España,Vantroi (MEX),2001,Otra vez frijoles!
Europa,Indie rock,España,Vetusta Morla,2002,La Cuadratura Del Círculo
Europa,Indie rock,España,Vetusta Morla,2005,Mira
Europa,Indie rock,España,Vetusta Morla,2008,Un Día En El Mundo
Europa,Indie rock,España,Vetusta Morla,2011,Mapas
Europa,Folk mallorquín,España,Xerfa,2002,A nosa bola
Europa,Indie / Pop,España,Xoel Lopez,2012,Atlántico
Europa,World / Indie / Recopilación,España,[Producciones_Radio3],2002,"Discopolis, Radio3"
Europa,World / Indie / Recopilación,España,[Producciones_Radio3],2003,Siglo 21 5.0
Europa,World / Indie / Recopilación,España,[Producciones_Radio3],2004,Siglo 21.6.0
Europa,World / Indie / Recopilación,España,[Producciones_Radio3],2004,Toma Uno - Radio Con Botas
Europa,Varias / Recopilación,Europa,España,,3000 Hombres
Europa,Love metal / Goth rock,Finlandia,HIM,2001,Deep Shadows and The Brilliants Hightlights
Europa,Folk / Acordeón experimental,Finlandia,Kimmo Pohjonen,1999,kielo
Europa,Folk / Acordeón experimental,Finlandia,Kimmo Pohjonen,2002,Kalmuk
Europa,Folk / Acordeón experimental,Finlandia,Kimmo Pohjonen,2002,kluster
Europa,Folk finlandés / Acordeón,Finlandia,Maria Kalaniemi,2001,Ahma (& Aldargaz)
Europa,Folk finlandés / Acordeón,Finlandia,Maria Kalaniemi,2006,Bellow Poetry
Europa,Rock alternativo,Finlandia,Poets Of The Fall,2005,Signs of Life
Europa,Rock alternativo,Finlandia,Poets Of The Fall,2006,Carnival Of Rust
Europa,Rock alternativo,Finlandia,Poets Of The Fall,2008,Revolution Roulette
Europa,Folk finlandés,Finlandia,Troka,1999,Smash
Europa,Afropop / World,Francia,Angelique Kidjo,2001,Keep On Moving (The Best Of)
Europa,Afropop / World,Francia,Angelique Kidjo,2002,Black Ivory Soul
Europa,Afropop / World,Francia,Angelique Kidjo,2007,Djin Djin
Europa,Chanson / Pop folk,Francia,Carla Bruni,2002,Quelqu'un m'a dit
Europa,Chanson / Pop folk,Francia,Carla Bruni,2007,No Promises
Europa,Jazz / Electrojazz,Francia,Erik Truffaz,2006,Face a face
Europa,World / Electrónica experimental,Francia,Hector Zazou,1991,Les Nouvelles Polyphonies Corses
Europa,World / Electrónica experimental,Francia,Hector Zazou,1992,Sahara Blue
Europa,Indie folk / Chanson,Francia,Herman Düne,2005,Not On Top
Europa,World / Música medieval,Francia,Hughes de Courson,2001,O'Stravaganza
Europa,Chanson / Cabaret,Francia,Les ogres de Barback,2005,Concert 10 ans (avec fanfare du Belgistan)
Europa,Chanson / Cabaret,Francia,Les ogres de Barback,2007,Du simple au néant
Europa,Electrónica / Indie rock,Francia,Rinôçérôse,2002,Music Kills Me
Europa,Chanson / Jazz,Francia,Urs Karpatz,2000,Routes et racines
Europa,Neoclásico / Chanson instrumental,Francia,Yann Tiersen,2005,Les Retrouvailles
Europa,Laïká / Música popular griega,Grecia,ELeftheria Arvanitaki,1986,Kostas Ganotis Leoforos
Europa,Laïká / Música popular griega,Grecia,ELeftheria Arvanitaki,1994,los cuerpos y los cuchillos
Europa,Laïká / Música popular griega,Grecia,ELeftheria Arvanitaki,2002,Live Stoo Gualino Mousiko Theatro
Europa,Jazz / Música armenia,Grecia,Haig Yazdjian,1995,Talar
Europa,Jazz / Música armenia,Grecia,Haig Yazdjian,2001,Yeraz
Europa,Laïká / Pop griego,Grecia,Haris Alexiou,1981,Haris Alexiou & Dimitra Galani - Ta Tragoudia Tis Xtesinis Meras
Europa,Laïká / Pop griego,Grecia,Haris Alexiou,2004,Anthologio (2cds)
Europa,World / Música griega moderna,Grecia,Kristi Stassinopoulou,2006,Taxidoscopio
Europa,Post-punk / Avant-rock,Holanda,The Ex,2006,Moa Anbessa (& Getatchew Mekuria  & Guests)
Europa,Gothic metal / Rock alternativo,Holanda,The Gathering,1995,Mandylion
Europa,Gothic metal / Rock alternativo,Holanda,The Gathering,1999,How to Measure a Planet
Europa,Gothic metal / Rock alternativo,Holanda,The Gathering,2003,Souvenirs
Europa,Gothic metal / Rock alternativo,Holanda,The Gathering,2006,Home
Europa,Folk húngaro / Música balcánica,Hungria,Ghymes,1995,Bennünk van  a kutyavér
Europa,Folk húngaro / Música balcánica,Hungria,Ghymes,1998,Rege
Europa,Folk húngaro / Música balcánica,Hungria,Ghymes,2001,Smaragdváros
Europa,Folk húngaro / Música balcánica,Hungria,Ghymes,2002,Bakaballada
Europa,Folk húngaro / Música balcánica,Hungria,Ghymes,2002,Héjavarázs
Europa,Folk escocés / Celtic,Irlanda,Alasdair Fraser,1984,Portrait of a Scottish Fiddler
Europa,Folk escocés / Celtic,Irlanda,Alasdair Fraser,1985,"Skyedance (Alasdair Fraser, Paul Machlis)"
Europa,Folk escocés / Celtic,Irlanda,Alasdair Fraser,1989,The Road North (& Paul Machlis)
Europa,Folk escocés / Celtic,Irlanda,Alasdair Fraser,1996,Dawn Dance
Europa,Folk escocés / Celtic,Irlanda,Alasdair Fraser,1999,Return to Kintail (& Tony McManus )
Europa,Folk escocés / Celtic,Irlanda,Alasdair Fraser,2001,Legacy of the Scottish Fiddle (& Paul Machlis)
Europa,Folk escocés / Celtic,Irlanda,Alasdair Fraser,2004,fire and grace (& natalie haas)
Europa,Folk irlandés / Celtic,Irlanda,Altan,1987,Altan
Europa,Folk irlandés / Celtic,Irlanda,Altan,1989,Horse With A Heart
Europa,Folk irlandés / Celtic,Irlanda,Altan,1993,Island Angel
Europa,Folk irlandés / Celtic,Irlanda,Altan,1997,Runaway Sunday
Europa,Folk irlandés / Celtic,Irlanda,Altan,2002,The Blue Idol
Europa,Folk irlandés / Música tradicional,Irlanda,Andy Mcgann & Paul Brady,1995,Masters Of Irish Music
Europa,Jazz / Bluegrass / Folk,Irlanda,Bela Fleck,1993,Three Flew over the Cuckoo's Nest
Europa,Jazz / Bluegrass / Folk,Irlanda,Bela Fleck,1995,Tales from the acoustic planet
Europa,Jazz / Bluegrass / Folk,Irlanda,Bela Fleck,1998,Left of Cool
Europa,Jazz / Bluegrass / Folk,Irlanda,Bela Fleck,2003,LittleWorlds
Europa,Folk celta / Música tradicional,Irlanda,Boys Of The Lough,1977,"Good Friends,  Good Music"
Europa,Folk irlandés / Celtic,Irlanda,De Dannan,1975,De Dannan
Europa,Folk irlandés / Celtic,Irlanda,De Dannan,1995,Hibernian Rhapsody
Europa,Folk irlandés / Celtic,Irlanda,De Dannan,2000,Welcome to the Hotel Connemara
Europa,Folk irlandés / Celtic fusion,Irlanda,Eileen Ivers,1995,So Far
Europa,Folk irlandés / Celtic fusion,Irlanda,Eileen Ivers,1996,Blue Wild
Europa,Folk irlandés / Celtic fusion,Irlanda,Eileen Ivers,1999,Crossing The Bridge
Europa,New age / Celtic,Irlanda,Enya,1995,The memory of trees
Europa,Folk irlandés / Celtic,Irlanda,Flook,1996,Flook Live!
Europa,Folk irlandés / Celtic,Irlanda,Flook,1999,Flatfish
Europa,Folk irlandés / Celtic,Irlanda,Flook,2002,Rubai
Europa,Folk irlandés / Celtic,Irlanda,Flook,2005,Haven
Europa,Folk irlandés / Celtic rock,Irlanda,Gaelic Storm,2001,Tree
Europa,Folk irlandés / Celtic rock,Irlanda,Gaelic Storm,2003,Special Reserve
Europa,Folk irlandés / Celtic rock,Irlanda,Gaelic Storm,2004,How Are We Getting Home
Europa,Folk irlandés / Música de pub,Irlanda,Gogarty's Musician,1997,Gogarty's Music
Europa,Folk del noreste inglés / Northumbrian,Irlanda,Kathryn Tickell,1991,The Kathryn Tickell Band
Europa,Folk del noreste inglés / Northumbrian,Irlanda,Kathryn Tickell,2004,Air dancing
Europa,Folk irlandés / Tradicional,Irlanda,"Matt Molloy, Paul Brady, Tommy Peoples",1985,"Molloy, Brady, Peoples"
Europa,Folk irlandés / Uillean pipes,Irlanda,Niall And Cillian Vallely,2002,Callan Bridge
Europa,Folk irlandés / Cantante tradicional,Irlanda,Niamh Parsons,1997,"Loosen Up, with The Loose Connections"
Europa,Folk irlandés / Cantante tradicional,Irlanda,Niamh Parsons,2005,"The Old Simplicity, with Graham Dunne"
Europa,Folk / New age,Irlanda,Paul Machlis,1996,The Bright Field
Europa,Folk / New age,Irlanda,Paul Machlis,1998,Greenwoods - Upon a Celtic Path
Europa,Folk / New age,Irlanda,Paul Machlis,2005,The Magic Horse
Europa,Folk escocés / Celtic,Irlanda,Paul Mounsey,1997,Nahoo Two
Europa,Folk escocés / Celtic,Irlanda,Paul Mounsey,1999,"Nahoo Three, Notes from the Republic"
Europa,Folk escocés / Celtic,Irlanda,Paul Mounsey,2003,City Of Walls
Europa,Folk escocés / Celtic,Irlanda,Paul Mounsey,2005,Tha Na Laithean a' Dol Seachad (Los Dias pasan Veloces)
Europa,Jazz / World / New age,Irlanda,Paul Winter,1990,"Earth, voices of a planet"
Europa,Jazz / World / New age,Irlanda,Paul Winter,2000,Journey with the Sun (with The Earth Band)
Europa,Folk escocés / Celtic,Irlanda,Phil Cunningham,1989,The Palomino Waltz
Europa,Folk escocés / Celtic,Irlanda,Phil Cunningham,2004,Aly bain & Phil cunningham - the best of
Europa,Folk irlandés / Fiddle,Irlanda,Sean Keane,1996,Turn a Phrase
Europa,Folk irlandés / Fiddle,Irlanda,Sean Keane,2003,Valley of the Heart
Europa,Folk escocés / Celtic,Irlanda,Skydance,1997,Way Out To Hope Street
Europa,Folk escocés / Celtic,Irlanda,Skydance,2000,Labyrinth
Europa,Folk escocés / Celtic,Irlanda,Skydance,2002,En Directo (Live in Spain)
Europa,Folk irlandés / Celtic,Irlanda,The Chieftains,1990,Over The Sea To Skye (& James Galway)
Europa,Folk irlandés / Celtic,Irlanda,The Chieftains,1992,The Best of The Chieftains
Europa,Folk irlandés / Celtic,Irlanda,The Chieftains,1993,The Celtic Harp
Europa,Folk irlandés / Celtic,Irlanda,The Chieftains,1995,The Long Black Veil
Europa,Folk irlandés / Celtic,Irlanda,The Chieftains,1997,Santiago (Pilgrimage To Santiago)
Europa,Folk irlandés / Celtic,Irlanda,The Chieftains,1998,Irish Heartbeat (& Van Morrison)
Europa,Folk pop / Celtic rock,Irlanda,The Corrs,1999,Unplugged
Europa,Pop italiano / Rock,Italia,Eros Ramazzotti,1987,En ciertos momentos
Europa,Pop italiano / Rock,Italia,Eros Ramazzotti,1988,Musica es
Europa,Pop italiano / Rock,Italia,Eros Ramazzotti,1990,En todos los sentidos
Europa,Pop italiano / Rock,Italia,Eros Ramazzotti,1993,Todo historias
Europa,Pop italiano / Rock,Italia,Eros Ramazzotti,1996,Donde hay musica
Europa,Pop italiano / Rock,Italia,Eros Ramazzotti,1997,Eros
Europa,Pop italiano / Rock,Italia,Eros Ramazzotti,2000,Estilo Libre
Europa,Pop italiano / Rock,Italia,Eros Ramazzotti,2003,9
Europa,Neoclásico / Piano contemporáneo,Italia,Ludovico Einaudi,1996,Le onde
Europa,Neoclásico / Piano contemporáneo,Italia,Ludovico Einaudi,1997,Stanze
Europa,Neoclásico / Piano contemporáneo,Italia,Ludovico Einaudi,1998,Fuori dal mondo
Europa,Neoclásico / Piano contemporáneo,Italia,Ludovico Einaudi,1999,Eden Roc
Europa,Neoclásico / Piano contemporáneo,Italia,Ludovico Einaudi,2001,I Giorni
Europa,Neoclásico / Piano contemporáneo,Italia,Ludovico Einaudi,2002,Dr Zhivago
Europa,Neoclásico / Piano contemporáneo,Italia,Ludovico Einaudi,2003,La Scala Concert
Europa,Neoclásico / Piano contemporáneo,Italia,Ludovico Einaudi,2004,Una mattina
Europa,Neoclásico / Piano contemporáneo,Italia,Ludovico Einaudi,2005,Diario Mali (& Ballake Sissoko)
Europa,Cabaret / Canción italiana,Italia,Vinicio Capossela,1990,All'una e trentacinque circa
Europa,Cabaret / Canción italiana,Italia,Vinicio Capossela,1991,Modi'
Europa,Cabaret / Canción italiana,Italia,Vinicio Capossela,1994,Camera a Sud
Europa,Cabaret / Canción italiana,Italia,Vinicio Capossela,1996,Il ballo di S.Vito
Europa,Cabaret / Canción italiana,Italia,Vinicio Capossela,1998,Live in Volvo
Europa,Cabaret / Canción italiana,Italia,Vinicio Capossela,2000,Canzoni a manovella
Europa,Folk macedonio / Música balcánica,Macedonia,Synthesis,2005,De Bog da Bie
Europa,Música sami / World,Noruega,Mari Boine Persen,1989,Gula Gula
Europa,Música sami / World,Noruega,Mari Boine Persen,1994,Leahkastin (Unfolding)
Europa,Música sami / World,Noruega,Mari Boine Persen,1998,Balvvoslatjna
Europa,Música sami / World,Noruega,Mari Boine Persen,2002,Eight Seasons
Europa,Música sami / World,Noruega,Mari Boine Persen,2006,In the hand of the night
Europa,Klezmer / Música judía,Polonia,Kroke,2007,Seventh trip
Europa,Folk polaco / Música de los Tatras,Polonia,Trebunie Tutki,2008,Songs of Glory (& Twinkle Brothers) - Piesni chwaly
Europa,Folk polaco / Ethno,Polonia,Warsaw Village Band,1998,Hop Sa Sa
Europa,Folk polaco / Ethno,Polonia,Warsaw Village Band,2001,People'S Spring
Europa,Folk polaco / Ethno,Polonia,Warsaw Village Band,2004,Uprooting
Europa,Folk portugués / Protesta,Portugal,Banda Do Casaco,1974,Dos Benefícios Dum Vendido No Reino Dos Bonifácios
Europa,Rock alternativo / Indie,Portugal,Ornatos Violeta,1997,Cão!
Europa,Rock alternativo / Indie,Portugal,Ornatos Violeta,1999,O. onstro Precisa de Amigos
Europa,Rock alternativo / Indie,Portugal,Ornatos Violeta,2009,Monte Elvis
Europa,World / Pop africano lusófono,Portugal,Sara Tavares,1996,Sara Tavares & Shout!
Europa,World / Pop africano lusófono,Portugal,Sara Tavares,1999,Mi Ma Bô
Europa,World / Pop africano lusófono,Portugal,Sara Tavares,2006,Balance
Europa,Fado / World,Portugal,Teresa Salgueiro,2005,Obrigado
Europa,Fado / World,Portugal,Teresa Salgueiro,2007,Você E Eu
Europa,Celtic / Neoclásico / Chelo,Reino Unido,Caroline Lavelle,1995,Spirit
Europa,Celtic / Neoclásico / Chelo,Reino Unido,Caroline Lavelle,2002,Brilliant midnight
Europa,Celtic / Neoclásico / Chelo,Reino Unido,Caroline Lavelle,2004,A Distant Bell
Europa,Post-Britpop / Rock alternativo,Reino Unido,Coldplay,2002,A rush of blood to the Head
Europa,Trip-hop / Pop,Reino Unido,Dido,2000,No Angel
Europa,Rock / Blues rock,Reino Unido,Dire Straits,2005,Private Investigations (The Very Best of Dire Straits & Mark Knopfler)
Europa,Trip-hop / Indie / Alternativo,Reino Unido,Gorillaz,2001,Gorillaz
Europa,Blues rock,Reino Unido,Gravy Train,1970,(A Ballad Of) A Peaceful Man
Europa,Indie rock / Post-punk revival,Reino Unido,Kaiser Chiefs,2005,Employment
Europa,Indie rock / Post-punk revival,Reino Unido,Kaiser Chiefs,2007,"Yours Truly, Angry Mob"
Europa,Rock progresivo,Reino Unido,King Crimson,1969,In the Court of the Crimson King
Europa,Rock progresivo / New age,Reino Unido,Mike Oldfield,1973,Tubular Bells
Europa,Rock progresivo / New age,Reino Unido,Mike Oldfield,1992,Tubular Bells II
Europa,Rock progresivo / New age,Reino Unido,Mike Oldfield,1996,Voyager
Europa,Rock progresivo / New age,Reino Unido,Mike Oldfield,1998,Tubular Bells III
Europa,Rock progresivo / New age,Reino Unido,Mike Oldfield,1999,Guitars
Europa,Rock progresivo / New age,Reino Unido,Mike Oldfield,1999,The Millenium Bell
Europa,Rock progresivo / New age,Reino Unido,Mike Oldfield,2003,Tubular Bells 2003
Europa,Rock progresivo / New age,Reino Unido,Mike Oldfield,2005,Light + Shade
Europa,Rock alternativo / Space rock,Reino Unido,Muse,2001,Origin of Symmetry
Europa,Rock alternativo / Space rock,Reino Unido,Muse,2003,Absolution
Europa,Violín clásico / Jazz / Rock,Reino Unido,Nigel Kennedy,1984,Plays Jazz
Europa,Violín clásico / Jazz / Rock,Reino Unido,Nigel Kennedy,2003,Nigel Kennedy and Kroke - East meets east
Europa,Violín clásico / Jazz / Rock,Reino Unido,Nigel Kennedy,2004,Vivaldi Orchestre Philarmonique Berlin
Europa,Violín clásico / Jazz / Rock,Reino Unido,Nigel Kennedy,2006,Blue Note Sessions
Europa,Britpop / Rock,Reino Unido,Oasis,2006,Stop The Clocks
Europa,Música balcánica / Brass band romani,Rumania,Fanfare Ciocarlia,1998,Radio Pascani
Europa,Música balcánica / Brass band romani,Rumania,Fanfare Ciocarlia,1999,Baro Biao
Europa,Música balcánica / Brass band romani,Rumania,Fanfare Ciocarlia,2005,Gili Garabdi
Europa,Chanson / Cabaré,Suiza,Laurence Revey,2000,Le creux des fees
Europa,Música kurda / Folk anatolio,Turquia,Aynur Dogan,2004,Keçe Kurdan
Europa,Música kurda / Folk anatolio,Turquia,Aynur Dogan,2005,Nupel
Europa,Psicodelia turca / Electrónica,Turquia,Baba Zula,1999,Üc Oyundan Onyedi Müzik
Europa,Psicodelia turca / Electrónica,Turquia,Baba Zula,2003,Psychebelly dance music
Europa,Psicodelia turca / Electrónica,Turquia,Baba Zula,2005,Duble Oryantal
Europa,Música romana / Klezmer turco,Turquia,Burhan Ocal,1999,Groove alla Turca (& Jamaaladeen Tacuma)
Europa,Música romana / Klezmer turco,Turquia,Burhan Ocal,2003,Kirklareli Il Siniri (& Trakya All Stars)
Europa,Folk anatolio / Música clásica turca,Turquia,Erkan Ogur,2000,Anadolu Besik (& Ismail H. Demircioglu)
Europa,Folk anatolio / Música clásica turca,Turquia,Erkan Ogur,2001,Fuad (& Djivan Gasparyan)
Europa,Folk anatolio / Música clásica turca,Turquia,Erkan Ogur,2006,Telvin
Europa,Música clásica turca / Clarinete,Turquia,Hüsnü Senlendirici,2005,Husn-u Klarnet (The Joy of Clarinet)
Europa,Blues turco / Fusión,Turquia,Istanbul Blues Kumpanyasi,1999,Sair Zamanlar
Europa,Música otomana / Oriental,Turquia,Istanbul Oriental Ensemble,2001,Caravanserai (Burhan Ocal)
Europa,Música balcánica / Música gitana turca,Turquia,Laço Tayfa,2000,Bergama Gaydasi
Europa,Música balcánica / Música gitana turca,Turquia,Laço Tayfa,2000,Laco Tayfa
Europa,Música balcánica / Música gitana turca,Turquia,Laço Tayfa,2002,Hicaz Dolap
Europa,Electro-sufi / World electrónica,Turquia,Mercan Dede,1998,Sufi Dreams
Europa,Electro-sufi / World electrónica,Turquia,Mercan Dede,1999,Journeys Of A Dervish
Europa,Electro-sufi / World electrónica,Turquia,Mercan Dede,2001,Seyahatname
Europa,Electro-sufi / World electrónica,Turquia,Mercan Dede,2002,Nar
Europa,Electro-sufi / World electrónica,Turquia,Mercan Dede,2003,Rüya
Europa,Electro-sufi / World electrónica,Turquia,Mercan Dede,2004,Su
Europa,Electro-sufi / World electrónica,Turquia,Mercan Dede,2006,Nefes
Europa,Música turca / Fusión oriental,Turquia,Omar Faruk Tekbilek,1996,Mystical Garden
Europa,Música turca / Fusión oriental,Turquia,Omar Faruk Tekbilek,2001,Alif
Europa,Música turca / Fusión oriental,Turquia,Omar Faruk Tekbilek,2005,Tree of Patience
FUNK & Soul,Afrofunk / Afrobeat,Nigeria,African Music Machine,2001,Black Water Gold [Reissue]
FUNK & Soul,Afrojazz / Fusión africana,Zimbabue,Assagai,1971,Assagai
FUNK & Soul,Afrojazz / Fusión africana,Zimbabue,Assagai,1972,Zimbabwe
FUNK & Soul,Funk / Soul / R&B,Reino Unido,Average White Band,1974,AwB
FUNK & Soul,Funk / Soul / R&B,Reino Unido,Average White Band,1975,Cut The Cake
FUNK & Soul,Funk / Soul / R&B,Reino Unido,Average White Band,1978,Feel no fret
FUNK & Soul,Funk / Soul / R&B,Reino Unido,Average White Band,1997,Soul Tattoo
FUNK & Soul,Funk / Disco,EEUU,B.T. Express,1976,Energy to burn
FUNK & Soul,Funk / Disco,EEUU,B.T. Express,1980,1980
FUNK & Soul,Funk / Disco,EEUU,B.T. Express,1993,Do It!! Non Stop [Compilation]
FUNK & Soul,Funk / Disco,EEUU,B.T. Express,1996,The Best of B.T. Express [Compilation]
FUNK & Soul,Funk / Soul,EEUU,Bar-Kays,1969,Gotta Groove
FUNK & Soul,Funk / Soul,EEUU,Bar-Kays,1978,Light of Life
FUNK & Soul,Funk / Soul,EEUU,Bar-Kays,1993,The Best Of Bar-Kays
FUNK & Soul,Funk / Rock / Disco,España,Barrabas,1971,Wild Safari
FUNK & Soul,Funk / Rock / Disco,España,Barrabas,1973,Power
FUNK & Soul,Funk / Rock / Disco,España,Barrabas,2000,The Best (1971 - 1984)
FUNK & Soul,Funk / Soul / Jazz,EEUU,Bernard 'Pretty' Purdie,1968,Soul Drums
FUNK & Soul,Funk / Soul / Jazz,EEUU,Bernard 'Pretty' Purdie,1973,"Shaft (Prestige, PR 10038)"
FUNK & Soul,Funk / Soul / Jazz,EEUU,Bernard 'Pretty' Purdie,1995,In Tokio [West 47th]
FUNK & Soul,Funk / Soul / Jazz,EEUU,Bernard 'Pretty' Purdie,1996,Soul To Jazz [with Eddie Harris and The WDR Big Band]
FUNK & Soul,Funk / Soul / Rock,EEUU,Betty Davis,1973,Betty Davis
FUNK & Soul,Funk / Soul / Rock,EEUU,Betty Davis,1974,They Say I'm Different
FUNK & Soul,Funk / Soul / Rock,EEUU,Betty Davis,1975,Nasty Gal
FUNK & Soul,Soul / Funk,EEUU,Bloodstone,1996,Natural High [Compilation]
FUNK & Soul,Jazz / Soul / Funk,EEUU,Bobbi Humphrey,1973,Blacks and Blues
FUNK & Soul,Jazz / Soul / Funk,EEUU,Bobbi Humphrey,1974,Satin Doll
FUNK & Soul,Funk / Soul / R&B,EEUU,Bobby Byrd,1971,I Know You Got Soul [2003]
FUNK & Soul,Jazz / Soul / Session musician,EEUU,Carol Kaye,1995,Picking up on the E-string [RE]
FUNK & Soul,Psychedelic soul / Rock,EEUU,Chambers Brothers,1965,People get ready now
FUNK & Soul,Psychedelic soul / Rock,EEUU,Chambers Brothers,1996,Time Has Come (Best of)
FUNK & Soul,Funk / Soul,EEUU,Chocolate Milk,1975,Action Speaks Louder than Words
FUNK & Soul,Funk / Soul,EEUU,Chocolate Milk,1998,Ice Cold Funk - The Greatest Grooves of Chocolate Milk
FUNK & Soul,Funk / Soul / Reggae,Reino Unido,Cymande,1974,Cymande
FUNK & Soul,Funk / Soul / Reggae,Reino Unido,Cymande,1974,Promised Heights
FUNK & Soul,Funk / Soul / Reggae,Reino Unido,Cymande,1981,Arrival
FUNK & Soul,Funk / Soul / Reggae,Reino Unido,Cymande,1992,The Best Of
FUNK & Soul,Funk / Soul / Reggae,Reino Unido,Cymande,1999,The Message - a cymande anthology
FUNK & Soul,Funk / Soul / Reggae,Reino Unido,Cymande,2005,Renegades of Funk (compilation)
FUNK & Soul,Funk / Soul / Jazz,EEUU,Dennis Coffey,1971,Evolution
FUNK & Soul,Funk / Soul / Jazz,EEUU,Dennis Coffey,1974,Dance Party
FUNK & Soul,Funk / Soul / Jazz,EEUU,Dennis Coffey,1976,Back home
FUNK & Soul,R&B / Funk / New Orleans,EEUU,Eddie Bo,1995,New Orleans Solo piano
FUNK & Soul,R&B / Funk / New Orleans,EEUU,Eddie Bo,1997,Hook & Sling
FUNK & Soul,Soul / R&B / Gospel,EEUU,Erma Franklin,1969,Super Soul Sister [2005 - Reedición]
FUNK & Soul,Disco / Funk,Canadá,Erotic Drum Band,1978,Plug Me To Death
FUNK & Soul,Afrobeat,Nigeria,Fela Kuti & Africa'70,1969,The '69 Los Angeles Sessions
FUNK & Soul,Afrobeat,Nigeria,Fela Kuti & Africa'70,1971,Live! With Ginger Baker
FUNK & Soul,Afrobeat,Nigeria,Fela Kuti & Africa'70,1973,Gentleman
FUNK & Soul,Afrobeat,Nigeria,Fela Kuti & Africa'70,1975,Confusion
FUNK & Soul,Afrobeat,Nigeria,Fela Kuti & Africa'70,1976,Upside down
FUNK & Soul,Afrobeat,Nigeria,Fela Kuti & Africa'70,1976,Zombie
FUNK & Soul,P-funk / Funk,EEUU,Funkadelic,1970,Free Your Mind And Your Ass Will Follow
FUNK & Soul,P-funk / Funk,EEUU,Funkadelic,1970,Funkadelic
FUNK & Soul,P-funk / Funk,EEUU,Funkadelic,1971,Maggot Brain
FUNK & Soul,P-funk / Funk,EEUU,Funkadelic,1972,America Eats Its Young
FUNK & Soul,P-funk / Funk,EEUU,Funkadelic,1973,Cosmic Slop
FUNK & Soul,P-funk / Funk,EEUU,Funkadelic,1974,Standing On The Verge Of Getting It On
FUNK & Soul,P-funk / Funk,EEUU,Funkadelic,1975,Let's Take It To The Stage
FUNK & Soul,P-funk / Funk,EEUU,Funkadelic,1976,Hardcore Jollies
FUNK & Soul,P-funk / Funk,EEUU,Funkadelic,1976,Tales Of Kidd Funkadelic
FUNK & Soul,P-funk / Funk,EEUU,Funkadelic,1978,One Nation Under a Groove
FUNK & Soul,P-funk / Funk,EEUU,Funkadelic,1979,Uncle Jam Wants You
FUNK & Soul,P-funk / Funk,EEUU,Funkadelic,1981,The Electric Spanking of War Babies
FUNK & Soul,Spoken word / Soul / Jazz,EEUU,Gil Scott-Heron,1970,Small Talk At 125Th And Lenox
FUNK & Soul,Spoken word / Soul / Jazz,EEUU,Gil Scott-Heron,1974,The Revolution Will Not Be Televised
FUNK & Soul,Spoken word / Soul / Jazz,EEUU,Gil Scott-Heron,1974,Winter In America (& Brian Jackson)
FUNK & Soul,Spoken word / Soul / Jazz,EEUU,Gil Scott-Heron,1976,It's Your World [Arista]
FUNK & Soul,Spoken word / Soul / Jazz,EEUU,Gil Scott-Heron,1978,Secrets (& Brian Jackson )
FUNK & Soul,Spoken word / Soul / Jazz,EEUU,Gil Scott-Heron,1982,Moving Target
FUNK & Soul,Spoken word / Soul / Jazz,EEUU,Gil Scott-Heron,1993,Pieces Of a Man [Compilation]
FUNK & Soul,Spoken word / Soul / Jazz,EEUU,Gil Scott-Heron,1998,Ghetto Style [Compilation]
FUNK & Soul,Spoken word / Soul / Jazz,EEUU,Gil Scott-Heron,2001,Free Will [Compilation]
FUNK & Soul,Funk / Disco,EEUU,Hamilton Bohannon,1994,Essential Dancefloor Artists Vol.4 [Compilation]
FUNK & Soul,Boogaloo / Latin funk,EEUU,Incredible Bongo Band,1973,Bongo Rock
FUNK & Soul,Soul / Funk / Soundtrack,EEUU,Isaac Hayes,1969,Hot Buttered Soul
FUNK & Soul,Soul / Funk / Soundtrack,EEUU,Isaac Hayes,1970,...To Be Continued
FUNK & Soul,Soul / Funk / Soundtrack,EEUU,Isaac Hayes,1970,The Isaac Hayes Movement
FUNK & Soul,Soul / Funk / Soundtrack,EEUU,Isaac Hayes,1971,Black Moses
FUNK & Soul,Soul / Funk / Soundtrack,EEUU,Isaac Hayes,1971,Shaft [OST]
FUNK & Soul,Soul / Funk / Soundtrack,EEUU,Isaac Hayes,1972,At Wattstax
FUNK & Soul,Soul / Funk / Soundtrack,EEUU,Isaac Hayes,1974,Tough Guys [OST]
FUNK & Soul,Soul / Funk / Soundtrack,EEUU,Isaac Hayes,1974,Truck Turner
FUNK & Soul,Jazz / Soul / Organ jazz,EEUU,Jack McDuff 'Brother',1961,The Honeydripper [2006 Reissued]
FUNK & Soul,Jazz / Soul / Organ jazz,EEUU,Jack McDuff 'Brother',1967,Tobacco Road
FUNK & Soul,Jazz / Soul / Organ jazz,EEUU,Jack McDuff 'Brother',2002,Moon Rappin'
FUNK & Soul,Motown / Soul / Pop,EEUU,Jackson 5,1969,Diana Ross Presents The Jackson 5
FUNK & Soul,Motown / Soul / Pop,EEUU,Jackson 5,1970,ABC
FUNK & Soul,Motown / Soul / Pop,EEUU,Jackson 5,1970,Third Album
FUNK & Soul,Motown / Soul / Pop,EEUU,Jackson 5,1971,Goin' Back to Indiana
FUNK & Soul,Motown / Soul / Pop,EEUU,Jackson 5,1971,Greatest Hits
FUNK & Soul,Motown / Soul / Pop,EEUU,Jackson 5,1971,Maybe Tomorrow
FUNK & Soul,Motown / Soul / Pop,EEUU,Jackson 5,1972,Lookin' Through The Windows
FUNK & Soul,Motown / Soul / Pop,EEUU,Jackson 5,1973,Get It Together
FUNK & Soul,Motown / Soul / Pop,EEUU,Jackson 5,1973,Skywriter
FUNK & Soul,Motown / Soul / Pop,EEUU,Jackson 5,1974,Dancing Machine
FUNK & Soul,Motown / Soul / Pop,EEUU,Jackson 5,1975,Moving Violation
FUNK & Soul,Motown / Soul / Pop,EEUU,Jackson 5,1976,Joyful Jukebox Music
FUNK & Soul,Funk / Soul / R&B,EEUU,James Brown,1968,Live At The Apollo
FUNK & Soul,Funk / Soul / R&B,EEUU,James Brown,1969,Say it loud - i'm black and i'm proud
FUNK & Soul,Funk / Soul / R&B,EEUU,James Brown,1970,Sex Machine
FUNK & Soul,Funk / Soul / R&B,EEUU,James Brown,2003,In The Jungle Groove
FUNK & Soul,Funk / Boogaloo,EEUU,Jimmy Castor Bunch,1972,It's just begun
FUNK & Soul,Funk / Boogaloo,EEUU,Jimmy Castor Bunch,1996,The Best Of [Colección]
FUNK & Soul,Funk / Boogaloo,EEUU,Jimmy Castor Bunch,2002,16 Slabs Of Funk [Colección]
FUNK & Soul,Soul jazz / Organ jazz,EEUU,Jimmy Mcgriff,1968,The Worm
FUNK & Soul,Soul jazz / Organ jazz,EEUU,Jimmy Mcgriff,1969,Electric Funk
FUNK & Soul,Soul jazz / Organ jazz,EEUU,Jimmy Mcgriff,1972,Let's Stay Together
FUNK & Soul,Soul jazz / Organ jazz,EEUU,Jimmy Mcgriff,1974,Fly Dude
FUNK & Soul,Soul jazz / Organ jazz,EEUU,Jimmy Mcgriff,1974,Groove Grease
FUNK & Soul,Soul jazz / Organ jazz,EEUU,Jimmy Mcgriff,1986,The Starting Five
FUNK & Soul,Soul jazz / Organ jazz,EEUU,Jimmy Mcgriff,1994,Pullin All The Stops [Compilation]
FUNK & Soul,R&B / Soul,EEUU,Joe Thomas,1968,Comin' home
FUNK & Soul,Funk / Disco / R&B,EEUU,Kool & The Gang,1973,Wild and Peaceful
FUNK & Soul,Funk / Disco / R&B,EEUU,Kool & The Gang,1975,Spirit Of The Boogie [2003]
FUNK & Soul,Afrofunk / Funk,Francia,Lafayette Afro Rock Band,,197x - Afon
FUNK & Soul,Afrofunk / Funk,Francia,Lafayette Afro Rock Band,1973,Soul Makossa
FUNK & Soul,Afrofunk / Funk,Francia,Lafayette Afro Rock Band,1999,Darkest Light (Best Of)
FUNK & Soul,Jazz / Soul / Funk,EEUU,Leon Thomas,1972,Blues and the Soulful Truth [2001]
FUNK & Soul,Jazz / Soul / Funk,EEUU,Lonnie Liston Smith & The Cosmic Echoes,1973,Astral Traveling
FUNK & Soul,Jazz / Soul / Funk,EEUU,Lonnie Liston Smith & The Cosmic Echoes,1974,Cosmic Funk (RE 1993)
FUNK & Soul,Jazz / Soul / Funk,EEUU,Lonnie Liston Smith & The Cosmic Echoes,1974,Expansions
FUNK & Soul,Jazz / Soul / Funk,EEUU,Lonnie Liston Smith & The Cosmic Echoes,1975,Afro-Desia
FUNK & Soul,Jazz / Soul / Funk,EEUU,Lonnie Liston Smith & The Cosmic Echoes,1976,Reflections Of A Golden Dream
FUNK & Soul,Jazz / Soul / Funk,EEUU,Lonnie Liston Smith & The Cosmic Echoes,1979,Dreams Of Tomorrow
FUNK & Soul,Jazz / Soul / Funk,EEUU,Lonnie Liston Smith & The Cosmic Echoes,1991,Watercolors
FUNK & Soul,Jazz / Soul / Funk,EEUU,Lonnie Liston Smith & The Cosmic Echoes,2002,"Explorations, The Columbia Recordings"
FUNK & Soul,Ethiojazz / Música etíope,,Mahmoud Ahmed,1973,Almaz
FUNK & Soul,Ethiojazz / Música etíope,,Mahmoud Ahmed,1975,Erè mèla mèla
FUNK & Soul,Ethiojazz / Música etíope,,Mahmoud Ahmed,1994,Live in Paris
FUNK & Soul,Funk / Latin funk / Jazz,EEUU,Mandrill,,XxXx - Best Of (1972-74)
FUNK & Soul,Funk / Latin funk / Jazz,EEUU,Mandrill,1970,Mandrill
FUNK & Soul,Funk / Latin funk / Jazz,EEUU,Mandrill,1972,Mandrill Is
FUNK & Soul,Funk / Latin funk / Jazz,EEUU,Mandrill,1973,Composite Truth
FUNK & Soul,Funk / Latin funk / Jazz,EEUU,Mandrill,1973,Just Outside Of Town
FUNK & Soul,Afropop / Afro-rock,Ghana,Osibisa,,OSIBISA THEVERY BEST OF 3CD+COVERS
FUNK & Soul,Afropop / Afro-rock,Ghana,Osibisa,1971,"Osibisa [1990, RE] [AIM 1045]"
FUNK & Soul,Afropop / Afro-rock,Ghana,Osibisa,1972,"Woyaya [1993,RE]  [AIM 1046]"
FUNK & Soul,P-funk / Funk,EEUU,Parliament,,200X - The Millennium Collection The Best of Parliament [Compilation]
FUNK & Soul,P-funk / Funk,EEUU,Parliament,1974,Up For The Down Stroke
FUNK & Soul,P-funk / Funk,EEUU,Parliament,1975,Chocolate City
FUNK & Soul,P-funk / Funk,EEUU,Parliament,1975,Mothership Connection
FUNK & Soul,P-funk / Funk,EEUU,Parliament,1979,Gloryhallastoopid
FUNK & Soul,Funk / Soul / Disco,EEUU,Rose Royce,1976,Car Wash
FUNK & Soul,Funk / Soul / Disco,EEUU,Rose Royce,1977,In Full Bloom
FUNK & Soul,Funk / Soul / Disco,EEUU,Rose Royce,1981,Jump Street
FUNK & Soul,Funk / Soul / Disco,EEUU,Rose Royce,1982,Stronger Than Ever
FUNK & Soul,Jazz / Funk / Soul,EEUU,Roy Ayers,,XXXX - A Shining Symbol
FUNK & Soul,Jazz / Funk / Soul,EEUU,Roy Ayers,1968,Stoned Soul Picnic
FUNK & Soul,Jazz / Funk / Soul,EEUU,Roy Ayers,1973,Red black and green
FUNK & Soul,Jazz / Funk / Soul,EEUU,Roy Ayers,1974,Ubiquity - Change up the groove
FUNK & Soul,Jazz / Funk / Soul,EEUU,Roy Ayers,1976,Everybody Loves The Sunshine
FUNK & Soul,Jazz / Funk / Soul,EEUU,Roy Ayers,1978,You send me
FUNK & Soul,Jazz / Funk / Soul,EEUU,Roy Ayers,1979,No stranger to love
FUNK & Soul,Jazz / Funk / Soul,EEUU,Roy Ayers,1980,Music Of Many Colors (with Fela Kuti)
FUNK & Soul,Jazz / Funk / Soul,EEUU,Roy Ayers,1981,"Africa, Center of the world"
FUNK & Soul,Jazz / Funk / Soul,EEUU,Roy Ayers,2004,Virgin Ubiquity (1976-1981)
FUNK & Soul,Jazz / Funk / Soul,EEUU,Roy Ayers,2005,Virgin Ubiquity II
FUNK & Soul,Funk / R&B / Bahamas,EEUU,The Beginning of the End,1971,Funky Nassau
FUNK & Soul,Jazz funk / Soul,EEUU,The Blackbyrds,1974,The Blackbyrds
FUNK & Soul,Jazz funk / Soul,EEUU,The Blackbyrds,1975,City Life
FUNK & Soul,Jazz funk / Soul,EEUU,The Blackbyrds,1975,City Life & Unfinished Business [1994]
FUNK & Soul,Funk / Soul,EEUU,The Brothers Johnson,1976,Look Out For #1
FUNK & Soul,Funk / Soul,EEUU,The Brothers Johnson,1977,Right On Time
FUNK & Soul,Funk / Soul,EEUU,The Brothers Johnson,1978,Blam!!
FUNK & Soul,Funk / Soul,EEUU,The Brothers Johnson,1980,Light Up The Night
FUNK & Soul,Funk / Disco,EEUU,The Fatback Band,1974,Feel my Soul
FUNK & Soul,Funk / Disco,EEUU,The Fatback Band,1974,Keep on Steppin'
FUNK & Soul,Funk / Disco,EEUU,The Fatback Band,1997,The Fattest Of Fatback [Compilation]
FUNK & Soul,Funk / R&B,EEUU,The Meters,1969,The Meters
FUNK & Soul,Funk / R&B,EEUU,The Meters,1970,Look-Ha Py Py
FUNK & Soul,Funk / R&B,EEUU,The Meters,1970,Struttin'
FUNK & Soul,Funk / R&B,EEUU,The Meters,1972,Cabbage Alley [2000]
FUNK & Soul,Funk / R&B,EEUU,The Meters,1974,Rejuvenation
FUNK & Soul,Funk / R&B,EEUU,The Meters,1975,Fire on the bayou
FUNK & Soul,Funk / R&B,EEUU,The Meters,1976,Trick Bag
FUNK & Soul,Funk / R&B,EEUU,The Meters,1994,Fundamentally Funky
FUNK & Soul,Funk / R&B,EEUU,The Meters,2002,Funky Good Time [Compilation]
FUNK & Soul,Funk / Soul,Reino Unido,The Mohawks,,[XxXx] - VARIOS
FUNK & Soul,Funk / Soul,Reino Unido,The Mohawks,1968,The Champ [Pama's  PMLP 5]
FUNK & Soul,Psychedelic soul / Jazz,EEUU,The New Rotary Connection,1968,Aladdin
FUNK & Soul,Psychedelic soul / Jazz,EEUU,The New Rotary Connection,1971,Hey love (ft. Minnie Riperton)
FUNK & Soul,Funk / Soul / R&B,EEUU,The Ohio Players,1972,Pleasure
FUNK & Soul,Funk / Soul / R&B,EEUU,The Ohio Players,1975,Fire
FUNK & Soul,Funk / Soul / R&B,EEUU,The Ohio Players,1975,Honey
FUNK & Soul,Funk / Soul / R&B,EEUU,The Ohio Players,2006,Funk On Fire [Compilation]
FUNK & Soul,Funk / Soul / R&B,EEUU,The Ohio Players,2008,Gold [Compilation]
FUNK & Soul,Funk / Soul,EEUU,The Watts 103rd Street Rythm Band,1969,In The Jungle Babe
FUNK & Soul,Funk / Soul,EEUU,The Watts 103rd Street Rythm Band,1993,Express Yourself [The Best Of]
FUNK & Soul,Funk / Soul / Latin rock,EEUU,War,1994,Anthology 1970-1994 [Compilation]
FUNK & Soul,Jazz / Soul / Funk,EEUU,Weldon Irvine,1972,Liberated Brother
FUNK & Soul,Jazz / Soul / Funk,EEUU,Weldon Irvine,1973,Time Capsule
FUNK & Soul,Jazz / Soul / Funk,EEUU,Weldon Irvine,1974,Cosmic Vortex (Justice Divine)
FUNK & Soul,Jazz / Soul / Funk,EEUU,Weldon Irvine,1974,In Harmony
FUNK & Soul,Jazz / Soul / Funk,EEUU,Weldon Irvine,1975,Spirit Man
FUNK & Soul,Jazz / Soul / Funk,EEUU,Weldon Irvine,1976,Sinbad
FUNK & Soul,Jazz / Soul / Funk,EEUU,Weldon Irvine,1979,The Sisters
FUNK & Soul,Blaxploitation OST,,1972 - Trouble Man by 'Marvin Gaye ',,Covers
FUNK & Soul,Blaxploitation OST,,1973 - Coffy by 'Roy Ayers',,art
FUNK & Soul,Blaxploitation OST,,1973 - Gordon's War [VV.AA],1973,Gordon's War - OST
FUNK & Soul,Today Mood,,Akoya Afrobeat,2008,President Dey Pass
FUNK & Soul,Today Mood,EEUU,Antibalas,2000,Liberation Afro beat Vol.1
FUNK & Soul,Today Mood,EEUU,Antibalas,2002,Talkatif
FUNK & Soul,Today Mood,EEUU,Antibalas,2004,Who Is This America
FUNK & Soul,Today Mood,EEUU,Antibalas,2007,Security
FUNK & Soul,Today Mood,Reino Unido,Baby Charles [UK],2008,Baby Charles
FUNK & Soul,Today Mood,Reino Unido,Big Boss Man [UK],2001,Humanize
FUNK & Soul,Today Mood,Reino Unido,Big Boss Man [UK],2005,Winner
FUNK & Soul,Today Mood,Reino Unido,Big Boss Man [UK],2009,Full English Beat Breakfast
FUNK & Soul,Today Mood,Reino Unido,Big Boss Man [UK],2014,Last Man On Earth
FUNK & Soul,Today Mood,,Boogaloo Investigators,2005,Dinamighty
FUNK & Soul,Today Mood,EEUU,Brooklyn Funk Essentials [USA],1995,Cool And Steady And Easy
FUNK & Soul,Today Mood,EEUU,Brooklyn Funk Essentials [USA],1998,In The Buzzbag
FUNK & Soul,Today Mood,EEUU,Brooklyn Funk Essentials [USA],2000,Make Them Like It
FUNK & Soul,Today Mood,EEUU,Brooklyn Funk Essentials [USA],2008,Watcha Playin
FUNK & Soul,Today Mood,,Calypso King & the Soul Investigators,2001,Soul Strike [2005]
FUNK & Soul,Today Mood,,Celofunk,2005,Celofunk (Vampisoul)
FUNK & Soul,Today Mood,Alemania,DePhazz [GER],,200x - Dalai Lama
FUNK & Soul,Today Mood,Alemania,DePhazz [GER],,200x - Detunized Gravity
FUNK & Soul,Today Mood,Alemania,DePhazz [GER],2001,Death By Chocolate
FUNK & Soul,Today Mood,Alemania,DePhazz [GER],2005,Natural Fake
FUNK & Soul,Today Mood,Alemania,DePhazz [GER],2007,Days Of Twang
FUNK & Soul,Today Mood,EEUU,Dj GreyBoy [USA],1996,Land of the lost
FUNK & Soul,Today Mood,EEUU,Dj GreyBoy [USA],2001,Mastered The Art
FUNK & Soul,Today Mood,EEUU,Dj GreyBoy [USA],2004,Shades of Grey
FUNK & Soul,Today Mood,Reino Unido,Down To The Bone [UK],1997,From Manhattan to Staten
FUNK & Soul,Today Mood,Reino Unido,Down To The Bone [UK],1999,Urban Grooves
FUNK & Soul,Today Mood,Reino Unido,Down To The Bone [UK],2000,Spread The Word
FUNK & Soul,Today Mood,Reino Unido,Down To The Bone [UK],2005,Spread Love Like Wildfire
FUNK & Soul,Today Mood,Reino Unido,Down To The Bone [UK],2007,Supercharged
FUNK & Soul,Today Mood,España,Elkano Browning Cream,2006,Mamusk
FUNK & Soul,Today Mood,España,Elkano Browning Cream,2010,#2
FUNK & Soul,Today Mood,EEUU,Greyboy Allstars [USA],,Karl Denson's Tiny Universe (Greyboy Allstars) - The Bridge
FUNK & Soul,Today Mood,EEUU,Greyboy Allstars [USA],1995,West Coast Boogaloo
FUNK & Soul,Today Mood,EEUU,Greyboy Allstars [USA],1997,A Town Called Earth
FUNK & Soul,Today Mood,EEUU,Greyboy Allstars [USA],2007,What Happened to Television
FUNK & Soul,Today Mood,EEUU,Groove Collective [USA],,XxXx - Dance Of The Drunken Master
FUNK & Soul,Today Mood,EEUU,Groove Collective [USA],1996,We the People
FUNK & Soul,Today Mood,EEUU,Groove Collective [USA],1999,Declassified
FUNK & Soul,Today Mood,EEUU,Groove Collective [USA],2001,It's All in Your Mind
FUNK & Soul,Today Mood,EEUU,Groove Collective [USA],2005,People people music music
FUNK & Soul,Today Mood,EEUU,Infectious Grooves,1991,The Plague That Makes Your Booty Move
FUNK & Soul,Today Mood,EEUU,Infectious Grooves,1993,Sarsippius' Ark
FUNK & Soul,Today Mood,EEUU,Infectious Grooves,1994,Groove Family Cyco
FUNK & Soul,Today Mood,EEUU,Infectious Grooves,2000,Mas Borracho
FUNK & Soul,Today Mood,Holanda,Kraak and Smaak [NL],2005,Boogie Angst
FUNK & Soul,Today Mood,Holanda,Kraak and Smaak [NL],2007,The Remix Sessions
FUNK & Soul,Today Mood,Holanda,Kraak and Smaak [NL],2008,Plastic People
FUNK & Soul,Today Mood,Holanda,Lefties Soul Connection (GER),2006,Hutspot
FUNK & Soul,Today Mood,Holanda,Lefties Soul Connection (GER),2007,Skimming The Skum
FUNK & Soul,Today Mood,EEUU,Medeski Martin And Wood [USA],1992,Notes From The Underground
FUNK & Soul,Today Mood,EEUU,Medeski Martin And Wood [USA],1993,It's A Jungle In Here
FUNK & Soul,Today Mood,EEUU,Medeski Martin And Wood [USA],1995,Friday Afternoon At The Universe
FUNK & Soul,Today Mood,EEUU,Medeski Martin And Wood [USA],1997,Bubblehouse
FUNK & Soul,Today Mood,EEUU,Medeski Martin And Wood [USA],1998,Combustication
FUNK & Soul,Today Mood,EEUU,Medeski Martin And Wood [USA],2000,The Dropper
FUNK & Soul,Today Mood,EEUU,Medeski Martin And Wood [USA],2000,Tonic
FUNK & Soul,Today Mood,EEUU,Medeski Martin And Wood [USA],2002,Uninvisible
FUNK & Soul,Today Mood,EEUU,Medeski Martin And Wood [USA],2004,End of the World Party (just in case)
FUNK & Soul,Today Mood,EEUU,Medeski Martin And Wood [USA],2006,Out Louder
FUNK & Soul,Today Mood,EEUU,Medeski Martin And Wood [USA],2008,Let's Go Everywhere
FUNK & Soul,Today Mood,EEUU,Medeski Martin And Wood [USA],2008,Radiolatians I
FUNK & Soul,Today Mood,EEUU,Medeski Martin And Wood [USA],2009,Radiolarians II
FUNK & Soul,Today Mood,EEUU,Medeski Martin And Wood [USA],2009,Radiolarians III
FUNK & Soul,Today Mood,EEUU,Medeski Martin And Wood [USA],2012,Free Magic
FUNK & Soul,Today Mood,Reino Unido,Nostalgia 77,2002,Songs For My Funeral
FUNK & Soul,Today Mood,Reino Unido,Nostalgia 77,2005,The Garden
FUNK & Soul,Today Mood,Reino Unido,Nostalgia 77,2006,Borderlands
FUNK & Soul,Today Mood,Reino Unido,Nostalgia 77,2006,Seven's & Eight's [Live At The Jazz Café]
FUNK & Soul,Today Mood,Reino Unido,Nostalgia 77,2007,Everything Under The Sun
FUNK & Soul,Today Mood,Reino Unido,Nostalgia 77,2008,One Offs Remixes and B-Sides [TRUCD146]
FUNK & Soul,Today Mood,Reino Unido,Poets Of Rhythm [UK],2001,Discern-Define
FUNK & Soul,Today Mood,Reino Unido,Poets Of Rhythm [UK],2002,What Goes Round
FUNK & Soul,Today Mood,EEUU,Sharon Jones [USA],2002,Dap-Dippin' with
FUNK & Soul,Today Mood,EEUU,Sharon Jones [USA],2005,Naturally
FUNK & Soul,Today Mood,EEUU,Sharon Jones [USA],2007,"100 Days, 100 Nights"
FUNK & Soul,Today Mood,EEUU,Sharon Jones [USA],2014,Give the People What They Want
FUNK & Soul,Today Mood,EEUU,Soul Providers,1997,Soul Tequila
FUNK & Soul,Today Mood,España,Speaklow [ESP],2006,I'm gonna groove ya!!
FUNK & Soul,Today Mood,Reino Unido,The Bongolian [UK],2002,The Bongolian
FUNK & Soul,Today Mood,Reino Unido,The Bongolian [UK],2006,Blueprint
FUNK & Soul,Today Mood,EEUU,The Budos Band [USA],2005,The Budos Band
FUNK & Soul,Today Mood,EEUU,The Budos Band [USA],2007,The Budos Band II
FUNK & Soul,Today Mood,EEUU,The Budos Band [USA],2010,The Budos Band III
FUNK & Soul,Today Mood,,The Cherry Boppers,,the Cherry Boppers
FUNK & Soul,Today Mood,EEUU,The Daktaris [USA],1998,Soul Explosion
FUNK & Soul,Today Mood,EEUU,The Diplomats Of Solid Sound [USA],2003,Let's Cool One
FUNK & Soul,Today Mood,EEUU,The Diplomats Of Solid Sound [USA],2008,DSS featuring The Diplomettes
FUNK & Soul,Today Mood,Jamaica,The Dynamites,2007,Kaboom
FUNK & Soul,Today Mood,Reino Unido,The James Taylor Quartet,1988,Wait a Minute
FUNK & Soul,Today Mood,Reino Unido,The James Taylor Quartet,1989,Get Organized
FUNK & Soul,Today Mood,Reino Unido,The James Taylor Quartet,1993,Supernatural Feeling [With Noel Mckoy ]
FUNK & Soul,Today Mood,Reino Unido,The James Taylor Quartet,2001,Espionage [Compilation]
FUNK & Soul,Today Mood,Reino Unido,The James Taylor Quartet,2003,The Oscillator
FUNK & Soul,Today Mood,Reino Unido,The James Taylor Quartet,2007,Blow Up! A JTQ Collection
FUNK & Soul,Today Mood,EEUU,The Last Electro-Acoustic Space Jazz & Percussion Ensemble,2010,Miles Away
FUNK & Soul,Today Mood,Reino Unido,The New Mastersounds [UK],2001,"Keb Darge Presents, The New Mastersounds"
FUNK & Soul,Today Mood,Reino Unido,The New Mastersounds [UK],2003,Be Yourself
FUNK & Soul,Today Mood,Reino Unido,The New Mastersounds [UK],2005,This Is What We Do
FUNK & Soul,Today Mood,Reino Unido,The New Mastersounds [UK],2006,102 per cent
FUNK & Soul,Today Mood,Reino Unido,The New Mastersounds [UK],2007,Remixed
FUNK & Soul,Today Mood,Reino Unido,The New Mastersounds [UK],2009,Ten Years On
FUNK & Soul,Today Mood,Reino Unido,The New Mastersounds [UK],2014,Therapy
FUNK & Soul,Today Mood,Reino Unido,The Quantic Soul Orchestra,2003,Stampede
FUNK & Soul,Today Mood,Reino Unido,The Quantic Soul Orchestra,2004,The Trip [Compilation]
FUNK & Soul,Today Mood,Reino Unido,The Quantic Soul Orchestra,2005,Pushin' On
FUNK & Soul,Today Mood,Reino Unido,The Quantic Soul Orchestra,2006,Im thankful [Spanky Wilson]
FUNK & Soul,Today Mood,Reino Unido,The Quantic Soul Orchestra,2007,Tropidelico
FUNK & Soul,Today Mood,Holanda,The Soul Snatchers,2008,Sniffin' and Snatchin'
FUNK & Soul,Today Mood,Canada,The Souljazz Orchestra,2008,Manifesto
FUNK & Soul,Today Mood,Canada,The Souljazz Orchestra,2010,Rising Sun (Strut Records)
FUNK & Soul,Today Mood,Canada,The Souljazz Orchestra,2012,Solidarity
FUNK & Soul,Today Mood,Canada,The Souljazz Orchestra,2014,Inner Fire
FUNK & Soul,Today Mood,España,The Sweet Vandals,,XxXx - (Singles compilation)
FUNK & Soul,Today Mood,España,The Sweet Vandals,,XxXx - Conciertos RNE3
FUNK & Soul,Today Mood,España,The Sweet Vandals,2007,the sweet vandals
FUNK & Soul,Today Mood,España,The Sweet Vandals,2009,Lovelite
FUNK & Soul,Today Mood,España,The Sweet Vandals,2011,So Clear
FUNK & Soul,Today Mood,España,The Sweet Vandals,2013,After All
FUNK & Soul,Today Mood,Nigeria,Tony Allen,1999,Black Voices
FUNK & Soul,Today Mood,Nigeria,Tony Allen,2002,Home Cooking
FUNK & Soul,Today Mood,Nigeria,Tony Allen,2004,Psyco On Da Bus (Tony Allen & Doctor L etc)
FUNK & Soul,Today Mood,Nigeria,Tony Allen,2006,Lagos no shaking
FUNK & Soul,Today Mood,EEUU,Trombone Shorty,2010,Backatown
FUNK & Soul,Today Mood,Italia,the LINK quartet [ITA],2004,Italian playboys
FUNK & Soul,VV.AA - Recopilaciones,,+EnlaceFunk,,Hard.To.Find.Volume.1.-.60s.70s.Underground.Funk.Compilation.Selected.by.Carlo.Coupe.(APE.CUE).by.M03BIUS
FUNK & Soul,VV.AA - Recopilaciones,,+Harmless,,Pulp Fusion
FUNK & Soul,VV.AA - Recopilaciones,,+Harmless,,VA (1998) - The Original Sound Of 1970'S Funky Africa
FUNK & Soul,VV.AA - Recopilaciones,,+Soul JazZ Records,,VA (XxXx) - New Orleans Funk And Soul v.2 - Saturday Night Fish Fry
FUNK & Soul,VV.AA - Recopilaciones,,+Soul JazZ Records,2000,New Orleans Funk
FUNK & Soul,VV.AA - Recopilaciones,,+Soundway,,VA (2004) - Afro Baby -The Evolution Of The Afro-Sound In Nigeria (1970-79)
FUNK & Soul,VV.AA - Recopilaciones,,+Soundway,,VA (2007) - Ghana Soundz - Afro-Beat Funk & Fusion Music In 70s Ghana
FUNK & Soul,VV.AA - Recopilaciones,,+Soundway,,VA (2008) - Nigeria Disco Funk Special (The Sound Of The Underground Lagos Dancefloor 1974 to 1979)
FUNK & Soul,VV.AA - Recopilaciones,,+Soundway,,VA (2008) - Nigeria Rock Special - Psychedelic Afro-Rock & Fuzz Funk In 1970's Nigeria
FUNK & Soul,VV.AA - Recopilaciones,,+Soundway,,"VA (2008) - Nigeria Special - Modern Highlife, Afro-Sounds & Nigerian Blues 1970-6"
FUNK & Soul,VV.AA - Recopilaciones,,+VampiSoul,,200X - (VA) Groovadelia
FUNK & Soul,VV.AA - Recopilaciones,,+VampiSoul,2003,(VA) In search of the cool
FUNK & Soul,VV.AA - Recopilaciones,,+VampiSoul,2004,Irakere - Chekere-Son (1978-80)
FUNK & Soul,VV.AA - Recopilaciones,,+VampiSoul,2005,(VA) I Gotta New Dance!
FUNK & Soul,VV.AA - Recopilaciones,,+VampiSoul,2005,Erma Franklin - Super Soul Sister (1969)
FUNK & Soul,VV.AA - Recopilaciones,,+VampiSoul,2007,(VA) Crash Of Thunder
FUNK & Soul,VV.AA - Recopilaciones,,+VampiSoul,2007,Cal Tjader & Eddie Palmieri - Bamboleate (1967)
FUNK & Soul,VV.AA - Recopilaciones,,+Voodoo Funk,,RefWEB
FUNK & Soul,VV.AA - Recopilaciones,,The In-Kraut [Marina Records],2005,(VA) - The In-Kraut Vol. #1 (1966-1974)
FUNK & Soul,VV.AA - Recopilaciones,,The In-Kraut [Marina Records],2006,(VA) - The In-Kraut Vol. #2 (1967-1974)
FUNK & Soul,VV.AA - Recopilaciones,,The In-Kraut [Marina Records],2008,(VA) - The In-Kraut Vol. #3 (1967-1974)
FUNK & Soul,VV.AA - Recopilaciones,,VA (199X) - Club Africa,,"Vol. 2 (2000) - Hard African Funk, Afro-Jazz, & Original Afro-Beat"
FUNK & Soul,VV.AA - Recopilaciones,,VA (2006) - Jamaica To Toronto - [LITA019],,VA - Jamaica To Toronto - Soul Funk & Reggae (1967-1974)
FUNK & Soul,VV.AA - Recopilaciones,,VA (2006) - What It Is!,,[Box Set]
FUNK & Soul,VV.AA - Recopilaciones,,VA (2007) - Power Motown People,,Cd #1
FUNK & Soul,VV.AA - Recopilaciones,,VA (2007) - Power Motown People,,Cd #2
FUNK & Soul,VV.AA - Recopilaciones,,VA (2007) - The Worlds Rarest Funk 45s,,Vol. 2
FUNK & Soul,VV.AA - Recopilaciones,,VA (2009) - This Is DJ's Choice [UNIQUE],,Vol#2 - This Is DJ's Choice
FUNK & Soul,VV.AA - Recopilaciones,,VA (200X) - Absolute Funk,2005,Absolute Funk (vol.1)
FUNK & Soul,VV.AA - Recopilaciones,,VA (200X) - Absolute Funk,2006,Absolute Funk (vol.3)
FUNK & Soul,VV.AA - Recopilaciones,,VA (200X) - Absolute Funk,2007,Absolute Funk (vol.4)
FUNK & Soul,VV.AA - Recopilaciones,,VA (200X) - Jalapeno Funk,2007,Jalapeno Funk Vol. 1 [JALCD058]
FUNK & Soul,VV.AA - Recopilaciones,,VA (200X) - Nigeria 70 [¿],2001,70's Funky Lagos (CD1)
FUNK & Soul,VV.AA - Recopilaciones,,VA (200X) - Nigeria 70 [¿],2001,70's Funky Lagos (CD2)
FUNK & Soul,VV.AA - Recopilaciones,,VA (200X) - SoulShaker [Record Kicks],2006,SoulShaker Vol. 3
FUNK & Soul,VV.AA - Recopilaciones,,VA (200X) - SoulShaker [Record Kicks],2007,Soulshaker Vol. 4
Hip Hop,Gangsta rap / Hip hop,EEUU,2Pac,1996,All Eyez On Me
Hip Hop,Electro / Hip hop,EEUU,Afrika Bambaataa,1986,Beware (The funk is everywhere)
Hip Hop,Electro / Hip hop,EEUU,Afrika Bambaataa,1992,"Dont Stop Planet Rock, The remix EP (& soulsonic force)"
Hip Hop,Electro / Hip hop,EEUU,Afrika Bambaataa,1994,Pupunanny (EP)
Hip Hop,Electro / Hip hop,EEUU,Afrika Bambaataa,2001,Looking For The Perfect Beat (1980 - 1985)
Hip Hop,Jazz rap / Hip hop alternativo,EEUU,De La Soul,1989,3 Feet High And Rising
Hip Hop,Jazz rap,EEUU,Guru's JazzMatazz,1993,Vol. I
Hip Hop,Jazz rap,EEUU,Guru's JazzMatazz,1995,Vol. II
Hip Hop,Jazz rap,EEUU,Guru's JazzMatazz,2000,Vol. III - StreetSoul
Hip Hop,Jazz rap,EEUU,Guru's JazzMatazz,2007,Vol.4 The Hip Hop Jazz Messenger - Back to the Future
Hip Hop,Jazz rap,EEUU,Guru's JazzMatazz,2008,The Best Of Guru's Jazzmatazz
Hip Hop,Con Ñ,España,7notas 7colores,,XxxX - Hecho es simple
Hip Hop,Con Ñ,España,Flowklorikos,2007,Donde duele Inspira
Hip Hop,Con Ñ,España,Violadores del verso,2006,Vivir para contarlo
JAZz,A - New Orleans-Classic Jazz,EEUU,Al Hirt (Trumpet),,19XX - Master Of Jazz [Co]
JAZz,A - New Orleans-Classic Jazz,EEUU,Al Hirt (Trumpet),1966,Latin in the Horn (2002)
JAZz,A - New Orleans-Classic Jazz,EEUU,Al Hirt (Trumpet),1968,The Best Of Dixieland Jazz
JAZz,A - New Orleans-Classic Jazz,EEUU,Doc Cheatham (Trumpet),1997,Doc Cheatham and Nicholas Payton
JAZz,A - New Orleans-Classic Jazz,EEUU,Doc Cheatham (Trumpet),2003,Jazz in Paris - Sammy Price & Doc Cheatham Play George Gershwin
JAZz,A - New Orleans-Classic Jazz,EEUU,Earl Hines (Piano),1965,At The Village Vanguard
JAZz,A - New Orleans-Classic Jazz,EEUU,Earl Hines (Piano),1965,Grand Reunion  Live At The Village Vanguard (with Roy Eldridge and Coleman Hawkins)
JAZz,A - New Orleans-Classic Jazz,EEUU,Earl Hines (Piano),1981,Giants Of Jazz [Co]
JAZz,A - New Orleans-Classic Jazz,EEUU,Earl Hines (Piano),1989,Piano Man (1939-42 (Bluebird)
JAZz,A - New Orleans-Classic Jazz,EEUU,Earl Hines (Piano),1991,Chronogical Classics 1939 - 1940
JAZz,A - New Orleans-Classic Jazz,EEUU,Eddie Lang (Guitar),,19XX - Chamber Jazz (& Joe Venuti)
JAZz,A - New Orleans-Classic Jazz,EEUU,Eddie Lang (Guitar),1989,Jazz Guitar Virtuoso [CO]
JAZz,A - New Orleans-Classic Jazz,EEUU,Eddie Lang (Guitar),2004,Chronogical Classics 1927-1932
JAZz,A - New Orleans-Classic Jazz,EEUU,Gene Krupa (Drums),1955,Krupa & Rich
JAZz,A - New Orleans-Classic Jazz,EEUU,Gene Krupa (Drums),1956,Drummer Man
JAZz,A - New Orleans-Classic Jazz,EEUU,Gene Krupa (Drums),1993,Drum Boogie Gene Krupa and His Orchestra [Compilation]
JAZz,A - New Orleans-Classic Jazz,EEUU,Gunther Schuller (Orch),,Gunther Schuller Orch. - Mingus Epitaph Live
JAZz,A - New Orleans-Classic Jazz,EEUU,Jack Teagarden (Trombone),1956,Jazz Great (1996 Bethlehem)
JAZz,A - New Orleans-Classic Jazz,EEUU,Jack Teagarden (Trombone),1961,Mis'Ry And The Blues (& Oddments)
JAZz,A - New Orleans-Classic Jazz,EEUU,Jack Teagarden (Trombone),1993,The chronological 1930-1934
JAZz,A - New Orleans-Classic Jazz,EEUU,Jack Teagarden (Trombone),1999,Stars Fell On Alabama 1940-1957 (Giants Of Jazz - Disc 123)
JAZz,A - New Orleans-Classic Jazz,EEUU,Jelly Roll Morton (Piano),,Jelly Roll Morton - Doctor Jazz
JAZz,A - New Orleans-Classic Jazz,EEUU,Jelly Roll Morton (Piano),,XxXx - Jelly Roll Morton & Kid Ory
JAZz,A - New Orleans-Classic Jazz,EEUU,Jelly Roll Morton (Piano),1995,Birth of the Hot (1925-27 (RCA)
JAZz,A - New Orleans-Classic Jazz,EEUU,Jelly Roll Morton (Piano),1996,The Best of (1926-39)
JAZz,A - New Orleans-Classic Jazz,EEUU,Jelly Roll Morton (Piano),1998,Morton Jelly Roll - Red Hot Peppers - New Orleans Jazzmen & Trios (Giants of Jazz - Disc 018)
JAZz,A - New Orleans-Classic Jazz,EEUU,Jelly Roll Morton (Piano),2004,Jazz Piano Masters Vol.01
JAZz,A - New Orleans-Classic Jazz,EEUU,Joe Venuti (Violin),1955,Joe Venuti & Eddie Lang 1926-1933
JAZz,A - New Orleans-Classic Jazz,EEUU,Joe Venuti (Violin),1975,JoeVenuti & Zoot Sims
JAZz,A - New Orleans-Classic Jazz,EEUU,Jonah Jones (Trumpet),1963,Best hits and Jonah Jones
JAZz,A - New Orleans-Classic Jazz,EEUU,Kid Ory (Trombone),,Giants of Jazz - Disc 037 - Kid Ory & The Creole Jazz Band - Echoes From Ne
JAZz,A - New Orleans-Classic Jazz,EEUU,Kid Ory (Trombone),1956,Creole jazz band
JAZz,A - New Orleans-Classic Jazz,,Louis Amstrong (Trumpet),1960,Louis and The Dukes of Dixieland
JAZz,A - New Orleans-Classic Jazz,,Louis Amstrong (Trumpet),2001,The best of Louis Amstrong
JAZz,A - New Orleans-Classic Jazz,,Louis Amstrong (Trumpet),2002,"Satchmo, A Musical Autobiography (1957)"
JAZz,A - New Orleans-Classic Jazz,EEUU,Lu Watters (Trumpet),,XxXx - 20 Greatest hits (& YERBA BUENA JAZZ BAND)
JAZz,A - New Orleans-Classic Jazz,EEUU,Marian Anderson (Vocal),2001,[Co] Softly Awakes my Heart (1924-1944)
JAZz,A - New Orleans-Classic Jazz,EEUU,Marian Anderson (Vocal),2004,"Arias, Songs and Spirituals - Original Recordings 1930-1947"
JAZz,A - New Orleans-Classic Jazz,EEUU,Marian Anderson (Vocal),2004,"Ev'ry Time I Feel the Spirit- Arias, Songs and Spirituals - Original Recordings 1930-1947"
JAZz,A - New Orleans-Classic Jazz,EEUU,Original Dixieland Jazz Band,1992,Original Dixieland Jazz Band - 75th Aniversary (RCA 1917-22)
JAZz,A - New Orleans-Classic Jazz,EEUU,Original Dixieland Jazz Band,1992,The Complete Original Dixieland Jazz Band (1917-1936)
JAZz,A - New Orleans-Classic Jazz,EEUU,Original Dixieland Jazz Band,1998,Original Dixieland Jazz Band - The first Jazz Recordings (1917-21) (Feat. Nick LaRocca)
JAZz,A - New Orleans-Classic Jazz,EEUU,Scott Joplin (Piano),2002,The Piano Rags [Prestige Elite]
JAZz,A - New Orleans-Classic Jazz,EEUU,Sidney Bechet (Clarinet),,Giants of Jazz - Disc 106 - Sidney Bechet - Revolutionary Blues 1941-1951
JAZz,A - New Orleans-Classic Jazz,EEUU,Sidney Bechet (Clarinet),1988,Petite fleur (1949-1957)
JAZz,A - New Orleans-Classic Jazz,EEUU,Sidney Bechet (Clarinet),1998,Runnin' Wild (1949-50)
JAZz,A - New Orleans-Classic Jazz,EEUU,Sidney Bechet (Clarinet),2000,Chronological Classics 1947-1949
JAZz,A - New Orleans-Classic Jazz,EEUU,The Boswell Sisters (Vocal),1995,That's How Rhythm Was Born
JAZz,B - Big Band-Swing,EEUU,Anita O'Day (Vocal),1952,Anita Sings The Most (& Oscar Peterson)
JAZz,B - Big Band-Swing,EEUU,Anita O'Day (Vocal),1959,Swings Cole Porter
JAZz,B - Big Band-Swing,EEUU,Anita O'Day (Vocal),1995,Verve Jazz Masters 49 [Compilation]
JAZz,B - Big Band-Swing,EEUU,Art Tatum (Piano),1989,The Complete Capitol Recordings (1949-52)
JAZz,B - Big Band-Swing,EEUU,Ben Webster (Tenor sax),1956,King Of The Tenors
JAZz,B - Big Band-Swing,EEUU,Ben Webster (Tenor sax),1957,Soulville [2003]
JAZz,B - Big Band-Swing,EEUU,Ben Webster (Tenor sax),1959,Meets Gerry Mulligan
JAZz,B - Big Band-Swing,EEUU,Ben Webster (Tenor sax),1963,Soulmates [& Joe Zawinul]
JAZz,B - Big Band-Swing,EEUU,Ben Webster (Tenor sax),1973,My Man ( Live at Montmartre)
JAZz,B - Big Band-Swing,EEUU,Billie Holiday (Vocal),1992,The Complete Billie Holiday on Verve (1945-59)
JAZz,B - Big Band-Swing,EEUU,Buck Clayton (Trumpet),2006,Buck Clayton-Earl Hines All-Stars - Jazz from a Swinging Era
JAZz,B - Big Band-Swing,EEUU,Cab Calloway,,XxXx - The Complete Cotton Club 1933-1934
JAZz,B - Big Band-Swing,EEUU,Cab Calloway,1990,1934-1937 [Classics554]
JAZz,B - Big Band-Swing,EEUU,Cab Calloway,1991,1939-1940 [Classics 595]
JAZz,B - Big Band-Swing,EEUU,Cab Calloway,1994,Are You Hep to the Jive
JAZz,B - Big Band-Swing,EEUU,Cab Calloway,1996,Jumpin' Jive.mp3 [Compilation]
JAZz,B - Big Band-Swing,EEUU,Charlie Christian (Guitar),1998,Giants of Jazz - Disc 049 - Charlie Christian - Genius of Electric Guitar
JAZz,B - Big Band-Swing,EEUU,Charlie Christian (Guitar),2002,Genius of electric guitar (1939-41)
JAZz,B - Big Band-Swing,EEUU,Charlie Christian (Guitar),2007,Blues in B [Co]
JAZz,B - Big Band-Swing,EEUU,Coleman Hawkins - (Saxophone),1939,Body & Soul
JAZz,B - Big Band-Swing,EEUU,Coleman Hawkins - (Saxophone),1957,Coleman Hawkins Encounters Ben Webster
JAZz,B - Big Band-Swing,EEUU,Coleman Hawkins - (Saxophone),1961,Hawkins! Eldridge! Hodges Alive!
JAZz,B - Big Band-Swing,EEUU,Coleman Hawkins - (Saxophone),1993,Bean and the Boys [Co] (1944-49)
JAZz,B - Big Band-Swing,EEUU,Count Basie,1957,The complete Atomic Basie
JAZz,B - Big Band-Swing,EEUU,Count Basie,1999,First Time! The Count Meets Duke Ellington (1961)
JAZz,B - Big Band-Swing,Bélgica,Django Reinhardt,,Vol. 01 - Intregale  (1928-1934)
JAZz,B - Big Band-Swing,Bélgica,Django Reinhardt,,Vol. 02 - Integrale (1934-1935)
JAZz,B - Big Band-Swing,Bélgica,Django Reinhardt,,Vol. 03 - Integrale (1935)
JAZz,B - Big Band-Swing,Bélgica,Django Reinhardt,,Vol. 04 - Integrale (1935-36)
JAZz,B - Big Band-Swing,Bélgica,Django Reinhardt,,Vol. 05 - Integrale (1936-1937)
JAZz,B - Big Band-Swing,Bélgica,Django Reinhardt,,Vol. 06 - Integrale (1937)
JAZz,B - Big Band-Swing,Bélgica,Django Reinhardt,,Vol. 07 - Integrale (1937-1938)
JAZz,B - Big Band-Swing,Bélgica,Django Reinhardt,,Vol. 08 - Integrale (1938-1939)
JAZz,B - Big Band-Swing,Bélgica,Django Reinhardt,,Vol. 09 - Integrale (1939-1940)
JAZz,B - Big Band-Swing,Bélgica,Django Reinhardt,,Vol. 10 - Intregale (1940)
JAZz,B - Big Band-Swing,Bélgica,Django Reinhardt,,Vol. 11 - Integrale (1940-1942)
JAZz,B - Big Band-Swing,Bélgica,Django Reinhardt,,Vol. 12 - Integrale (1943-1945)
JAZz,B - Big Band-Swing,Bélgica,Django Reinhardt,,Vol. 13 - Integrale (1946-1947)
JAZz,B - Big Band-Swing,Bélgica,Django Reinhardt,,Vol. 14 - Integrale (1947)
JAZz,B - Big Band-Swing,Bélgica,Django Reinhardt,,Vol. 15 - Integrale (1947)
JAZz,B - Big Band-Swing,Bélgica,Django Reinhardt,,Vol. 16 - Integrale (1948)
JAZz,B - Big Band-Swing,Bélgica,Django Reinhardt,,Vol. 17 - Integrale (1949)
JAZz,B - Big Band-Swing,Bélgica,Django Reinhardt,,Vol. 18 - Integrale (1949-1950)
JAZz,B - Big Band-Swing,Bélgica,Django Reinhardt,,Vol. 19 - Integrale (1950-1952)
JAZz,B - Big Band-Swing,Bélgica,Django Reinhardt,,Vol. 20 - Integrale (1953)
JAZz,B - Big Band-Swing,Bélgica,Django Reinhardt,1997,Disco Regalo Francia
JAZz,B - Big Band-Swing,Bélgica,Django Reinhardt,2002,The Gold Collection
JAZz,B - Big Band-Swing,EEUU,Duke Ellington - (Piano),1950,Great Times! Piano Duets with Billy Strayhorn [1984]
JAZz,B - Big Band-Swing,EEUU,Duke Ellington - (Piano),1958,"Black, Brown And Beige (Feat. Mahalia Jackson)  [1999]"
JAZz,B - Big Band-Swing,EEUU,Duke Ellington - (Piano),1959,"Jazz Party (with Dizzy Gillespie, Johnny Hodges, Jimmy Rushing And Jimmy Jones)"
JAZz,B - Big Band-Swing,EEUU,Duke Ellington - (Piano),1962,Duke Ellington & John Coltrane
JAZz,B - Big Band-Swing,EEUU,Duke Ellington - (Piano),1962,"Money Jungle (Max Roach, Charlie Mingus)"
JAZz,B - Big Band-Swing,EEUU,Fats Waller,1987,The Joint is Jumpin' (1929-43 RCA)
JAZz,B - Big Band-Swing,EEUU,Fats Waller,1995,"Breakin' the Ice, Early Years I (1934-35 RCA)"
JAZz,B - Big Band-Swing,EEUU,Fats Waller,1995,The Early Years Part Ii (1935-36 ) (RCA)
JAZz,B - Big Band-Swing,EEUU,Fats Waller,2003,Ain´t Misbehavin´
JAZz,B - Big Band-Swing,EEUU,Fats Waller,2004,Stomp&Fractious Fingering (Classic Jazz Music)
JAZz,B - Big Band-Swing,EEUU,Fletcher Henderson (Orch),1990,Chronogical Classics (1931)
JAZz,B - Big Band-Swing,EEUU,Fletcher Henderson (Orch),1990,Chronogical Classics (1937-1938)
JAZz,B - Big Band-Swing,EEUU,Fletcher Henderson (Orch),1994,The Fletcher  Henderson Story (1923-38) [Co]
JAZz,B - Big Band-Swing,EEUU,Frank Sinatra (Vocal),1955,In The Wee Small Hours
JAZz,B - Big Band-Swing,EEUU,Frank Sinatra (Vocal),1955,Songs For Swingin' Lovers
JAZz,B - Big Band-Swing,EEUU,Frank Sinatra (Vocal),1956,A Swingin' Affair!
JAZz,B - Big Band-Swing,Jamaica,Glen Miller (Trombone),1991,The Complete Glenn Miller And His Orchestra (1938 - 1942)
JAZz,B - Big Band-Swing,Jamaica,Glen Miller (Trombone),1994,Giants of Jazz - Disc 024 - Glenn Miller - Big Band Bash
JAZz,B - Big Band-Swing,EEUU,Ida Cox (Vocal),1961,Blues For Rampart Street (Coleman Hawkins)
JAZz,B - Big Band-Swing,EEUU,Ida Cox (Vocal),1997,"Complete Recorded Works, Vol 1 (1923)"
JAZz,B - Big Band-Swing,EEUU,Ida Cox (Vocal),2000,"Complete Recorded Works, Vol 5 (1939-40)"
JAZz,B - Big Band-Swing,EEUU,Jimmie Lunceford (Orch),1990,Chronogical Classics - 1930-1934 [Cronogical 501]
JAZz,B - Big Band-Swing,EEUU,Jimmie Lunceford (Orch),1994,For Dancers Only (1935-37 Decca)
JAZz,B - Big Band-Swing,EEUU,Jimmy Rushing (vocal),1959,Rushing Lullabies
JAZz,B - Big Band-Swing,EEUU,Jimmy Rushing (vocal),1971,The You And Me That Used To Be
JAZz,B - Big Band-Swing,EEUU,Johnny Hodges (Alto Sax),,199X - Giants of Jazz - Disc 171 - Johnny Hodges - Passion Flower
JAZz,B - Big Band-Swing,EEUU,Johnny Hodges (Alto Sax),1959,Side by Side (RE 1986 Verve) (Duke Ellington & Johnny Hodges)
JAZz,B - Big Band-Swing,EEUU,Johnny Hodges (Alto Sax),1962,Johnny Hodges with Billy Strayhorn and The Orchestra
JAZz,B - Big Band-Swing,EEUU,Johnny Hodges (Alto Sax),1983,Everybody Knows Johnny Hodges
JAZz,B - Big Band-Swing,EEUU,Johnny Hodges (Alto Sax),1994,Verve Jazz Masters 35
JAZz,B - Big Band-Swing,EEUU,King Oliver,1996,King Oliver's Jazz Band - 1923-1926
JAZz,B - Big Band-Swing,EEUU,King Oliver,1997,King Oliver's Creole Jazz Band - The Complete Set
JAZz,B - Big Band-Swing,EEUU,King Oliver,2007,Off the Record (1923 Compilation)
JAZz,B - Big Band-Swing,EEUU,Lena Horne (Vocal),1977,Jazz Master - Lena Horne - Lennie Hayton & Marty Paich Orchestra [Co]
JAZz,B - Big Band-Swing,EEUU,Lena Horne (Vocal),2004,Ev'ry Time We Say Goodbye [Compilation]
JAZz,B - Big Band-Swing,EEUU,Lester Young (Sax),,19XX - Giants of Jazz - Disc 073 - Lester Young - Lester Young 1943-1947
JAZz,B - Big Band-Swing,EEUU,Lester Young (Sax),,19XX - Giants of Jazz - Disc 193 - Lester Young - 1950-1958
JAZz,B - Big Band-Swing,EEUU,Lester Young (Sax),1955,Pres and Sweets (& Harry Sweets Edison)
JAZz,B - Big Band-Swing,EEUU,Lester Young (Sax),1956,Lester Young Trio With Nat King Cole And Buddy Rich
JAZz,B - Big Band-Swing,EEUU,Lester Young (Sax),1994,Verve Jazz Masters 30 (1943-56)
JAZz,B - Big Band-Swing,EEUU,Lester Young (Sax),1995,The complete Aladdin recordings (1942-47)
JAZz,B - Big Band-Swing,EEUU,Lionel Hampton (Vibraphonist),1994,Verve Jazz Masters 26 Lionel Hampton & Oscar Peterson
JAZz,B - Big Band-Swing,EEUU,Lionel Hampton (Vibraphonist),2005,The Gold Collection
JAZz,B - Big Band-Swing,EEUU,Louis Jordan (Sax),,Louis Jordan and his Tympany Five - Greatest Hits
JAZz,B - Big Band-Swing,EEUU,Louis Jordan (Sax),,"Louis Jordan and his Tympany Five - more hits, more rarities"
JAZz,B - Big Band-Swing,EEUU,Louis Jordan (Sax),1989,Rock 'N' Roll [Recorded 1956-57]
JAZz,B - Big Band-Swing,EEUU,Louis Jordan (Sax),1992,Caledonia (The Blues Collection #28)
JAZz,B - Big Band-Swing,EEUU,Louis Jordan (Sax),1992,One Guy Named Louis (The Complete Aladdin Sessions)
JAZz,B - Big Band-Swing,EEUU,Mel Tormé (Vocal ),1978,Together Again (Mel Torme & Buddy Rich)  [MFSL UDCD 592]
JAZz,B - Big Band-Swing,EEUU,Mel Tormé (Vocal ),1982,"The Classic Concert Live (Mel Torme, Gerry Mulligan and George Shearing) (2005)"
JAZz,B - Big Band-Swing,EEUU,Nat King Cole Trio,1956,The Complete After Midnight Sessions [1987]
JAZz,B - Big Band-Swing,EEUU,Paul Whiteman (Violin),1955,Paul Whiteman Orch. & Bix Beiderbecke & Frankie Trumbauer (1920-1928)
JAZz,B - Big Band-Swing,EEUU,Sir Charles Thompson (Piano),1974,Hey There [Co]
JAZz,B - Big Band-Swing,EEUU,Sister Rosetta Tharpe (Vocal),2005,The Original Soul Sister (1938-'49) Box Set 4CD
JAZz,B - Big Band-Swing,EEUU,Stan Kenton (Orch),1999,Giants Of Jazz - Disc 109  - Intermission Riff 1952 - 1956
JAZz,B - Big Band-Swing,EEUU,The Andrews Sisters (Vocal),,Andrew Sisters Misc
JAZz,B - Big Band-Swing,EEUU,The Andrews Sisters (Vocal),,Cliff Richards - 40 Golden Greats mp3+cover
JAZz,B - Big Band-Swing,EEUU,The Andrews Sisters (Vocal),1973,Boogie Woogie Bugle Girls (Compilation)
JAZz,B - Big Band-Swing,EEUU,The Andrews Sisters (Vocal),2000,The best of (Millennium Collection)
JAZz,B - Big Band-Swing,EEUU,Willie 'The Lion' Smith (Piano),1965,A Legend [Compilation]
JAZz,B - Big Band-Swing,EEUU,Willie 'The Lion' Smith (Piano),1992,Willie The Lion Smith - 1937-1938 [CLASSICS 677]
JAZz,C - BeBop,EEUU,Al Cohn (Sax),1956,Tenor Conclave (1990) - Hank Mobley Al Cohn John Coltrane Zoot Sims
JAZz,C - BeBop,EEUU,Al Cohn (Sax),1962,Mission To Moscow [Zoot Sims & Phil Woods ]
JAZz,C - BeBop,EEUU,Al Cohn (Sax),2007,Mosaic Select 027 (Joe Newman & Freddie Green)
JAZz,C - BeBop,EEUU,Art Blakey - (Drums),,19XX - Jazz Messengers Live At Cafe Bohemia (Blakey Horace Silver Doug Watkins Kenny Dorham Hank Mobley)
JAZz,C - BeBop,EEUU,Art Blakey - (Drums),1954,A Night At Birdland
JAZz,C - BeBop,EEUU,Art Blakey - (Drums),1964,Art Blakey and the Jazz Messengers - Free For All
JAZz,C - BeBop,EEUU,Bill Evans - (Piano),1960,Portrait In Jazz - With Scott LaFaro & Paul Motian
JAZz,C - BeBop,EEUU,Bill Evans - (Piano),1961,Explorations - With Scott Lafaro & Paul Motian
JAZz,C - BeBop,EEUU,Bill Evans - (Piano),1961,The Complete Live At Village Vanguard - With Scott LaFaro & Paul Motian
JAZz,C - BeBop,EEUU,Bill Evans - (Piano),1974,But Beautiful (Bill Evans Trio & Stan Getz)
JAZz,C - BeBop,EEUU,Bill Evans - (Piano),1978,Affinity - With Toots Thielemans
JAZz,C - BeBop,EEUU,Bill Evans - (Piano),1990,Bill Evans Trio - Waltz for Debby (1961)
JAZz,C - BeBop,EEUU,Bob Dorough (Vocal),1956,Devil May Care (RE 2000)
JAZz,C - BeBop,EEUU,Bud Powell (Piano),1951,Jazz Giant
JAZz,C - BeBop,EEUU,Bud Powell (Piano),1957,Bud Plays Bird [The Blue Note Collection]
JAZz,C - BeBop,EEUU,Bud Powell (Piano),1958,Time Waits [RE 1999] [RVG]
JAZz,C - BeBop,EEUU,Bud Powell (Piano),1961,A Tribute To Cannonball (RE 2000) [and Don Byas ]
JAZz,C - BeBop,EEUU,Bud Powell (Piano),1998,Giants of Jazz - Disc 075 - Bud Powell - Celia - (1947-1957)
JAZz,C - BeBop,EEUU,Bud Powell (Piano),2001,The Amazing Bud Powell (1949-57)
JAZz,C - BeBop,EEUU,Cannonball Adderley (Alto Sax),1955,Adderley Brothers - The Savoy Recordings [RE 2006]
JAZz,C - BeBop,EEUU,Cannonball Adderley (Alto Sax),1958,Somethin' Else (MFSL UDCD563)
JAZz,C - BeBop,EEUU,Cannonball Adderley (Alto Sax),1959,Cannonball Adderley Quintet In Chicago (with John Coltrane)
JAZz,C - BeBop,EEUU,Cannonball Adderley (Alto Sax),1959,Takes Charge (RE 1987)
JAZz,C - BeBop,EEUU,Cannonball Adderley (Alto Sax),1961,Cannonball Adderley Quintet Plus (1987 OJC)
JAZz,C - BeBop,EEUU,Cannonball Adderley (Alto Sax),1963,Nippon Soul [1990 RE]
JAZz,C - BeBop,EEUU,Cannonball Adderley (Alto Sax),1966,"Mercy, Mercy, Mercy! Live at  The Club [1995 RE]"
JAZz,C - BeBop,EEUU,Cannonball Adderley (Alto Sax),1995,Sophisticated Swing-The Emarcy Small Group Sessions (1956-58)
JAZz,C - BeBop,EEUU,Charles Mingus - (Bass),1950,Mingus Dynasty
JAZz,C - BeBop,EEUU,Charles Mingus - (Bass),1954,Giants Of Jazz - Pithecanthropus Erectus (1955-57) [1999]
JAZz,C - BeBop,EEUU,Charles Mingus - (Bass),1954,Jazz Composers Workshop
JAZz,C - BeBop,EEUU,Charles Mingus - (Bass),1956,Mingus At The Bohemia
JAZz,C - BeBop,EEUU,Charles Mingus - (Bass),1956,Pithecanthropus Erectus
JAZz,C - BeBop,EEUU,Charles Mingus - (Bass),1957,East Coasting
JAZz,C - BeBop,EEUU,Charles Mingus - (Bass),1957,The Clown
JAZz,C - BeBop,EEUU,Charles Mingus - (Bass),1959,Ah Um
JAZz,C - BeBop,EEUU,Charles Mingus - (Bass),1959,Blues And Roots
JAZz,C - BeBop,EEUU,Charles Mingus - (Bass),1959,Mingus in Wonderland
JAZz,C - BeBop,EEUU,Charles Mingus - (Bass),1960,Mingus At Antibes
JAZz,C - BeBop,EEUU,Charles Mingus - (Bass),1960,Mysterious Blues
JAZz,C - BeBop,EEUU,Charles Mingus - (Bass),1960,Presents Charles Mingus
JAZz,C - BeBop,EEUU,Charles Mingus - (Bass),1960,The Complete Candid Recordings [RE 1985]
JAZz,C - BeBop,EEUU,Charles Mingus - (Bass),1962,Tijuana Moods (Expanded) [RE 2001]
JAZz,C - BeBop,EEUU,Charles Mingus - (Bass),1963,The Black Saint And The Sinner Lady (RE 1995 Impulse)
JAZz,C - BeBop,EEUU,Charles Mingus - (Bass),1974,Mingus At Carnegie Hall
JAZz,C - BeBop,EEUU,Charles Mingus - (Bass),1997,Passions of a Man - The Complete Atlantic Recordings (1956-1961)
JAZz,C - BeBop,EEUU,Charlie Byrd (Guitar),1982,Great Guitars - At Charlie's George town (Charlie Byrd Barney Kessel & Herb Ellis )
JAZz,C - BeBop,EEUU,Charlie Parker (Sax),1950,'Bird & Diz' [1986]
JAZz,C - BeBop,EEUU,Charlie Parker (Sax),1950,'Bird & Fats' (& Fats Navarro)( Live at Birdland)
JAZz,C - BeBop,EEUU,Charlie Parker (Sax),2000,Legendary Savoy Sessions ( & Miles Davis) (Bluebird)
JAZz,C - BeBop,EEUU,Charlie Rouse (Sax),1960,Takin' Care Of Business (1990)
JAZz,C - BeBop,EEUU,Charlie Rouse (Sax),1965,Bossa Nova Bacchanal (RE 2003)
JAZz,C - BeBop,EEUU,Charlie Rouse (Sax),1988,Soul Mates (1995)
JAZz,C - BeBop,EEUU,Clark Terry (Trumpet),1955,Clark Terry (RE 1997) FLAC
JAZz,C - BeBop,EEUU,Clark Terry (Trumpet),1988,Portraits (RE 2004)
JAZz,C - BeBop,EEUU,Clark Terry (Trumpet),1992,"Straight, No Chaser (With Wes Montgomery) (FLAC)"
JAZz,C - BeBop,EEUU,Clark Terry (Trumpet),2000,One On One
JAZz,C - BeBop,EEUU,Clifford Brown - (Trumpet),1954,Jazz Immortal [RE 2001 RVG]
JAZz,C - BeBop,EEUU,Clifford Brown - (Trumpet),1955,Clifford Brown and Max Roach
JAZz,C - BeBop,EEUU,Dexter Gordon (Sax),1955,Blows Hot and Cool (RE 1987)
JAZz,C - BeBop,EEUU,Dexter Gordon (Sax),1962,Go!
JAZz,C - BeBop,EEUU,Dexter Gordon (Sax),1963,Our man in Paris
JAZz,C - BeBop,EEUU,Dexter Gordon (Sax),1965,Clubhouse [2006 RVG edition]
JAZz,C - BeBop,EEUU,Dexter Gordon (Sax),1970,The Chase (RE 1996 Prestige) Gene Ammons & Dexter Gordon
JAZz,C - BeBop,EEUU,Dexter Gordon (Sax),1996,The Complete Blue Note Sixties Sessions
JAZz,C - BeBop,EEUU,Dexter Gordon (Sax),1998,Giants of Jazz - Disc 065 - Dexter Gordon Quartet 1955-1967
JAZz,C - BeBop,EEUU,Dizzy Gillespie - (Trumpet),1977,Free Ride (& Lalo Schifrin )
JAZz,C - BeBop,EEUU,Dizzy Gillespie - (Trumpet),1992,To Bird With Love ('Live at Blue Note')
JAZz,C - BeBop,EEUU,Ella Fitzgerald - (Vocals),1957,Ella And Louis Again
JAZz,C - BeBop,EEUU,Ella Fitzgerald - (Vocals),1957,Porgy & Bess
JAZz,C - BeBop,EEUU,Ella Fitzgerald - (Vocals),1997,The Complete Ella And Louis On Verve
JAZz,C - BeBop,EEUU,Ella Fitzgerald - (Vocals),2000,The Very Best of Ella Fitzgerald (1936-41)
JAZz,C - BeBop,EEUU,Fats Navarro (Trumpet),1948,Our Delight
JAZz,C - BeBop,EEUU,Fats Navarro (Trumpet),1995,"The Complete Blue Note and Capitol Recordings (TADD DAMERON, 1947)"
JAZz,C - BeBop,EEUU,Frank Morgan (Sax),1989,Reflections
JAZz,C - BeBop,EEUU,Freddie Hubbard - (Trumpet),1960,Open Sesame
JAZz,C - BeBop,EEUU,Freddie Hubbard - (Trumpet),1962,Here To Stay
JAZz,C - BeBop,EEUU,Freddie Hubbard - (Trumpet),1964,Breaking Point (2004)
JAZz,C - BeBop,EEUU,Freddie Hubbard - (Trumpet),1969,The Black Angel
JAZz,C - BeBop,EEUU,Freddie Hubbard - (Trumpet),1985,Double Take (Woody Shaw)
JAZz,C - BeBop,EEUU,Gene Ammons - (Saxophone),1956,The Happy Blues [OJC CD013-2] (1991)
JAZz,C - BeBop,EEUU,Gene Ammons - (Saxophone),1958,The Big Sound [OJC CD651-2] (1991)
JAZz,C - BeBop,EEUU,Gene Ammons - (Saxophone),1960,Angel Eyes
JAZz,C - BeBop,EEUU,Gene Ammons - (Saxophone),1974,Goodbye
JAZz,C - BeBop,Reino Unido,George Shearing (Piano),1957,The Shearing Piano
JAZz,C - BeBop,Reino Unido,George Shearing (Piano),1961,Lullaby of Birdland
JAZz,C - BeBop,Reino Unido,George Shearing (Piano),1989,In Dixieland
JAZz,C - BeBop,Reino Unido,George Shearing (Piano),2000,Reflections
JAZz,C - BeBop,Reino Unido,George Shearing (Piano),2001,Back To Birdland
JAZz,C - BeBop,EEUU,Gil Evans (Piano),1960,Out of The Cool (RE 1987)
JAZz,C - BeBop,EEUU,Gil Evans (Piano),1964,The Individualism of Gil Evans (RE 1988)
JAZz,C - BeBop,EEUU,Gil Evans (Piano),1977,Priestess (RE 1983
JAZz,C - BeBop,EEUU,Gil Evans (Piano),1999,Giants of Jazz - Disc 158 - Gil Evans Orchestra
JAZz,C - BeBop,EEUU,Hank Jones (Piano),1995,Steal Away Feat. Charlie Haden (Verve)
JAZz,C - BeBop,EEUU,Hank Jones (Piano),2006,Umbria Jazz - Hank Jones Trio - Feat. Roberta Gambarini
JAZz,C - BeBop,EEUU,Hank Jones (Piano),2012,Come Sunday - Feat. Charllie Haden
JAZz,C - BeBop,EEUU,Herb Ellis - (Guitar),,19Xx - Herb Ellis Meets Jimmy Giuffre
JAZz,C - BeBop,EEUU,Herb Ellis - (Guitar),1958,Nothing But The Blues
JAZz,C - BeBop,EEUU,Herb Ellis - (Guitar),1973,Seven Come Eleven (& Joe Pass)
JAZz,C - BeBop,EEUU,Herb Ellis - (Guitar),1974,Two For The Road (& Joe Pass)
JAZz,C - BeBop,EEUU,Howard McGhee (Trumpet),1953,Introducing the Kenny Drew Trio [1998]
JAZz,C - BeBop,EEUU,J.J. Johnson - (Trombone),1998,The Eminent (1952) Vol 1
JAZz,C - BeBop,EEUU,J.J. Johnson - (Trombone),2001,The Eminent (1954) Vol 2
JAZz,C - BeBop,EEUU,Joe Pass (Guitar),1973,Virtuoso
JAZz,C - BeBop,EEUU,Joe Pass (Guitar),1976,Porgy And Bess (& Oscar Peterson)
JAZz,C - BeBop,EEUU,John Lewis (Piano),1979,Piano Play House (& Hank Jones)
JAZz,C - BeBop,EEUU,Keith Jarrett - (Piano),1985,Standards vol. 1
JAZz,C - BeBop,EEUU,Keith Jarrett - (Piano),1985,Standards vol. 2
JAZz,C - BeBop,EEUU,Keith Jarrett - (Piano),1986,Still Live
JAZz,C - BeBop,EEUU,Keith Jarrett - (Piano),1993,Bye Bye Blackbird
JAZz,C - BeBop,EEUU,Kenny Burrell - (Guitar),1959,A Night At The Vanguard [1990 JAPON RE]
JAZz,C - BeBop,EEUU,Kenny Burrell - (Guitar),1962,"Bluesy Burrell (1992, Prestige)"
JAZz,C - BeBop,EEUU,Kenny Burrell - (Guitar),1963,Midnight Blue
JAZz,C - BeBop,EEUU,Kenny Burrell - (Guitar),1985,Time Out Of Mind [Kenny.Burrell.&.Grover.Washington.Jr]
JAZz,C - BeBop,EEUU,Kenny Dorham (Trumpet),1955,Afro Cuban (RE 2007 RVG)
JAZz,C - BeBop,EEUU,Kenny Dorham (Trumpet),1963,Una Mas (RE 1999)
JAZz,C - BeBop,EEUU,Kenny Dorham (Trumpet),1964,Trompete Toccata (RE 2006[ {RVG}
JAZz,C - BeBop,EEUU,Kenny Dorham (Trumpet),2007,Kenny Dorham Quintet with Jackie McLean - Complete Recordings (1961-62)
JAZz,C - BeBop,EEUU,Lou Donaldson - (Alto Sax),1958,Blues Walk
JAZz,C - BeBop,EEUU,Lou Donaldson - (Alto Sax),1967,Alligator Boogaloo [Blue Note]
JAZz,C - BeBop,EEUU,Lou Donaldson - (Alto Sax),1999,A man with a horn (1961)
JAZz,C - BeBop,EEUU,Lou Donaldson - (Alto Sax),2003,The Natural Soul (1962)
JAZz,C - BeBop,EEUU,Marty Paich (Orch),,19Xx - Giants of Jazz - Disc 251 - (1954-59)
JAZz,C - BeBop,EEUU,Max Roach (Drums),1960,We Insist (Freedom Now Suite)
JAZz,C - BeBop,EEUU,Max Roach (Drums),2006,Complete Studio Recordings - Max Roach Quintet - Kenny Dorham - Sonny Rollins
JAZz,C - BeBop,EEUU,Milt Jackson (Vibraphonist),1958,Bean Bags. Feat. Kenny Burrell & Tommy Flanagan
JAZz,C - BeBop,Suecia,Monica Zetterlund (Vocal),1996,The Lost Tapes at Bell Sound Studios NYC
JAZz,C - BeBop,EEUU,Nina Simone (Vocal),2003,Anthology
JAZz,C - BeBop,Canada,Oscar Peterson (Piano),1992,Last Call At Blue Note
JAZz,C - BeBop,Canada,Oscar Peterson (Piano),1995,The More I See You Telarc
JAZz,C - BeBop,EEUU,Quincy Jones (Trumpet),1964,Explores The Music Of Henry Mancini (RE 2009)
JAZz,C - BeBop,EEUU,Quincy Jones (Trumpet),2010,Q Soul Bossa Nostra
JAZz,C - BeBop,EEUU,Ray Bryant (Piano),1957,Ray Bryant Trio
JAZz,C - BeBop,EEUU,Ray Bryant (Piano),1958,Alone with the Blues
JAZz,C - BeBop,EEUU,Roy Haynes (Drums),1958,"We Three (Phineas Newborn Jr , Paul Chambers )"
JAZz,C - BeBop,EEUU,Roy Haynes (Drums),1963,Cracklin' (with Booker Ervin ) (1994)
JAZz,C - BeBop,EEUU,Roy Haynes (Drums),2003,Love Letters
JAZz,C - BeBop,EEUU,Sarah Vaughan - (Vocals),1954,"Sarah Vaughan With Clifford Brown, Jimmy Jones Emarcy"
JAZz,C - BeBop,EEUU,Sonny Rollins - (Saxophone),1951,Sonny Rollins with the Modern Jazz Quartet (RE 1988)
JAZz,C - BeBop,EEUU,Sonny Rollins - (Saxophone),1954,Movin' Out [RE]
JAZz,C - BeBop,EEUU,Sonny Rollins - (Saxophone),1957,Way Out West (2010 remaster)
JAZz,C - BeBop,EEUU,Sonny Rollins - (Saxophone),1963,Sonny Meets Hawks!
JAZz,C - BeBop,EEUU,Sonny Rollins - (Saxophone),1964,Saxophone Colossus
JAZz,C - BeBop,EEUU,Tal Farlow (Guitar),1957,The Swinging Guitar of Tal Farlow
JAZz,C - BeBop,EEUU,Tal Farlow (Guitar),1976,A Sign Of The Times (& Ray Brown & Hank Jones)
JAZz,C - BeBop,EEUU,Tal Farlow (Guitar),1995,Verve Jazz Masters 41
JAZz,C - BeBop,EEUU,Tal Farlow (Guitar),1998,Giants of Jazz - Disc 247
JAZz,C - BeBop,Noruega,The Quintet,1953,Jazz at Massey Hall
JAZz,C - BeBop,EEUU,Thelonious Monk - (Piano),1957,At Carnegie Hall (Thelonious Monk Quartet with John Coltrane )
JAZz,C - BeBop,EEUU,Tommy Flanagan (Piano),1957,Overseas [1999]
JAZz,C - BeBop,EEUU,Tommy Flanagan (Piano),1957,"The Cats (John Coltrane, Kenny Burrell, Idrees Sulieman )"
JAZz,C - BeBop,EEUU,Tommy Flanagan (Piano),1977,Alone Too Long
JAZz,C - BeBop,EEUU,Tommy Flanagan (Piano),1977,Eclypso
JAZz,C - BeBop,EEUU,Tommy Flanagan (Piano),1978,"Something Borrowed, Something Blue"
JAZz,C - BeBop,EEUU,Tommy Flanagan (Piano),1982,Giant Steps
JAZz,C - BeBop,EEUU,Tommy Flanagan (Piano),1982,Thelonica
JAZz,C - BeBop,EEUU,Tommy Flanagan (Piano),1983,"The Trio (Tommy Flanagan, Ron Carter, Tony Williams )"
JAZz,C - BeBop,EEUU,Tommy Flanagan (Piano),1986,Nights At The Vanguard
JAZz,C - BeBop,EEUU,Tommy Flanagan (Piano),1990,Jazz Poet
JAZz,C - BeBop,EEUU,Tommy Flanagan (Piano),1991,Beyond the Blue Bird (& kenny Burrell )
JAZz,C - BeBop,EEUU,Tommy Flanagan (Piano),1993,Let's Play the Music of Thad Jones
JAZz,C - BeBop,EEUU,Tommy Flanagan (Piano),1997,Sea Changes
JAZz,C - BeBop,EEUU,Tommy Flanagan (Piano),1998,Sunset and the Mockingbird
JAZz,C - BeBop,Bélgica,Toots Thielemans,1956,Verve Jazz Masters 59
JAZz,C - BeBop,Bélgica,Toots Thielemans,1991,For My Lady (& Shirley Horn trio)
JAZz,C - BeBop,Bélgica,Toots Thielemans,2001,Blues pour Flirter (Jazz in Paris - Vol.17)
JAZz,C - BeBop,Bélgica,Toots Thielemans,2012,The Best Of
JAZz,C - BeBop,EEUU,Wardell Gray (Sax),1992,"Jazz West Coast Live - Hollywood Jazz, Vol. 1 (1947)"
JAZz,C - BeBop,EEUU,Wardell Gray (Sax),2000,The chase - Giants of Jazz - Disc 064
JAZz,C - BeBop,EEUU,Zoot Sims - (Saxophone),1977,If I'm Lucky (With Jimmy Rowles )
JAZz,D - Hard-Bop,EEUU,Andy Bey (Vocal),1996,"Ballads, Blues & Bey"
JAZz,D - Hard-Bop,EEUU,Andy Bey (Vocal),2007,Ain't Necessarily So [12th Street Records]
JAZz,D - Hard-Bop,EEUU,Benny Golson (Sax),1962,Just Jazz! (Dolphy Hubbard Shorter Fuller Evans Carter)
JAZz,D - Hard-Bop,EEUU,Benny Golson (Sax),1983,"This is for you, John (2000) (& Pharoah Sanders)"
JAZz,D - Hard-Bop,EEUU,Blue Mitchell (trumpet),1959,Blue Soul (1992 RE)
JAZz,D - Hard-Bop,EEUU,Blue Mitchell (trumpet),1964,The Thing To Do (2004 RE)
JAZz,D - Hard-Bop,EEUU,Blue Mitchell (trumpet),1966,Boss Horn (2004  RE)
JAZz,D - Hard-Bop,EEUU,Bobby Hutcherson (Vibraphone),1966,Happenings
JAZz,D - Hard-Bop,EEUU,Bobby Hutcherson (Vibraphone),1968,Patterns
JAZz,D - Hard-Bop,EEUU,Bobby Hutcherson (Vibraphone),1969,Now!
JAZz,D - Hard-Bop,EEUU,Bobby Hutcherson (Vibraphone),1970,San Francisco - Featuring Harold Land
JAZz,D - Hard-Bop,EEUU,Booker Ervin (Sax),1964,The Song Book (&Tommy Flanagan)
JAZz,D - Hard-Bop,,Cedar Wlaton (piano),,"Cedar Walton Trio, Quartet & Quintet - 1967 - Cedar! (FLAC, 1990 Remaster)"
JAZz,D - Hard-Bop,,Cedar Wlaton (piano),,"Cedar Walton-Hank Mobley Quintet - Breakthrough! (1972, 32 Jazz)"
JAZz,D - Hard-Bop,EEUU,Chick Corea (Piano),1973,Light as a Feather  (& Return to Forever)
JAZz,D - Hard-Bop,EEUU,Chick Corea (Piano),1976,My spanish heart
JAZz,D - Hard-Bop,EEUU,Chick Corea (Piano),1989,Akoustic Band
JAZz,D - Hard-Bop,EEUU,Chick Corea (Piano),1994,Expressions
JAZz,D - Hard-Bop,EEUU,Clifford Jordan (trumpet),1957,Blowing In From Chicago [Blue Note - RVG Edition 2003] (& John Gilmore)
JAZz,D - Hard-Bop,EEUU,Clifford Jordan (trumpet),1960,Spellbound
JAZz,D - Hard-Bop,EEUU,Clifford Jordan (trumpet),1961,Bearcat
JAZz,D - Hard-Bop,EEUU,Donald Byrd (Trumpet),1961,The Cat Walk
JAZz,D - Hard-Bop,EEUU,Donald Byrd (Trumpet),1966,Mustang! [Feat Hank Mobley & Mccoy Tyner]
JAZz,D - Hard-Bop,EEUU,Donald Byrd (Trumpet),1972,Black Byrd
JAZz,D - Hard-Bop,EEUU,Donald Byrd (Trumpet),1975,Places And Spaces
JAZz,D - Hard-Bop,EEUU,Dr. Lonnie Smith,1968,Think ! [Re-2005]
JAZz,D - Hard-Bop,EEUU,Dr. Lonnie Smith,1969,Turning Point
JAZz,D - Hard-Bop,EEUU,Dr. Lonnie Smith,1971,Mama Wailer
JAZz,D - Hard-Bop,EEUU,Eddie Higgins (Piano),2009,Essential Best (Eddie Higgins & Scott Hamilton & Ken Peplowski)
JAZz,D - Hard-Bop,EEUU,Frank Morgan (Sax),1995,"Love, Lost & Found (Telarc)"
JAZz,D - Hard-Bop,EEUU,George Benson (guitar),1964,The New Boss Guitar Of George Benson (& The Brother Jack McDuff Quartet)
JAZz,D - Hard-Bop,EEUU,George Benson (guitar),1973,Witchcraft
JAZz,D - Hard-Bop,EEUU,George Benson (guitar),1976,Breezin'
JAZz,D - Hard-Bop,EEUU,Gigi Gryce (Sax),2002,The Gigi Gryce-Donald Byrd Jazz Laboratory & The Cecil Taylor Quartet -At Newport (1957)
JAZz,D - Hard-Bop,EEUU,Grant Green (Guitar),1959,First Recordings (2007)
JAZz,D - Hard-Bop,EEUU,Grant Green (Guitar),1960,First Session (2002)
JAZz,D - Hard-Bop,EEUU,Grant Green (Guitar),1961,Grant's First Stand
JAZz,D - Hard-Bop,EEUU,Grant Green (Guitar),1961,Grantstand - With Yusef Lateef & Jack Mcduff
JAZz,D - Hard-Bop,EEUU,Grant Green (Guitar),1961,Green Street
JAZz,D - Hard-Bop,EEUU,Grant Green (Guitar),1961,Know What I Mean (with Cannonball Adderley)
JAZz,D - Hard-Bop,EEUU,Grant Green (Guitar),1961,Reaching Out
JAZz,D - Hard-Bop,EEUU,Grant Green (Guitar),1962,Born To Be Blue [Re 1989]
JAZz,D - Hard-Bop,EEUU,Grant Green (Guitar),1962,Feelin' the Spirit [RVG Edition]
JAZz,D - Hard-Bop,EEUU,Grant Green (Guitar),1962,Goin' West (2004)
JAZz,D - Hard-Bop,EEUU,Grant Green (Guitar),1962,The Latin Bit
JAZz,D - Hard-Bop,EEUU,Grant Green (Guitar),1963,Am I Blue (RVG Edition)
JAZz,D - Hard-Bop,EEUU,Grant Green (Guitar),1963,Blues For Lou (1999)
JAZz,D - Hard-Bop,EEUU,Grant Green (Guitar),1963,Idle Moments
JAZz,D - Hard-Bop,EEUU,Grant Green (Guitar),1964,Solid
JAZz,D - Hard-Bop,EEUU,Grant Green (Guitar),1964,Street of Dreams
JAZz,D - Hard-Bop,EEUU,Grant Green (Guitar),1964,Talkin' About!
JAZz,D - Hard-Bop,EEUU,Grant Green (Guitar),1965,His Majesty King Funk (With Donald Byrd)
JAZz,D - Hard-Bop,EEUU,Grant Green (Guitar),1965,I Want To Hold Your Hand (1997)
JAZz,D - Hard-Bop,EEUU,Grant Green (Guitar),1965,Matador
JAZz,D - Hard-Bop,EEUU,Grant Green (Guitar),1967,Iron City
JAZz,D - Hard-Bop,EEUU,Grant Green (Guitar),1969,Carryn' on
JAZz,D - Hard-Bop,EEUU,Grant Green (Guitar),1970,Alive! [Bonus Tracks]
JAZz,D - Hard-Bop,EEUU,Grant Green (Guitar),1970,Green is Beautiful
JAZz,D - Hard-Bop,EEUU,Grant Green (Guitar),1971,Shades Of Green
JAZz,D - Hard-Bop,EEUU,Grant Green (Guitar),1972,Live at the Lighthouse
JAZz,D - Hard-Bop,EEUU,Grant Green (Guitar),1976,Live At Club Mozambique (2006)
JAZz,D - Hard-Bop,EEUU,Grant Green (Guitar),1976,The Main Attraction [Re]
JAZz,D - Hard-Bop,EEUU,Grant Green (Guitar),1989,Blue Breakbeats [Co]
JAZz,D - Hard-Bop,EEUU,Grant Green (Guitar),1993,Street Funk & Jazz Grooves [Co]
JAZz,D - Hard-Bop,EEUU,Grant Green (Guitar),1997,The Complete Quartets With Sonny Clark (1961-62) [Co]
JAZz,D - Hard-Bop,EEUU,Grant Green (Guitar),1998,Standards [Co]
JAZz,D - Hard-Bop,EEUU,Grant Green (Guitar),2002,Ballads [Co]
JAZz,D - Hard-Bop,EEUU,Grant Green (Guitar),2002,Grant Green Jr - Introducing G.G
JAZz,D - Hard-Bop,EEUU,Grant Green (Guitar),2002,Retrospective (1961-66) [Co]
JAZz,D - Hard-Bop,EEUU,Hank Mobley (Sax),1956,Messages (Prestige)
JAZz,D - Hard-Bop,EEUU,Hank Mobley (Sax),1957,Hank Mobley Quintet [RVG 2008]
JAZz,D - Hard-Bop,EEUU,Hank Mobley (Sax),1960,Soul Station {1999 RVG Remaster}
JAZz,D - Hard-Bop,EEUU,Hank Mobley (Sax),1961,Workout
JAZz,D - Hard-Bop,EEUU,Hank Mobley (Sax),1966,A Slice Of The Top
JAZz,D - Hard-Bop,EEUU,Hank Mobley (Sax),1998,The Complete Blue Note Hank Mobley Fifties Sessions
JAZz,D - Hard-Bop,EEUU,Harold Land (Sax),1960,Harold Land In New York - Eastward Ho! (1990)
JAZz,D - Hard-Bop,EEUU,Harold Land (Sax),1960,West Coast Blues!
JAZz,D - Hard-Bop,EEUU,Helen Merrill (Vocal),1988,Collaboration Gil Evans
JAZz,D - Hard-Bop,EEUU,Helen Merrill (Vocal),1990,With Clifford Brown and Gil Evans
JAZz,D - Hard-Bop,EEUU,Herbie Hancock,1963,Inventions & Dimensions [Blue Note Reissued 2005]
JAZz,D - Hard-Bop,EEUU,Herbie Hancock,1964,Empyrean isles
JAZz,D - Hard-Bop,EEUU,Herbie Hancock,1965,Maiden Voyage
JAZz,D - Hard-Bop,EEUU,Herbie Hancock,1998,Gershwin's World
JAZz,D - Hard-Bop,EEUU,Herbie Hancock,2007,River 'The Joni Letters'
JAZz,D - Hard-Bop,EEUU,Herbie Mann,1959,Flautista
JAZz,D - Hard-Bop,EEUU,Herbie Mann,1961,Nirvana Album (& the Bill Evans trio)
JAZz,D - Hard-Bop,EEUU,Herbie Mann,1965,Recorded in Rio de Janeiro
JAZz,D - Hard-Bop,EEUU,Herbie Mann,1994,The Evolution Of Mann
JAZz,D - Hard-Bop,EEUU,Herbie Mann,1996,Verve Jazz Masters vol.56
JAZz,D - Hard-Bop,EEUU,Herbie Mann,2004,Beyond Brooklyn (& Phil Woods)
JAZz,D - Hard-Bop,Brazil,Hermeto Pascoal,1972,Hermeto
JAZz,D - Hard-Bop,EEUU,Horace Silver (piano),1954,Horace Silver & The Jazz Messengers Vol.1
JAZz,D - Hard-Bop,EEUU,Horace Silver (piano),1957,The Stylings of Silver
JAZz,D - Hard-Bop,EEUU,Horace Silver (piano),1958,Further Explorations by the Horace Silver Quintet
JAZz,D - Hard-Bop,EEUU,Horace Silver (piano),1959,Blowin' the Blues Away
JAZz,D - Hard-Bop,EEUU,Horace Silver (piano),1959,Finger Poppin' with the Horace Silver Quintet
JAZz,D - Hard-Bop,EEUU,Horace Silver (piano),1960,Horace-Scope ( RVG 2006)
JAZz,D - Hard-Bop,EEUU,Horace Silver (piano),1962,Paris Blues
JAZz,D - Hard-Bop,EEUU,Horace Silver (piano),1962,The Tokyo Blues
JAZz,D - Hard-Bop,EEUU,Horace Silver (piano),1964,Song For My Father
JAZz,D - Hard-Bop,EEUU,Horace Silver (piano),1965,The Cape Verdean Blues
JAZz,D - Hard-Bop,EEUU,Jackie McLean (Alto Sax),1967,New and Old Gospel - with Ornette Coleman
JAZz,D - Hard-Bop,EEUU,Jimmy Forrest (Tenor Sax),1958,Soul Street (& the Oliver Nelson Big Band)  (RE 1998)
JAZz,D - Hard-Bop,EEUU,Jimmy Smith (Organ),1957,"The Sounds of Jimmy Smith [2005, Compilation]"
JAZz,D - Hard-Bop,EEUU,Jimmy Smith (Organ),1960,Back At The Chicken Shack
JAZz,D - Hard-Bop,EEUU,Jimmy Smith (Organ),1960,Midnight Special [1993]
JAZz,D - Hard-Bop,EEUU,Jimmy Smith (Organ),1965,Organ Grinder Swing [2000]
JAZz,D - Hard-Bop,EEUU,Jimmy Smith (Organ),1994,Verve Jazz Masters 29  (Jimmy Smith)
JAZz,D - Hard-Bop,EEUU,Jimmy Smith (Organ),1996,All the way live (& eddie harris)
JAZz,D - Hard-Bop,EEUU,Joe Henderson (tenor sax),1963,Page One
JAZz,D - Hard-Bop,EEUU,Joe Lovano (Tenor Sax),2013,Cross Culture
JAZz,D - Hard-Bop,EEUU,Johnny 'Hammond' Smith (Organ),,XxXx - Johnny 'Hammond' Smith
JAZz,D - Hard-Bop,EEUU,Johnny 'Hammond' Smith (Organ),1959,That Good Feelin'
JAZz,D - Hard-Bop,EEUU,Johnny 'Hammond' Smith (Organ),1960,Talk That Talk
JAZz,D - Hard-Bop,EEUU,Johnny 'Hammond' Smith (Organ),1962,Black Coffee [Compilation]
JAZz,D - Hard-Bop,EEUU,Kenny Drew (Piano),1957,Pal Joey (1992 OJC)
JAZz,D - Hard-Bop,EEUU,Kenny Drew (Piano),1973,Duo 1 (Kenny Drew & Niels Pedersen) (1988)
JAZz,D - Hard-Bop,EEUU,Kenny Drew (Piano),1974,Duo 2 (Kenny Drew & Niels Pedersen) (1990)
JAZz,D - Hard-Bop,EEUU,Kenny Drew (Piano),2004,Piano Night [Co]
JAZz,D - Hard-Bop,EEUU,Lee Morgan (Trumpet),1957,Dizzy Athmosphere (& Wynton Kelly)
JAZz,D - Hard-Bop,EEUU,Lee Morgan (Trumpet),1962,Take Twelve - Barry Harris
JAZz,D - Hard-Bop,EEUU,Lee Morgan (Trumpet),1964,Search For The New Land (With Wayne Shorter Grant Green Herbie Hancock)
JAZz,D - Hard-Bop,EEUU,Lee Morgan (Trumpet),1965,Infinity
JAZz,D - Hard-Bop,EEUU,Mal Waldron (Piano),1994,Art of the Duo (with Jim Pepper)
JAZz,D - Hard-Bop,EEUU,Mal Waldron (Piano),1997,Soul Eyes
JAZz,D - Hard-Bop,EEUU,McCoy Tyner (Piano),1986,It's About Time - with Jackie McLean
JAZz,D - Hard-Bop,EEUU,McCoy Tyner (Piano),1987,"Blues For Coltrane (Roy Haynes, McCoy Tyner, Pharoah Sanders )"
JAZz,D - Hard-Bop,Jamaica,Monty Alexander (Piano),1982,Triple Treat Vol.1 (Ray Brown Herb Hellis)
JAZz,D - Hard-Bop,Jamaica,Monty Alexander (Piano),2003,Trio  Impressions in Blue [TELARC JaZZ]
JAZz,D - Hard-Bop,EEUU,Nat Adderley (Cornet),1961,Naturally!
JAZz,D - Hard-Bop,EEUU,Pat Martino (Guitar),1970,Desperado
JAZz,D - Hard-Bop,EEUU,Pat Martino (Guitar),2001,"Live at Yoshi's (& Joey DeFrancesco, Billy Hart)"
JAZz,D - Hard-Bop,EEUU,Pat Martino (Guitar),2006,Remember -Tribute To Wes Montgomery
JAZz,D - Hard-Bop,EEUU,Pat Martino (Guitar),2011,Undeniable
JAZz,D - Hard-Bop,EEUU,Red Garland (piano),1957,Groovy
JAZz,D - Hard-Bop,EEUU,Red Garland (piano),1957,High Pressure (RE 1989 OJC)
JAZz,D - Hard-Bop,EEUU,Red Garland (piano),1957,Red Garland's Piano (RE Prestige 2006 RVG)
JAZz,D - Hard-Bop,EEUU,Red Garland (piano),1958,Dig It! (Red Garland Quintet with John Coltrane)
JAZz,D - Hard-Bop,EEUU,Red Garland (piano),1958,Manteca (RE 1990)
JAZz,D - Hard-Bop,EEUU,Reuben Wilson (organ),1970,A Groovy Situation
JAZz,D - Hard-Bop,EEUU,Reuben Wilson (organ),1996,Organ Donor
JAZz,D - Hard-Bop,EEUU,Reuben Wilson (organ),2004,Boogaloo To The Beastie Boys [Compilation]
JAZz,D - Hard-Bop,EEUU,Ron Carter (Bass),1977,Piccolo
JAZz,D - Hard-Bop,EEUU,Ron Carter (Bass),2002,Stardust - With Benny Golson & Roland Hanna
JAZz,D - Hard-Bop,EEUU,Ron Carter (Bass),2008,Jazz & Bossa
JAZz,D - Hard-Bop,EEUU,Scott LaFaro (Bass),1961,Pieces of Jade
JAZz,D - Hard-Bop,Japón,Toshiko Akiyoshi (Piano),1954,The Toshiko Trio [1999 ]
JAZz,D - Hard-Bop,Japón,Toshiko Akiyoshi (Piano),1975,Tales of a courtesan (& Lew Tabackin Big Band)
JAZz,D - Hard-Bop,EEUU,Wayne Shorter (sax),1964,Speak No Evil
JAZz,D - Hard-Bop,EEUU,Wes Montgomery (guitar),1960,Incredible Jazz Guitar
JAZz,D - Hard-Bop,EEUU,Wes Montgomery (guitar),1965,'Round Midnight (Live in Paris)
JAZz,D - Hard-Bop,EEUU,Wes Montgomery (guitar),1995,"Wes Montgomery feat. Tommy Flanagan, Hank Jones, Percy Heath (GIANTS OF JAZZ)"
JAZz,D - Hard-Bop,EEUU,Wilbur Harden,1958,Africa - The Savoy Sessions (John Coltrane & Wilbur Harden).mp3
JAZz,D - Hard-Bop,EEUU,Wilbur Harden,1958,Countdown (the savoy sessions) (with John Coltrane)
JAZz,D - Hard-Bop,EEUU,Wilbur Harden,1958,The King And I (RE 1991)
JAZz,D - Hard-Bop,,Willis 'Gator' Jackson (sax),1973,Funky Reggae
JAZz,D - Hard-Bop,EEUU,Wynton Kelly Trio,1965,The Complete Smokin' at the Half Note (& Wes Montgomery)
JAZz,D - Hard-Bop,EEUU,Yusef Lateef,1957,The Sounds Of Yusef
JAZz,D - Hard-Bop,EEUU,Yusef Lateef,1960,Contemplation
JAZz,D - Hard-Bop,EEUU,Yusef Lateef,1961,Eastern Sounds (2006 RVG)
JAZz,D - Hard-Bop,EEUU,Yusef Lateef,1961,Into Something (Re 1991)
JAZz,D - Hard-Bop,EEUU,Yusef Lateef,1964,Live at Pep's
JAZz,D - Hard-Bop,EEUU,Yusef Lateef,1964,Live at Pep's Vol.2
JAZz,D - Hard-Bop,EEUU,Yusef Lateef,1966,The Golden Flute
JAZz,D - Hard-Bop,EEUU,Yusef Lateef,1969,The Blue Yusef Lateef
JAZz,D - Hard-Bop,EEUU,Yusef Lateef,1973,The Three Faces Of Yusef Lateef
JAZz,D - Hard-Bop,EEUU,Yusef Lateef,1989,Nocturnes
JAZz,D - Hard-Bop,EEUU,Yusef Lateef,1996,The African-American Epic Suite
JAZz,D - Hard-Bop,EEUU,Yusef Lateef,2008,Introducing [Co] (WCJ)
JAZz,Latin Jazz-World Fusion,,Afro Soultet,1960,Afrodesia (Luv N' Haight)
JAZz,Latin Jazz-World Fusion,Brazil,Airto Moreira (Percusion),1970,Natural Feelings
JAZz,Latin Jazz-World Fusion,Brazil,Airto Moreira (Percusion),1975,Identity
JAZz,Latin Jazz-World Fusion,Brazil,Airto Moreira (Percusion),1976,Promises Of The Sun
JAZz,Latin Jazz-World Fusion,Brazil,Airto Moreira (Percusion),1985,Three-Way Mirror
JAZz,Latin Jazz-World Fusion,EEUU,Al Di Meola (Guitar),1972,The Best of Al DiMeola (the Manhattan Years)
JAZz,Latin Jazz-World Fusion,EEUU,Al Di Meola (Guitar),1976,Land of the Midnight Sun
JAZz,Latin Jazz-World Fusion,EEUU,Al Di Meola (Guitar),1980,Friday Night In San Francisco (Mclaughlin - Al Di Meola - Paco De Lucia)
JAZz,Latin Jazz-World Fusion,EEUU,Al Di Meola (Guitar),1980,Splendido Hotel
JAZz,Latin Jazz-World Fusion,EEUU,Al Di Meola (Guitar),1990,Di Meola plays Piazzolla
JAZz,Latin Jazz-World Fusion,EEUU,Al Di Meola (Guitar),1996,Guitar Trio - Paco de Lucia-John McLaughlin-Al Di Meola
JAZz,Latin Jazz-World Fusion,EEUU,Al Di Meola (Guitar),2011,Pursuit of Radical Rhapsody
JAZz,Latin Jazz-World Fusion,EEUU,Al Di Meola (Guitar),2013,All Your Life
JAZz,Latin Jazz-World Fusion,Noruega,Arild Andersen (Bass),2014,Mira (Paolo Vinaccia & Tommy Smith)
JAZz,Latin Jazz-World Fusion,Alemania,Aziza Mustafa Zadeh (Piano),1995,Dance Of Fire
JAZz,Latin Jazz-World Fusion,Alemania,Aziza Mustafa Zadeh (Piano),1996,Seventh Truth
JAZz,Latin Jazz-World Fusion,Alemania,Aziza Mustafa Zadeh (Piano),1997,Jazziza
JAZz,Latin Jazz-World Fusion,Alemania,Aziza Mustafa Zadeh (Piano),2000,Inspiration - Colors & Reflections
JAZz,Latin Jazz-World Fusion,Alemania,Aziza Mustafa Zadeh (Piano),2002,Shamans
JAZz,Latin Jazz-World Fusion,Alemania,Aziza Mustafa Zadeh (Piano),2006,Contrasts
JAZz,Latin Jazz-World Fusion,Suiza,Billy Cobham (Drums),1973,Spectrum
JAZz,Latin Jazz-World Fusion,Suiza,Billy Cobham (Drums),1975,A Funky Thide Of Sings
JAZz,Latin Jazz-World Fusion,Suiza,Billy Cobham (Drums),2001,Drum & Voice - All that Groove [Compilation]
JAZz,Latin Jazz-World Fusion,Suiza,Billy Cobham (Drums),2001,The art of three (Ron Carter& Kenny Barron)
JAZz,Latin Jazz-World Fusion,Suiza,Billy Cobham (Drums),2006,Drum & Voice (Vol.2) [Compilation]
JAZz,Latin Jazz-World Fusion,España,Concha Buika (Vocal),2009,El Ultimo Trago
JAZz,Latin Jazz-World Fusion,España,Concha Buika (Vocal),2013,La noche mas larga
JAZz,Latin Jazz-World Fusion,Brazil,Eliane Elias (Piano),1985,Randy Brecker & Eliane Elias - Amanda
JAZz,Latin Jazz-World Fusion,Brazil,Eliane Elias (Piano),1986,Illusions
JAZz,Latin Jazz-World Fusion,Brazil,Eliane Elias (Piano),1989,Cross Currents
JAZz,Latin Jazz-World Fusion,Brazil,Eliane Elias (Piano),1989,Eliane Elias Plays Jobim
JAZz,Latin Jazz-World Fusion,Brazil,Eliane Elias (Piano),1989,So Far So Close
JAZz,Latin Jazz-World Fusion,Brazil,Eliane Elias (Piano),1991,A Long Story
JAZz,Latin Jazz-World Fusion,Brazil,Eliane Elias (Piano),1992,Fantasia
JAZz,Latin Jazz-World Fusion,Brazil,Eliane Elias (Piano),1993,Paulistana
JAZz,Latin Jazz-World Fusion,Brazil,Eliane Elias (Piano),1995,Solos And Duets
JAZz,Latin Jazz-World Fusion,Brazil,Eliane Elias (Piano),1997,The Three Americas
JAZz,Latin Jazz-World Fusion,Brazil,Eliane Elias (Piano),1998,Sings Jobim
JAZz,Latin Jazz-World Fusion,Brazil,Eliane Elias (Piano),2000,Everything I Love
JAZz,Latin Jazz-World Fusion,Brazil,Eliane Elias (Piano),2001,The Best Of Vol. 1 Originals
JAZz,Latin Jazz-World Fusion,Brazil,Eliane Elias (Piano),2002,Kissed By Nature
JAZz,Latin Jazz-World Fusion,Brazil,Eliane Elias (Piano),2003,Brazilian Classics
JAZz,Latin Jazz-World Fusion,Brazil,Eliane Elias (Piano),2004,Dreamer
JAZz,Latin Jazz-World Fusion,Brazil,Eliane Elias (Piano),2006,Around The City
JAZz,Latin Jazz-World Fusion,Brazil,Eliane Elias (Piano),2008,Bossa Nova Stories
JAZz,Latin Jazz-World Fusion,Brazil,Eliane Elias (Piano),2008,Eliane Elias Sings & Plays Bill Evans Something For You
JAZz,Latin Jazz-World Fusion,Brazil,Eliane Elias (Piano),2008,"Something for You, Eliane Elias Sings & Plays Bill Evans"
JAZz,Latin Jazz-World Fusion,Brazil,Eliane Elias (Piano),2011,Light My Fire
JAZz,Latin Jazz-World Fusion,Brazil,Eliane Elias (Piano),2012,Swept Away (Marc Johnson and Eliane Elias )
JAZz,Latin Jazz-World Fusion,Brazil,Eliane Elias (Piano),2013,I Thought About You [A Tribute To Chet Baker]
JAZz,Latin Jazz-World Fusion,EEUU,Gary Burton,1974,Hotel Hello (w⁄ Steve Swallow)
JAZz,Latin Jazz-World Fusion,EEUU,Gary Burton,1987,The New Tango
JAZz,Latin Jazz-World Fusion,EEUU,Gary Burton,2000,Libertango - The Music of Astor Piazzolla
JAZz,Latin Jazz-World Fusion,EEUU,Gary Burton,2008,The New Crystal Silence (w⁄ Chick Corea)
JAZz,Latin Jazz-World Fusion,EEUU,Gary Burton,2009,Quartet Live
JAZz,Latin Jazz-World Fusion,EEUU,Gary Burton,2011,Common Ground (The New Gary Burton Quartet )
JAZz,Latin Jazz-World Fusion,EEUU,Gary Burton,2012,Hot House (w⁄ Chick Corea)
JAZz,Latin Jazz-World Fusion,EEUU,Gary Burton,2013,Guided Tour (The New Gary Burton Quartet)
JAZz,Latin Jazz-World Fusion,EEUU,George Duke (Piano),2006,In A Mellow Tone
JAZz,Latin Jazz-World Fusion,EEUU,Howard Levy (Harmonica),,199X - Accoustic Express
JAZz,Latin Jazz-World Fusion,EEUU,Howard Levy (Harmonica),1986,Harmonica Jazz
JAZz,Latin Jazz-World Fusion,EEUU,Howard Levy (Harmonica),1994,Trio Globo
JAZz,Latin Jazz-World Fusion,Austria,Joe Zawinul (Piano),1965,Rise & Fall Of The Third Stream
JAZz,Latin Jazz-World Fusion,Austria,Joe Zawinul (Piano),1966,Money In the Pocket
JAZz,Latin Jazz-World Fusion,Austria,Joe Zawinul (Piano),1971,Zawinul
JAZz,Latin Jazz-World Fusion,Austria,Joe Zawinul (Piano),1986,Dialects
JAZz,Latin Jazz-World Fusion,Austria,Joe Zawinul (Piano),1988,The Immigrants
JAZz,Latin Jazz-World Fusion,Austria,Joe Zawinul (Piano),1989,Black Water
JAZz,Latin Jazz-World Fusion,Austria,Joe Zawinul (Piano),1992,Lost Tribes
JAZz,Latin Jazz-World Fusion,Austria,Joe Zawinul (Piano),1995,Stories Of The Danube
JAZz,Latin Jazz-World Fusion,Austria,Joe Zawinul (Piano),1996,My People
JAZz,Latin Jazz-World Fusion,Austria,Joe Zawinul (Piano),1998,World Tour
JAZz,Latin Jazz-World Fusion,Austria,Joe Zawinul (Piano),2002,Faces & Places
JAZz,Latin Jazz-World Fusion,Austria,Joe Zawinul (Piano),2005,Vienna Nights
JAZz,Latin Jazz-World Fusion,Austria,Joe Zawinul (Piano),2006,Brown Street
JAZz,Latin Jazz-World Fusion,Austria,Joe Zawinul (Piano),2006,Music for two pianos
JAZz,Latin Jazz-World Fusion,EEUU,John McLaughlin (Guitar),,- Mahavishnu Orchestra
JAZz,Latin Jazz-World Fusion,EEUU,John McLaughlin (Guitar),1973,Birds Of Fire [Mahavishnu Orchestra]
JAZz,Latin Jazz-World Fusion,EEUU,John McLaughlin (Guitar),1991,"Live- Jazzfest Berlin [John McLaughlin,Trilok Gurtu & Dominique di Piazza ]"
JAZz,Latin Jazz-World Fusion,EEUU,John McLaughlin (Guitar),1995,After the Rain
JAZz,Latin Jazz-World Fusion,EEUU,John McLaughlin (Guitar),1999,Remember Shakti - The Believer
JAZz,Latin Jazz-World Fusion,EEUU,John McLaughlin (Guitar),2012,Now Here This
JAZz,Latin Jazz-World Fusion,EEUU,Larry Young,1975,Larry Young's Fuel
JAZz,Latin Jazz-World Fusion,Reino Unido,Quercus,2013,Quercus
JAZz,Latin Jazz-World Fusion,EEUU,Spyro Gyra,1979,Morning Dance [Co]
JAZz,Latin Jazz-World Fusion,EEUU,Spyro Gyra,1993,Dreams Beyond Control
JAZz,Latin Jazz-World Fusion,EEUU,Spyro Gyra,2002,The Very Best of Spyro Gyra
JAZz,Latin Jazz-World Fusion,EEUU,Spyro Gyra,2006,Wrapped In A Dream
JAZz,Latin Jazz-World Fusion,EEUU,Spyro Gyra,2007,Good To Go Go
JAZz,Latin Jazz-World Fusion,EEUU,Spyro Gyra,2011,A Foreign Affair
JAZz,Latin Jazz-World Fusion,EEUU,Stan Getz (Tenor Sax),,- Night And Day
JAZz,Latin Jazz-World Fusion,EEUU,Stan Getz (Tenor Sax),1956,For Musicians Only (Stan Getz Dizzie Gillespie Sonny Stitt)
JAZz,Latin Jazz-World Fusion,EEUU,Stan Getz (Tenor Sax),1962,Jazz Samba [1994]
JAZz,Latin Jazz-World Fusion,EEUU,Stan Getz (Tenor Sax),1972,"Captain Marvel Feat Chick Corea, Airto Moreira"
JAZz,Latin Jazz-World Fusion,EEUU,Stan Getz (Tenor Sax),1992,People Time
JAZz,Latin Jazz-World Fusion,EEUU,Stanley Clarke (Bass),1995,The Rite of Strings (Al Di Meola & Jean-luc Ponty)
JAZz,Latin Jazz-World Fusion,,[Recopilaciones],,+Buda Musique
JAZz,Latin Jazz-World Fusion,Reino Unido,[Recopilaciones],,+Verve
JAZz,Latin Jazz-World Fusion,,[Recopilaciones],,A Night In Rio- A Bossanova Selection
JAZz,Latin Jazz-World Fusion,,[Recopilaciones],,The Bossa Nova -  Exciting Jazz Samba Rhythms
JAZz,Recopilaciones,,Jazz Piano History - 2006 (BoxSet - 20 CDs) mp3 VB,,Artwork JPG
JAZz,Recopilaciones,,Jazz Piano History - 2006 (BoxSet - 20 CDs) mp3 VB,,CD 01 [Ragtime]
JAZz,Recopilaciones,,Jazz Piano History - 2006 (BoxSet - 20 CDs) mp3 VB,,CD 02 [Harlem-Stride]
JAZz,Recopilaciones,,Jazz Piano History - 2006 (BoxSet - 20 CDs) mp3 VB,,CD 03 [Blues & Boogie]
JAZz,Recopilaciones,,Jazz Piano History - 2006 (BoxSet - 20 CDs) mp3 VB,,CD 04 [Blues & Boogie]
JAZz,Recopilaciones,,Jazz Piano History - 2006 (BoxSet - 20 CDs) mp3 VB,,CD 05 [Boogie Woogie]
JAZz,Recopilaciones,,Jazz Piano History - 2006 (BoxSet - 20 CDs) mp3 VB,,CD 06 [Chicago]
JAZz,Recopilaciones,,Jazz Piano History - 2006 (BoxSet - 20 CDs) mp3 VB,,CD 07 [New York]
JAZz,Recopilaciones,,Jazz Piano History - 2006 (BoxSet - 20 CDs) mp3 VB,,CD 08 [Swing]
JAZz,Recopilaciones,,Jazz Piano History - 2006 (BoxSet - 20 CDs) mp3 VB,,CD 09 [Swing]
JAZz,Recopilaciones,,Jazz Piano History - 2006 (BoxSet - 20 CDs) mp3 VB,,CD 10 [Swing]
JAZz,Recopilaciones,,Jazz Piano History - 2006 (BoxSet - 20 CDs) mp3 VB,,CD 11 [Kansas City]
JAZz,Recopilaciones,,Jazz Piano History - 2006 (BoxSet - 20 CDs) mp3 VB,,CD 12 [Be-Bop]
JAZz,Recopilaciones,,Jazz Piano History - 2006 (BoxSet - 20 CDs) mp3 VB,,CD 13 [Modern Jazz - Cool]
JAZz,Recopilaciones,,Jazz Piano History - 2006 (BoxSet - 20 CDs) mp3 VB,,CD 14 [Modern Jazz - West Coast]
JAZz,Recopilaciones,,Jazz Piano History - 2006 (BoxSet - 20 CDs) mp3 VB,,CD 15 [Modern Jazz - Hard Bop]
JAZz,Recopilaciones,,Jazz Piano History - 2006 (BoxSet - 20 CDs) mp3 VB,,CD 16 [Modern Jazz]
JAZz,Recopilaciones,,Jazz Piano History - 2006 (BoxSet - 20 CDs) mp3 VB,,CD 17 [Funk]
JAZz,Recopilaciones,,Jazz Piano History - 2006 (BoxSet - 20 CDs) mp3 VB,,CD 18 [Fusion • Introspection • Free]
JAZz,Recopilaciones,,Jazz Piano History - 2006 (BoxSet - 20 CDs) mp3 VB,,CD 19 [Jazz Rock]
JAZz,Recopilaciones,,Jazz Piano History - 2006 (BoxSet - 20 CDs) mp3 VB,,CD 20 [Contemporary]
JAZz,Today Mood,,,,Recopilaciones
JAZz,Today Mood,,Anat Cohen,,3 Cohens
JAZz,Today Mood,,Anat Cohen,2007,Noir
JAZz,Today Mood,,Anat Cohen,2007,Poetica
JAZz,Today Mood,,Anat Cohen,2008,Notes From The Village
JAZz,Today Mood,,Anat Cohen,2010,Clarinetwork Live At The Village Vanguard
JAZz,Today Mood,España,Antonio Serrano,2001,En El Central [& Joshua Edelman Trio]
JAZz,Today Mood,España,Antonio Serrano,2003,Fusion De Almas [+ Joshua Edelman]
JAZz,Today Mood,España,Antonio Serrano,2005,El corazon al sur [+ Jose Reinoso]
JAZz,Today Mood,España,Antonio Serrano,2007,Armonitango
JAZz,Today Mood,EEUU,Ben Sidran,1976,Thats Life I Guess
JAZz,Today Mood,EEUU,Ben Sidran,1977,The Doctor Is In
JAZz,Today Mood,EEUU,Ben Sidran,1992,Too Hot To Touch (Enivre D'Amour)
JAZz,Today Mood,EEUU,Ben Sidran,2008,Cien Noches
JAZz,Today Mood,EEUU,Ben Sidran,2009,Dylan Different
JAZz,Today Mood,EEUU,Ben Sidran,2012,Don't Cry For No Hipster
JAZz,Today Mood,EEUU,Ben Sidran,2014,Blue Camus
JAZz,Today Mood,EEUU,Bill Carrothers (Piano),2007,Keep Your Sunny Side Up
JAZz,Today Mood,EEUU,Bill Frisell (Guitar),2008,Hemispheres (Jim Hall)
JAZz,Today Mood,EEUU,Bill Frisell (Guitar),2010,Beautiful Dreamers
JAZz,Today Mood,EEUU,Bill Frisell (Guitar),2011,All We Are Saying
JAZz,Today Mood,EEUU,Bill Frisell (Guitar),2011,Lagrimas Mexicanas (And Vinicius Cantuaria )
JAZz,Today Mood,EEUU,Bill Frisell (Guitar),2013,Big Sur
JAZz,Today Mood,EEUU,Bill Frisell (Guitar),2013,Silent Comedy
JAZz,Today Mood,,Bingo Miki,1979,Montreux Cyclone
JAZz,Today Mood,Francia,Bireli Lagrene (Guitar),1980,Routes to DJANGO
JAZz,Today Mood,Francia,Bireli Lagrene (Guitar),1990,Acoustic Moments
JAZz,Today Mood,Francia,Bireli Lagrene (Guitar),1998,Blue Eyes
JAZz,Today Mood,Francia,Bireli Lagrene (Guitar),2001,Gipsy Project
JAZz,Today Mood,Francia,Bireli Lagrene (Guitar),2004,Jazz a Vienne
JAZz,Today Mood,EEUU,Bob James (Piano),1979,One On One  [& Earl Klugh ]
JAZz,Today Mood,EEUU,Bob James (Piano),1986,Double Vision [& David Sanborn ]
JAZz,Today Mood,EEUU,Bob James (Piano),1996,Straight Up [Bob.James.Trio]
JAZz,Today Mood,EEUU,Bob James (Piano),2001,Restoration - Best Of Bob James
JAZz,Today Mood,EEUU,Bobby McFerrin (vocal),,"19XX - Rarezas, rarities"
JAZz,Today Mood,EEUU,Bobby McFerrin (vocal),1984,The voice
JAZz,Today Mood,EEUU,Bobby McFerrin (vocal),1985,Spontaneous Inventions
JAZz,Today Mood,EEUU,Bobby McFerrin (vocal),1988,Simple Pleasures
JAZz,Today Mood,EEUU,Bobby McFerrin (vocal),1990,Play (& Chick Corea) (1996)
JAZz,Today Mood,EEUU,Bobby McFerrin (vocal),1991,Hush (&Yo-Yo Ma)
JAZz,Today Mood,EEUU,Bobby McFerrin (vocal),1995,Paper Music
JAZz,Today Mood,EEUU,Bobby McFerrin (vocal),1996,The Blue Note Years
JAZz,Today Mood,EEUU,Bobby McFerrin (vocal),1997,Circlesongs
JAZz,Today Mood,EEUU,Bobby McFerrin (vocal),2010,Vocabularies
JAZz,Today Mood,EEUU,Bobby McFerrin (vocal),2013,Spirityouall
JAZz,Today Mood,EEUU,Brad Mehldau,1998,The art of the trio Vol 3
JAZz,Today Mood,EEUU,Branford Marsalis (Sax),1986,Romances For Saxophone
JAZz,Today Mood,EEUU,Branford Marsalis (Sax),1999,Requiem - Branford Marsalis Quartet
JAZz,Today Mood,EEUU,Branford Marsalis (Sax),2004,Eternal - Branford Marsalis Quartet
JAZz,Today Mood,EEUU,Branford Marsalis (Sax),2009,Metamorphosen - Branford Marsalis Quartet
JAZz,Today Mood,EEUU,Branford Marsalis (Sax),2011,Songs of Mirth and Melancholy (and Joey Calderazzo )
JAZz,Today Mood,EEUU,Cassandra Wilson (Vocal),1985,Point Of View (RE 2001)
JAZz,Today Mood,EEUU,Cassandra Wilson (Vocal),1992,Dance To The Drums Again
JAZz,Today Mood,EEUU,Cassandra Wilson (Vocal),1993,Blue Light 'Til Dawn
JAZz,Today Mood,EEUU,Cassandra Wilson (Vocal),1995,New Moon Daughter
JAZz,Today Mood,EEUU,Cassandra Wilson (Vocal),2003,Glamoured
JAZz,Today Mood,EEUU,Cassandra Wilson (Vocal),2006,Thunderbird
JAZz,Today Mood,EEUU,Cassandra Wilson (Vocal),2010,Silver Pony
JAZz,Today Mood,EEUU,Cassandra Wilson (Vocal),2012,Another Country
JAZz,Today Mood,Francia,Cecile McLorin Salvant (Vocal),2013,WomanChild
JAZz,Today Mood,EEUU,Charles Kynard (organ),1963,Where it's at!
JAZz,Today Mood,EEUU,Charles Kynard (organ),1968,Professor soul
JAZz,Today Mood,EEUU,Charles Kynard (organ),1969,Reelin' with the feelin'
JAZz,Today Mood,EEUU,Charles Kynard (organ),1969,the soul brotherhood
JAZz,Today Mood,EEUU,Charles Kynard (organ),1970,Afro-disiac
JAZz,Today Mood,EEUU,Charles Kynard (organ),1971,wa-tu-wa-zui (beautiful people)
JAZz,Today Mood,EEUU,Charles Kynard (organ),1971,Charles kynard
JAZz,Today Mood,EEUU,Charles Kynard (organ),1972,Woga
JAZz,Today Mood,EEUU,Charles Kynard (organ),1973,Your mama don't dance
JAZz,Today Mood,EEUU,Chris Botti (Trumpet),2012,Impressions
JAZz,Today Mood,EEUU,Chris Potter (Sax),1997,Unspoken
JAZz,Today Mood,EEUU,Chris Potter (Sax),1998,Vertigo (K.Rosenwinkel-J.Lovano)
JAZz,Today Mood,EEUU,Chris Potter (Sax),2001,Gratitude
JAZz,Today Mood,EEUU,Chris Potter (Sax),2009,Coming Together
JAZz,Today Mood,EEUU,Chris Potter (Sax),2011,Transatlantic (and The DR Big Band )
JAZz,Today Mood,EEUU,Chris Potter (Sax),2013,The Sirens
JAZz,Today Mood,,Craig Taborn Trio,2013,Chants
JAZz,Today Mood,EEUU,Diane Schuur (Vocal),1984,Deedles
JAZz,Today Mood,EEUU,Diane Schuur (Vocal),1987,Diane Schuur & Count Basie Orchestra
JAZz,Today Mood,EEUU,Diane Schuur (Vocal),1988,Talkin' 'Bout You
JAZz,Today Mood,EEUU,Diane Schuur (Vocal),1989,Collection
JAZz,Today Mood,EEUU,Diane Schuur (Vocal),1993,Love Song
JAZz,Today Mood,EEUU,Diane Schuur (Vocal),1994,B.B. King & Diane Schuur - Heart To Heart
JAZz,Today Mood,EEUU,Diane Schuur (Vocal),1997,The Best Of Diane Schuur
JAZz,Today Mood,EEUU,Diane Schuur (Vocal),1999,Music Is My Life
JAZz,Today Mood,EEUU,Diane Schuur (Vocal),2000,Friend For Schuur
JAZz,Today Mood,EEUU,Diane Schuur (Vocal),2001,Swinging for Schuur & Maynard Ferguson
JAZz,Today Mood,EEUU,Diane Schuur (Vocal),2003,Midnight
JAZz,Today Mood,EEUU,Diane Schuur (Vocal),2005,Schuur Fire (Diane Schuur & Caribbean Jazz Project)
JAZz,Today Mood,EEUU,Diane Schuur (Vocal),2006,Live in London
JAZz,Today Mood,EEUU,Diane Schuur (Vocal),2008,Some Other Time
JAZz,Today Mood,EEUU,Diane Schuur (Vocal),2011,The Gathering
JAZz,Today Mood,EEUU,Dianne Reeves (Vocal),1994,Quiet After The Storm
JAZz,Today Mood,EEUU,Dianne Reeves (Vocal),1997,That Days
JAZz,Today Mood,EEUU,Dianne Reeves (Vocal),2000,In The Moment  Live In Concert
JAZz,Today Mood,EEUU,Dianne Reeves (Vocal),2002,The Best Of
JAZz,Today Mood,EEUU,Dianne Reeves (Vocal),2003,A Little Moonlight
JAZz,Today Mood,EEUU,Dianne Reeves (Vocal),2008,When You Know
JAZz,Today Mood,EEUU,Dianne Reeves (Vocal),2014,Beautiful Life
JAZz,Today Mood,EEUU,Donald Fagen,2012,Sunken Condos
JAZz,Today Mood,Canada,Elizabeth Shepherd,2007,Besides
JAZz,Today Mood,Canada,Elizabeth Shepherd,2008,Parkdale
JAZz,Today Mood,Canada,Elizabeth Shepherd,2012,Rewind
JAZz,Today Mood,EEUU,Esperanza Spalding,2005,Junjo
JAZz,Today Mood,EEUU,Esperanza Spalding,2008,Esperanza
JAZz,Today Mood,EEUU,Esperanza Spalding,2010,Chamber Music Society
JAZz,Today Mood,EEUU,Esperanza Spalding,2012,Radio Music Society
JAZz,Today Mood,,Guillermo McGill Quartet,2008,Tan Cerca
JAZz,Today Mood,EEUU,Howard Alden,1990,Snowy Morning Blues (With Monty Alexander)
JAZz,Today Mood,EEUU,Jane Monheit (Vocal),2000,Never Never Land
JAZz,Today Mood,EEUU,Jane Monheit (Vocal),2001,Come Dream With Me
JAZz,Today Mood,EEUU,Jane Monheit (Vocal),2002,In The Sun
JAZz,Today Mood,EEUU,Jane Monheit (Vocal),2004,Taking A Chance On Love
JAZz,Today Mood,EEUU,Jane Monheit (Vocal),2005,Season
JAZz,Today Mood,EEUU,Jane Monheit (Vocal),2005,The Very Best Of
JAZz,Today Mood,EEUU,Jane Monheit (Vocal),2007,Surrender
JAZz,Today Mood,EEUU,Jane Monheit (Vocal),2009,"Lovers, The Dreamers And Me"
JAZz,Today Mood,EEUU,Jane Monheit (Vocal),2010,Home
JAZz,Today Mood,EEUU,Jane Monheit (Vocal),2013,The Heart Of The Matter
JAZz,Today Mood,EEUU,Jason Moran (Piano),2001,Black Stars (Blue Note)
JAZz,Today Mood,EEUU,Jason Moran (Piano),2006,Artist In Residence
JAZz,Today Mood,EEUU,Jason Moran (Piano),2010,Ten
JAZz,Today Mood,EEUU,Jason Moran (Piano),2014,"All Rise, A Joyful Elegy For Fats Waller"
JAZz,Today Mood,EEUU,John Scofield (Guitar),1998,A Go Go (& Medeski Martin & Wood)
JAZz,Today Mood,EEUU,John Scofield (Guitar),2005,That's What I Say
JAZz,Today Mood,EEUU,John Scofield (Guitar),2011,A Moment's Peace
JAZz,Today Mood,EEUU,John Scofield (Guitar),2013,Uberjam Deux
JAZz,Today Mood,EEUU,Jose James (vocal),2015,Yesterday I Had The Blues - The Music Of Billie Holiday
JAZz,Today Mood,EEUU,Joshua Redman (Sax),1994,Blues for Pat (Live in San Francisco) (Pat Metheny - Christian McBride - Billy Higgins)
JAZz,Today Mood,EEUU,Joshua Redman (Sax),2007,Back East
JAZz,Today Mood,EEUU,Joshua Redman (Sax),2011,Farm (Aaron Parks Matt Penman and Eric Harland-James)
JAZz,Today Mood,EEUU,Joshua Redman (Sax),2013,Walking Shadows
JAZz,Today Mood,EEUU,Kenny Garrett (Sax),2012,Seeds From the Underground
JAZz,Today Mood,EEUU,Larry Carlton (Guitar),1981,Sleepwalk
JAZz,Today Mood,EEUU,Larry Carlton (Guitar),1995,Larry & Lee
JAZz,Today Mood,EEUU,Larry Carlton (Guitar),2011,Larry Carlton Plays The Sound Of Philadelphia
JAZz,Today Mood,EEUU,Larry Carlton (Guitar),2013,Unplugged
JAZz,Today Mood,EEUU,Lee Ritenour (Guitar),1985,Harlequin (& Dave Grusin)
JAZz,Today Mood,EEUU,Lee Ritenour (Guitar),2012,Rhythm Sessions
JAZz,Today Mood,Francia,Lionel Belmondo,2005,Influence (Belmondo & Yusef Lateef)
JAZz,Today Mood,Francia,Marc Ducret (Guitar),1999,L'ombra di Verdi
JAZz,Today Mood,Francia,Marc Ducret (Guitar),2008,Le sens de la marche
JAZz,Today Mood,EEUU,Marcus Miller (Bass),1993,The Sun Don't Lie
JAZz,Today Mood,EEUU,Marcus Miller (Bass),2007,Free
JAZz,Today Mood,EEUU,Marcus Miller (Bass),2010,A Night In Monte-Carlo
JAZz,Today Mood,EEUU,Marcus Miller (Bass),2011,Tutu Revisited (feat. Christian Scott) [Live]
JAZz,Today Mood,EEUU,Marcus Miller (Bass),2012,Renaissance
JAZz,Today Mood,EEUU,Marcus Miller (Bass),2015,Afrodeezia
JAZz,Today Mood,Francia,Michel Petrucciani,1987,Power of three
JAZz,Today Mood,,Papa Bue's Viking Jazz Band,1996,Papa Bue Greatest [Compilation]
JAZz,Today Mood,EEUU,Pat Metheny (Guitar),1976,Bright Size Life
JAZz,Today Mood,EEUU,Pat Metheny (Guitar),1979,American Garage
JAZz,Today Mood,EEUU,Pat Metheny (Guitar),1989,Question and answer
JAZz,Today Mood,EEUU,Pat Metheny (Guitar),1993,The Road To You
JAZz,Today Mood,EEUU,Pat Metheny (Guitar),2007,Secret Story Deluxe
JAZz,Today Mood,EEUU,Pat Metheny (Guitar),2011,What's It All About
JAZz,Today Mood,EEUU,Pat Metheny (Guitar),2013,"Tap John Zorn's Book of Angels, Volume 20"
JAZz,Today Mood,España,Perico Sambeat,2002,Jam en el Kursaal
JAZz,Today Mood,España,Perico Sambeat,2003,Friendship
JAZz,Today Mood,España,Perico Sambeat,2005,Ziribuye (Perico Sambeat sextet)
JAZz,Today Mood,EEUU,Randy Brecker (Trumpet),1986,Amanda (& Eliane Elias )
JAZz,Today Mood,,Richard Galiano,2007,L'Hymme Â L'Amour
JAZz,Today Mood,Italia,Roberta Gambarini (Vocal),2004,Easy to Love
JAZz,Today Mood,Italia,Roberta Gambarini (Vocal),2006,Live on Umbria Jazz '06 (w⁄ Hank Jones Trio)
JAZz,Today Mood,Italia,Roberta Gambarini (Vocal),2007,You Are There (w⁄ Hank Jones)
JAZz,Today Mood,Italia,Roberta Gambarini (Vocal),2009,So in love
JAZz,Today Mood,,Soul Ballet,1996,Soul Ballet
JAZz,Today Mood,,Soul Ballet,1998,Trip the Night Fantastic
JAZz,Today Mood,,Soul Ballet,2000,Vibe Cinema
JAZz,Today Mood,,Soul Ballet,2002,Dial It In
JAZz,Today Mood,,Soul Ballet,2004,Dream Beat Dream
JAZz,Today Mood,,Soul Ballet,2005,All the Pretty Lights
JAZz,Today Mood,,Soul Ballet,2007,Lavish
JAZz,Today Mood,,Soul Ballet,2009,2019
JAZz,Today Mood,EEUU,Steve Coleman (Alto Sax),1993,The Tao of Mad Phat [Fringe Zones]
JAZz,Today Mood,EEUU,Steve Coleman (Alto Sax),1995,Def Trance Beat (Modalities of Rhythm)
JAZz,Today Mood,EEUU,Steve Coleman (Alto Sax),1997,Steve Coleman and The Mistic Rhythm Society - 15 07 1997 - Live @ Perugia
JAZz,Today Mood,EEUU,Steve Coleman (Alto Sax),2004,Lucidarium
JAZz,Today Mood,Suiza,Susanne Abbuehl (Vocal),2013,The Gift [(ECM 2322)]
JAZz,Today Mood,EEUU,Terence Blanchard (Trumpet),2003,Bounce
JAZz,Today Mood,EEUU,Terence Blanchard (Trumpet),2005,Flow
JAZz,Today Mood,EEUU,Terence Blanchard (Trumpet),2007,A Tale Of Gods Will (A_Requiem_For_Katrina)
JAZz,Today Mood,EEUU,Terence Blanchard (Trumpet),2013,Magnetic
JAZz,Today Mood,EEUU,The Bad Plus,2010,Never Stop
JAZz,Today Mood,EEUU,The Bad Plus,2012,Made Possible
JAZz,Today Mood,EEUU,The Fred Hersch Trio,2004,The Fred Hersch Trio +2
JAZz,Today Mood,Holanda,The Jazzinvaders,2006,Up & Out
JAZz,Today Mood,Holanda,The Jazzinvaders,2008,Blow
JAZz,Today Mood,,The Monterey Quartet,2009,Live @ The 2007 Monterey Jazz Festival
JAZz,Today Mood,EEUU,Tom Harrell (Trumpet),2003,Wise Children
JAZz,Today Mood,EEUU,Wynton Marsalis (Trumpet),2001,Popular Songs - The Best of Wynton Marsalis
JAZz,Today Mood,EEUU,Wynton Marsalis (Trumpet),2008,Two Men With The Blues [ & WILLE NELSON]
Oceania,Indie pop / Bossa nova,Australia,Sodastream,2001,The Hill for Company
Oceania,Indie pop / Bossa nova,Australia,Sodastream,2003,A minor revival
Oceania,Indie pop / Bossa nova,Australia,Sodastream,2006,Reservations
POP & Rock,Country / Folk / Indie,EEUU,Amy LaVere,2012,Chasing The Ghost EP (w⁄Shannon McNally)
POP & Rock,Power pop / Rock,EEUU,Asteroid B-612,1997,Not Meant For This World
POP & Rock,Power pop / Rock,EEUU,Asteroid B-612,2001,Readin' Between The Lines
POP & Rock,Punk blues / Garage rock,EEUU,Barbwires,2001,Sounds Like Trouble!
POP & Rock,Folk rock / Blues / Reggae,EEUU,Ben Harper,1992,Pleasure and Pain (With Tom Freund)
POP & Rock,Folk rock / Country rock,EEUU,Black Pony Express,2008,Love In A Cold Place
POP & Rock,Indie pop / Shoegaze,EEUU,Black Tambourine,2010,Black Tambourine
POP & Rock,Power pop / Indie rock,EEUU,Brendan Benson,1996,One Mississippi
POP & Rock,Power pop / Indie rock,EEUU,Brendan Benson,2002,Lapalco
POP & Rock,Power pop / Indie rock,EEUU,Brendan Benson,2005,Alternative To Love
POP & Rock,Blues rock / Boogie,EEUU,Buddaheads,2004,Howlin' At The Moon
POP & Rock,Indie rock / Alternative,EEUU,Buffalo Tom,1992,Let me come over
POP & Rock,Indie rock / Alternative,EEUU,Buffalo Tom,1993,Big Red Letter Day
POP & Rock,Indie rock / Alternative,EEUU,Buffalo Tom,2007,Three easy pieces
POP & Rock,Desert rock / Indie / Tex-Mex,EEUU,Calexico,1998,The Black Light
POP & Rock,Desert rock / Indie / Tex-Mex,EEUU,Calexico,2000,Hot Rail
POP & Rock,Desert rock / Indie / Tex-Mex,EEUU,Calexico,2004,Is all over the map
POP & Rock,Desert rock / Indie / Tex-Mex,EEUU,Calexico,2008,Carried To Dust
POP & Rock,Indie pop / Chamber pop,Reino Unido,Camera Obscura,2013,Desire Lines
POP & Rock,Folk / Indie folk,EEUU,Death Vessel,2008,Nothing Is Precious Enough For Us
POP & Rock,Folk / Indie folk,EEUU,Death Vessel,2014,Island Intervals
POP & Rock,Rockabilly / Garage,EEUU,Draytones,2007,Forever On
POP & Rock,Rockabilly / Garage,EEUU,Draytones,2008,Up In My Head
POP & Rock,Pop / Rock alternativo,Suecia,Eagle-Eye Cherry,,200X - The Best of
POP & Rock,Pop / Rock alternativo,Suecia,Eagle-Eye Cherry,1998,Desireless
POP & Rock,Pop / Rock alternativo,Suecia,Eagle-Eye Cherry,2000,Living in the present future
POP & Rock,Pop / Rock alternativo,Suecia,Eagle-Eye Cherry,2003,Sub Rosa
POP & Rock,Indie folk / Folk rock,EEUU,Edward Sharpe & The Magnetic Zeros,2009,From Below
POP & Rock,Indie folk / Folk rock,EEUU,Edward Sharpe & The Magnetic Zeros,2012,Here
POP & Rock,Indie folk / Folk rock,EEUU,Edward Sharpe & The Magnetic Zeros,2013,Edward Sharpe & The Magnetic Zeros
POP & Rock,Post-rock / Instrumental,EEUU,Explosions in the Sky,2011,"Take Care, Take Care, Take Care"
POP & Rock,Post-rock / Instrumental,EEUU,Explosions in the Sky,2013,Lone Survivor [Explosions In The Sky And Steve Jablonsky ]
POP & Rock,Art rock / Indie pop,Reino Unido,Field Music,2012,Plumb
POP & Rock,Art pop / Singer-songwriter,EEUU,Fiona Apple,,"2006.04.10 - Folies Bergere - Paris, France"
POP & Rock,Art pop / Singer-songwriter,EEUU,Fiona Apple,1996,Tidal
POP & Rock,Art pop / Singer-songwriter,EEUU,Fiona Apple,1999,When The Pawn
POP & Rock,Art pop / Singer-songwriter,EEUU,Fiona Apple,2000,Live at the Eastman
POP & Rock,Art pop / Singer-songwriter,EEUU,Fiona Apple,2005,Extraordinary Machine
POP & Rock,Art pop / Singer-songwriter,EEUU,Fiona Apple,2012,The Idler Wheel
POP & Rock,Grunge / Alternative rock,EEUU,Foo Fighters,2011,Wasting Light
POP & Rock,Funk / Jam band / New Orleans,EEUU,Galactic,2010,Ya-Ka-May
POP & Rock,Blues / World / Indie,EEUU,Hazmat Modine,2006,Bahamut
POP & Rock,Blues / World / Indie,EEUU,Hazmat Modine,2011,Cicada
POP & Rock,Indie folk / Chamber folk,EEUU,Iron & Wine,2011,Kiss Each Other Clean
POP & Rock,Ukelele / Instrumental / Pop,EEUU,Jake Shimabukuro,2004,Walking Down Rainhill
POP & Rock,Ukelele / Instrumental / Pop,EEUU,Jake Shimabukuro,2005,Dragon
POP & Rock,Ukelele / Instrumental / Pop,EEUU,Jake Shimabukuro,2009,Live
POP & Rock,Ukelele / Instrumental / Pop,EEUU,Jake Shimabukuro,2011,"Peace, Love, Ukelele"
POP & Rock,Ukelele / Instrumental / Pop,EEUU,Jake Shimabukuro,2012,Grand Ukulele
POP & Rock,Indie electrónica / Folk,Reino Unido,James Yuill,2009,Turning Down Water For All
POP & Rock,Indie electrónica / Folk,Reino Unido,James Yuill,2010,Movement In A Storm
POP & Rock,Americana / Folk rock,EEUU,Joe Henry,2001,"Scar (with Marc Ribot, Ornette Coleman & Brad Meldhau) (Mammoth)"
POP & Rock,Americana / Folk rock,EEUU,Joe Henry,2007,Civilians
POP & Rock,Americana / Folk rock,EEUU,Joe Henry,2009,Blood From Stars
POP & Rock,Americana / Folk rock,EEUU,Joe Henry,2011,Reverie
POP & Rock,Americana / Folk rock,EEUU,Joe Henry,2012,Short Man's Room
POP & Rock,Americana / Folk rock,EEUU,Joe Henry,2014,Invisible Hour
POP & Rock,Rock / Blues rock,EEUU,Joe Walsh,1997,Greatest Hits Little Did He Know
POP & Rock,Rock / Blues rock,EEUU,Joe Walsh,2012,Analog Man (Deluxe Edition)
POP & Rock,Blues rock / Garage rock,EEUU,Jon Spencer Blues Explosion,1992,Crypt Style
POP & Rock,Blues rock / Garage rock,EEUU,Jon Spencer Blues Explosion,1993,Extra Width
POP & Rock,Blues rock / Garage rock,EEUU,Jon Spencer Blues Explosion,1993,Mo' Width
POP & Rock,Blues rock / Garage rock,EEUU,Jon Spencer Blues Explosion,1994,Orange
POP & Rock,Blues rock / Garage rock,EEUU,Jon Spencer Blues Explosion,1996,A Ass Pocket Of Whiskey [With RL Burnside]
POP & Rock,Blues rock / Garage rock,EEUU,Jon Spencer Blues Explosion,1996,Now I Got Worry
POP & Rock,Blues rock / Garage rock,EEUU,Jon Spencer Blues Explosion,1998,Acme
POP & Rock,Blues rock / Garage rock,EEUU,Jon Spencer Blues Explosion,1999,Acme Plus
POP & Rock,Blues rock / Garage rock,EEUU,Jon Spencer Blues Explosion,2000,Experimental Remixes
POP & Rock,Blues rock / Garage rock,EEUU,Jon Spencer Blues Explosion,2002,Plastic Fang
POP & Rock,Blues rock / Garage rock,EEUU,Jon Spencer Blues Explosion,2004,Damage
POP & Rock,Blues rock / Garage rock,EEUU,Jon Spencer Blues Explosion,2007,Juke Box Explosion
POP & Rock,Indie rock / Alternative,EEUU,Juliana Hatfield,1993,Become What You Are
POP & Rock,Indie / Art pop / Post-rock,Islandia,Jónsi,2010,Go
POP & Rock,Indie pop / Disco,Noruega,Kakkmaddafakka,2007,Down To Earth
POP & Rock,Indie pop / Disco,Noruega,Kakkmaddafakka,2011,Hest
POP & Rock,Pop / Jazz pop,Georgia,Katie Melua,2003,Call Off The Search
POP & Rock,Pop / Jazz pop,Georgia,Katie Melua,2005,Piece By Piece
POP & Rock,Pop / Jazz pop,Georgia,Katie Melua,2007,Pictures
POP & Rock,Pop / Jazz pop,Georgia,Katie Melua,2009,Live At The o2 Arena
POP & Rock,Pop / Jazz pop,Georgia,Katie Melua,2010,The House
POP & Rock,Pop / Jazz pop,Georgia,Katie Melua,2012,Secret Symphony
POP & Rock,Pop alternativo / Latin folk,Argentina,Kevin Johansen,2002,Sur o No Sur
POP & Rock,Pop alternativo / Latin folk,Argentina,Kevin Johansen,2002,The Nada
POP & Rock,Pop alternativo / Latin folk,Argentina,Kevin Johansen,2004,City Zen
POP & Rock,Pop alternativo / Latin folk,Argentina,Kevin Johansen,2007,Logo
POP & Rock,Soul / Jazz pop / R&B,EEUU,Kristina Train,2009,Spilt Milk
POP & Rock,Surf rock / Instrumental,Finlandia,Laika & The Cosmonauts,1990,Surf`s You Right
POP & Rock,Surf rock / Instrumental,Finlandia,Laika & The Cosmonauts,1995,The Amazing Colossal Band
POP & Rock,Surf rock / Instrumental,Finlandia,Laika & The Cosmonauts,2001,C`mon Do The Laika
POP & Rock,Folk / Indie pop,Australia,Lanie Lane,2011,To The Horses
POP & Rock,Indie rock / Emo,Suecia,Last Days Of April,2004,If You Lose It
POP & Rock,Indie folk / Art pop,Canadá,Little Scream,2011,The Golden Record
POP & Rock,Surf rock / Rock instrumental,España,Los Coronas,2003,The Vivid Sounds Of [Co]
POP & Rock,Surf rock / Rock instrumental,España,Los Coronas,2004,Caliente Caliente
POP & Rock,Surf rock / Rock instrumental,España,Los Coronas,2009,El baile final de ... los locos y los cuerdos
POP & Rock,Surf rock / Rock instrumental,España,Los Coronas,2011,Corizonas - the news today
POP & Rock,Surf rock / Rock instrumental,España,Los Coronas,2011,Los Coronas & Arizona Baby - Dos Bandas Y Un Destino
POP & Rock,Psych-rock / Shoegaze,Noruega,Low Frequency In Stereo,2002,The Low Frequency In Stereo
POP & Rock,Psych-rock / Shoegaze,Noruega,Low Frequency In Stereo,2005,Astro Kopp (EP)
POP & Rock,Psych-rock / Shoegaze,Noruega,Low Frequency In Stereo,2005,Travelling Ants Who Got Eaten By Moskus
POP & Rock,Psych-rock / Shoegaze,Noruega,Low Frequency In Stereo,2006,The Last Temptation of... Vol. 1 - (REC 90  RID068)
POP & Rock,Psych-rock / Shoegaze,Noruega,Low Frequency In Stereo,2009,Futuro
POP & Rock,Blues / Folk / New Orleans,EEUU,Luke Winslow-King,2009,Old New Baby
POP & Rock,Blues / Folk / New Orleans,EEUU,Luke Winslow-King,2013,The Coming Tide Feat. Esther Rose
POP & Rock,Blues / Folk / New Orleans,EEUU,Luke Winslow-King,2014,Everlasting Arms
POP & Rock,Indie pop / Psych-pop,EEUU,MGMT,2010,Congratulations
POP & Rock,Americana / Country rock / Folk,EEUU,Magnolia Electric Co,2003,Songs Ohia
POP & Rock,Americana / Country rock / Folk,EEUU,Magnolia Electric Co,2005,What Comes After The Blues
POP & Rock,Americana / Country rock / Folk,EEUU,Magnolia Electric Co,2006,Fading Trails
POP & Rock,Americana / Country rock / Folk,EEUU,Magnolia Electric Co,2007,Sojourner Box Set [Incompleta]
POP & Rock,Surf rock / Space rock,EEUU,Man or Astro-Man,1996,Man - Experiment Zero
POP & Rock,Surf rock / Space rock,EEUU,Man or Astro-Man,2000,A Spectrum Of Infinite Scale
POP & Rock,Surf rock / Space rock,EEUU,Man or Astro-Man,2013,Defcon 5...4...3...2...1
POP & Rock,Indie rock / Math rock,EEUU,Marnie Stern,2010,Marnie Stern
POP & Rock,Indie rock / Math rock,EEUU,Marnie Stern,2013,The Chronicles Of Marnia
POP & Rock,Pop / Bossa electrónica,Uruguay,Martin Buscaglia,2004,Ir y volver e ir
POP & Rock,Pop / Bossa electrónica,Uruguay,Martin Buscaglia,2009,Temporada de Conejos
POP & Rock,Afro-punk / Afrojazz,Reino Unido,Melt Yourself Down,2013,Mel Yourself Down
POP & Rock,Electrónica / World pop,México,Mexican Institute of Sound,2007,Piñata
POP & Rock,Electrónica / World pop,México,Mexican Institute of Sound,2009,Soy Sauce
POP & Rock,Electrónica / World pop,México,Mexican Institute of Sound,2012,Politico
POP & Rock,Indie folk / Jazz pop,EEUU,Mia Doi Todd,1999,Come Out Of Your Mine
POP & Rock,Indie folk / Jazz pop,EEUU,Mia Doi Todd,2002,The Golden State
POP & Rock,Indie folk / Jazz pop,EEUU,Mia Doi Todd,2005,Manzanita
POP & Rock,Indie folk / Jazz pop,EEUU,Mia Doi Todd,2006,La Ninja
POP & Rock,Indie folk / Jazz pop,EEUU,Mia Doi Todd,2008,Gea
POP & Rock,Indie folk / Jazz pop,EEUU,Mia Doi Todd,2009,Morning Music with Andres Renteria
POP & Rock,Indie folk / Jazz pop,EEUU,Mia Doi Todd,2011,Cosmic Ocean Ship
POP & Rock,Post-punk / Alternative / Chanson,Australia,Mick Harvey,2013,Four (Acts of Love)
POP & Rock,Blues / Americana,EEUU,Moreland & Arbuckle,2010,Flood
POP & Rock,Hip hop / R&B / Alternative,Suecia,Neneh Cherry,1989,Raw Like Sushi
POP & Rock,Hip hop / R&B / Alternative,Suecia,Neneh Cherry,1992,Homebrew
POP & Rock,Hip hop / R&B / Alternative,Suecia,Neneh Cherry,2014,Blank Project
POP & Rock,Indie rock / Pop,España,Neuman,2012,The Plot Family
POP & Rock,Grunge / Alternative rock,EEUU,Nirvana,1991,Nevermind
POP & Rock,Grunge / Alternative rock,EEUU,Nirvana,1994,MTV Unplugged in New York
POP & Rock,Jazz pop / Indie folk,EEUU,Norah Jones,2002,Come Away With Me
POP & Rock,Jazz pop / Indie folk,EEUU,Norah Jones,2004,Feels Like Home
POP & Rock,Jazz pop / Indie folk,EEUU,Norah Jones,2006,Not Too Late
POP & Rock,Blues / Delta blues / Rock,EEUU,North Mississippi AllStars,2005,Hill Country Revue
POP & Rock,Blues / Delta blues / Rock,EEUU,North Mississippi AllStars,2009,Do It Like We Used To Do Live
POP & Rock,Blues / Delta blues / Rock,EEUU,North Mississippi AllStars,2011,Keys to the Kingdom
POP & Rock,Blues / Delta blues / Rock,EEUU,North Mississippi AllStars,2013,World Boogie Is Coming
POP & Rock,Pop rock / Soul,Reino Unido,Paolo Nutini,2009,Sunny Side Up
POP & Rock,Pop rock / Soul,Reino Unido,Paolo Nutini,2006,These Streets
POP & Rock,Indie rock / Alternative,Australia,Philadelphia Grand Jury,2009,Hope Is For Hopers
POP & Rock,Blues / Gospel / Soul,EEUU,Robert Randolph & The Family Band,2002,Live at the Wetlands
POP & Rock,Blues / Gospel / Soul,EEUU,Robert Randolph & The Family Band,2010,Walk This Road
POP & Rock,Blues / Gospel / Soul,EEUU,Robert Randolph & The Family Band,2013,Lickety Split
POP & Rock,Psychobilly / Rockabilly,EEUU,Rock City Morgue,2003,Some Ghouls
POP & Rock,Psychobilly / Rockabilly,EEUU,Rock City Morgue,2004,Dead Man's Song
POP & Rock,Psychobilly / Rockabilly,EEUU,Rock City Morgue,2010,The Boy Who Cried Werewolf
POP & Rock,Indie rock / Alternative,Canadá,Sam Roberts,2003,We Were Born In A Flame
POP & Rock,Indie rock / Alternative,Canadá,Sam Roberts,2007,Chemical City
POP & Rock,Indie rock / Alternative,Canadá,Sam Roberts,2008,Love At The End Of The World
POP & Rock,Indie pop,Suecia,Sambassadeur,2007,Migration
POP & Rock,Indie rock / Alternative country,EEUU,Scruffy The Cat,1989,Moons Of Jupiter
POP & Rock,Americana / Soul / Country,EEUU,Shannon McNally,2002,Jukebox Sparrows
POP & Rock,Americana / Soul / Country,EEUU,Shannon McNally,2005,Geronimo
POP & Rock,Indie pop / Country pop,EEUU,She and Him,2011,Volume Two
POP & Rock,Indie rock / Alternative,EEUU,Spoon,2014,They Want My Soul
POP & Rock,Space rock / Krautrock / Lounge,Reino Unido,Stereolab,1992,Peng!
POP & Rock,Space rock / Krautrock / Lounge,Reino Unido,Stereolab,1993,Transient Random-Noise Bursts With Announcements
POP & Rock,Space rock / Krautrock / Lounge,Reino Unido,Stereolab,1996,Emperor Tomato Ketchup
POP & Rock,Space rock / Krautrock / Lounge,Reino Unido,Stereolab,2006,Serene Velocity [Anthology]
POP & Rock,Indie folk / Psych-rock,EEUU,Steve Gunn,2011,"Decline Of The Stiff, Ignored The End 7'' (& Ilyas Ahmed)"
POP & Rock,Psych-rock / Drone rock,EEUU,The Black Angels,2008,"Directions To Seek A Ghost [Light In The Attic, CD]"
POP & Rock,Rock / Blues rock / Hard rock,EEUU,The Black Crowes,2000,Greatest Hits
POP & Rock,Rock / Blues rock / Hard rock,EEUU,The Black Crowes,2008,Warpaint
POP & Rock,Rock / Blues rock / Hard rock,EEUU,The Black Crowes,2010,Croweology
POP & Rock,Rock / Blues rock / Hard rock,EEUU,The Black Crowes,2013,Wiser For The Time
POP & Rock,Blues rock / Indie rock,EEUU,The Black Keys,2002,The Big Come Up
POP & Rock,Blues rock / Indie rock,EEUU,The Black Keys,2003,Thickfreakness
POP & Rock,Blues rock / Indie rock,EEUU,The Black Keys,2004,Rubber Factory
POP & Rock,Blues rock / Indie rock,EEUU,The Black Keys,2004,The Moan (EP)
POP & Rock,Blues rock / Indie rock,EEUU,The Black Keys,2006,Chulahoma The Songs of Junior Kimbrough (EP)
POP & Rock,Blues rock / Indie rock,EEUU,The Black Keys,2006,Magic Potion
POP & Rock,Blues rock / Indie rock,EEUU,The Black Keys,2007,The Live EP
POP & Rock,Blues rock / Indie rock,EEUU,The Black Keys,2008,Attack & Release
POP & Rock,Blues rock / Indie rock,EEUU,The Black Keys,2009,The Flaming Lips and The Black Keys Split (EP)
POP & Rock,Blues rock / Indie rock,EEUU,The Black Keys,2010,Brothers
POP & Rock,Blues rock / Indie rock,EEUU,The Black Keys,2011,El Camino
POP & Rock,R&B / Blues / Soul / New Orleans,EEUU,The California Honeydrops,2010,Spreadin' Honey
POP & Rock,R&B / Blues / Soul / New Orleans,EEUU,The California Honeydrops,2013,Like You Mean It
POP & Rock,Blues rock / Slide guitar,EEUU,The Derek Trucks Band,1997,The Derek Trucks Band
POP & Rock,Blues rock / Slide guitar,EEUU,The Derek Trucks Band,1998,Out of The Madness
POP & Rock,Blues rock / Slide guitar,EEUU,The Derek Trucks Band,2002,Joyful noise
POP & Rock,Blues rock / Slide guitar,EEUU,The Derek Trucks Band,2004,Live At Georgia Theatre
POP & Rock,Blues rock / Slide guitar,EEUU,The Derek Trucks Band,2006,Songlines
POP & Rock,Garage rock / R&B,EEUU,The Detroit Cobras,2007,Tied & True
POP & Rock,Garage rock / R&B,EEUU,The Detroit Cobras,2008,The original Recordings Box [Munster]
POP & Rock,Indie folk / Lo-fi,EEUU,The Dodos,2009,Time To Die
POP & Rock,Indie folk / Lo-fi,EEUU,The Dodos,2011,No Color
POP & Rock,Indie folk / Lo-fi,EEUU,The Dodos,2013,Carrier
POP & Rock,Indie folk / Anti-folk,EEUU,The Moldy Peaches,2001,The Moldy Peaches
POP & Rock,Indie folk / Anti-folk,EEUU,The Moldy Peaches,2002,Unreleased cutz and live jamz 1994-2002
POP & Rock,Garage rock / Surf,Alemania,The Montesas,2002,Hipsville Teen Party
POP & Rock,Garage rock / Surf,Alemania,The Montesas,2006,Rockers... Shakers!
POP & Rock,Garage rock / Power pop,EEUU,The Mooney Suzuki,2002,Electric Sweat
POP & Rock,Garage rock / Power pop,EEUU,The Mooney Suzuki,2006,The Maximum Black EP
POP & Rock,Garage rock / Power pop,EEUU,The Mooney Suzuki,2007,Have Mercy
POP & Rock,Rock / Rockabilly,Suiza,The Peacocks,2000,Made In Japan (Compilation)
POP & Rock,Rock / Rockabilly,Suiza,The Peacocks,2007,Touch and Go
POP & Rock,Rock / Rockabilly,Suiza,The Peacocks,2010,After All
POP & Rock,Indie rock / Blues rock,EEUU,The Raconteurs,2006,Broken Boy Soldiers
POP & Rock,Indie rock / Blues rock,EEUU,The Raconteurs,2008,Consolers Of The Lonely
POP & Rock,Indie pop / Shoegaze,Suecia,The Radio Dept,2010,Clinging To A Scheme
POP & Rock,Rock / Soul / New Orleans,EEUU,The Revivalists,2014,City Of Sound (RE)
POP & Rock,Pop rock,Irlanda,The Script,2008,The Script
POP & Rock,Pop rock,Irlanda,The Script,2009,Before The Worst [CDM]
POP & Rock,Pop rock,Irlanda,The Script,2010,Science And Faith  (US Special Edition)
POP & Rock,Pop rock,Irlanda,The Script,2012,#3 (Deluxe Edition)
POP & Rock,Pop rock,Irlanda,The Script,2014,No Sound Without Silence
POP & Rock,Garage rock / Indie rock,EEUU,The Von Bondies,2001,Lack Of Communication
POP & Rock,Garage rock / Indie rock,EEUU,The Von Bondies,2004,Pawn Shoppe Heart
POP & Rock,Garage rock / Indie rock,EEUU,The Von Bondies,2009,"Love, Hate And Then There's You"
POP & Rock,Indie rock / Alternative,Reino Unido,The Wombats,2011,This Modern Glitch
POP & Rock,Indie rock / Punk rock,EEUU,Titus Andronicus,2010,The Monitor
POP & Rock,Indie pop / Afropop,EEUU,Vampire Weekend,2008,Vampire Weekend
POP & Rock,Indie pop / Afropop,EEUU,Vampire Weekend,2010,Contra
POP & Rock,Indie pop / Afropop,EEUU,Vampire Weekend,2013,Modern Vampires of the City
POP & Rock,Power pop / Alternative rock,EEUU,Weezer,2008,The Red Album
POP & Rock,Power pop / Alternative rock,EEUU,Weezer,2009,Raditude Deluxe Edition
POP & Rock,Art pop / Indie / World,EEUU,tUnE-yArDs,2009,BiRd-BrAiNs
POP & Rock,Art pop / Indie / World,EEUU,tUnE-yArDs,2014,Nikki Naсk
POP & Rock,Folk'ys,EEUU,Abigail Washburn,2011,City Of Refuge
POP & Rock,Folk'ys,EEUU,Allison Moorer,2010,Crows
POP & Rock,Folk'ys,Uruguay,Ana Prada,2009,Soy pecadora
POP & Rock,Folk'ys,EEUU,Angel Olsen,2014,Burn Your Fire for No Witness
POP & Rock,Folk'ys,EEUU,Ashley Monroe,2013,Like a Rose
POP & Rock,Folk'ys,EEUU,Asylum Street Spankers,2001,Spanker Madness
POP & Rock,Folk'ys,EEUU,Brenda Lee,1998,All Time Greatest Hits
POP & Rock,Folk'ys,EEUU,Crooked Still,2005,Hop High
POP & Rock,Folk'ys,EEUU,Crooked Still,2006,Shaken by a Low Sound
POP & Rock,Folk'ys,EEUU,Easton Corbin,2012,All Over the Road
POP & Rock,Folk'ys,Reino Unido,Faiport Convention,1969,Liege & Lief
POP & Rock,Folk'ys,Reino Unido,Faiport Convention,1969,Unhalfbricking (2003 Rem.)
POP & Rock,Folk'ys,EEUU,Jack Rose,2004,Raag Manifestos
POP & Rock,Folk'ys,EEUU,Jack Rose,2005,Kensington Blues
POP & Rock,Folk'ys,EEUU,Jack Rose,2009,Jack Rose and The Black Twig Pickers
POP & Rock,Folk'ys,EEUU,Jack Rose,2010,Luck in the Valley
POP & Rock,Folk'ys,Reino Unido,June Tabor and Oysterband,1983,Abyssinians
POP & Rock,Folk'ys,Reino Unido,June Tabor and Oysterband,1989,Some Other Time
POP & Rock,Folk'ys,Reino Unido,June Tabor and Oysterband,1990,Freedom And Rain
POP & Rock,Folk'ys,Reino Unido,June Tabor and Oysterband,1993,Anthology
POP & Rock,Folk'ys,Reino Unido,June Tabor and Oysterband,2007,Apples
POP & Rock,Folk'ys,Reino Unido,June Tabor and Oysterband,2011,Ragged Kingdom
POP & Rock,Folk'ys,EEUU,Karen Dalton,1969,It's So Hard To Tell Who's Going To Love You The Best
POP & Rock,Folk'ys,EEUU,Karen Dalton,1971,In my own time (2006 RE)
POP & Rock,Folk'ys,EEUU,Karen Dalton,2007,Cotton Eyed Joe
POP & Rock,Folk'ys,EEUU,Karen Dalton,2008,Green Rocky Road (1962-1963)
POP & Rock,Folk'ys,EEUU,Leo Kottke,1981,Guitar Music
POP & Rock,Folk'ys,EEUU,Leo Kottke,2002,Clone (& Mike Gordon)
POP & Rock,Folk'ys,EEUU,Leo Kottke,2005,Sixty Six Steps (& Mike Gordon)
POP & Rock,Folk'ys,EEUU,Michael Hedges,1984,Aerial Boundaries
POP & Rock,Folk'ys,EEUU,Michael Hedges,1985,Watching My Life Go By
POP & Rock,Folk'ys,EEUU,Michael Hedges,1990,Taproot
POP & Rock,Folk'ys,EEUU,Michael Hedges,1996,Oracle
POP & Rock,Folk'ys,EEUU,Michael Hedges,2001,"Beyond Boundaries, Guitar Solos [Comp]"
POP & Rock,Folk'ys,Reino Unido,Mumford & Sons,2010,Itunes Festival London (w⁄ Laura Marling And Dharohar Project)
POP & Rock,Folk'ys,Reino Unido,Mumford & Sons,2010,Sigh No More
POP & Rock,Folk'ys,Reino Unido,Mumford & Sons,2012,Babel (Deluxe Edition)
POP & Rock,Folk'ys,Reino Unido,Mumford & Sons,2012,The Road To Red Rocks
POP & Rock,Folk'ys,EEUU,Pieta Brown,2005,In the Cool
POP & Rock,Folk'ys,EEUU,Pieta Brown,2007,Remember The Sun
POP & Rock,Folk'ys,EEUU,Pieta Brown,2009,Shimmer
POP & Rock,Folk'ys,EEUU,Pieta Brown,2011,Mercury
POP & Rock,Folk'ys,EEUU,Pieta Brown,2014,Paradise Outlaw
POP & Rock,Folk'ys,EEUU,Stephen Stills,1972,Manassas
POP & Rock,Folk'ys,EEUU,The Greencards,2004,Movin' On
POP & Rock,Folk'ys,EEUU,The Greencards,2007,Viridian
POP & Rock,Folk'ys,EEUU,Valerie June,2013,Pushin Against A Stone
ROCK & Folk ROLL,Soft rock / Folk rock,EEUU,America,1971,America
ROCK & Folk ROLL,Blues rock / Hard rock,Reino Unido,Aynsley Dunbar,1969,Doctor Dunbar´s prescrition
ROCK & Folk ROLL,Blues rock / Hard rock,Reino Unido,Aynsley Dunbar,1970,Blue Whale
ROCK & Folk ROLL,Blues rock / Hard rock,Reino Unido,Aynsley Dunbar,2008,Mutiny
ROCK & Folk ROLL,Blues rock / R&B,EEUU,Bacon Fat,1970,Grease one for me
ROCK & Folk ROLL,Blues rock / R&B,EEUU,Bacon Fat,1971,Tough Dude (USA Blues)
ROCK & Folk ROLL,Rock and roll,EEUU,Bill Haley & His Comets,2004,Rock Around The Clock
ROCK & Folk ROLL,Funk rock / Psychedelic,EEUU,Black Merda,1971,Black Merda
ROCK & Folk ROLL,Funk rock / Psychedelic,EEUU,Black Merda,2004,The Folks From Mother'S Mixer [Compilation]
ROCK & Folk ROLL,Blues rock / Supergrupo,Reino Unido,Blind Faith,1969,Blind Faith
ROCK & Folk ROLL,Blues rock / Supergrupo,Reino Unido,Blind Faith,2007,Blind Faith - Remastered - Deluxe Edition
ROCK & Folk ROLL,Folk rock / Rock / Cantautor,EEUU,Bob Dylan,1963,The Freewheelin' Bob Dylan
ROCK & Folk ROLL,Folk rock / Rock / Cantautor,EEUU,Bob Dylan,1965,Highway 61 revisited
ROCK & Folk ROLL,Folk rock / Rock / Cantautor,EEUU,Bob Dylan,1966,Blonde on Blonde [RE 2003]
ROCK & Folk ROLL,Folk rock / Rock / Cantautor,EEUU,Bob Dylan,1967,John Wesley Harding[RE 2003]
ROCK & Folk ROLL,Heartland rock / Rock,EEUU,Bob Seger,1969,Noah (The Bob Seger System)
ROCK & Folk ROLL,Heartland rock / Rock,EEUU,Bob Seger,1969,Ramblin' Gamblin' Man (The Bob Seger System)
ROCK & Folk ROLL,Heartland rock / Rock,EEUU,Bob Seger,1978,Stranger in Town
ROCK & Folk ROLL,Heartland rock / Rock,EEUU,Bob Seger,2006,The Promise
ROCK & Folk ROLL,Rock and roll / Rockabilly,EEUU,Buddy Holly,1979,The Complete Story (Box set)
ROCK & Folk ROLL,Rock and roll / Rockabilly,EEUU,Buddy Holly,1999,The Very Best Of (& The Crickets)
ROCK & Folk ROLL,Rock and roll / Rockabilly,EEUU,Buddy Holly,2004,The Best Of
ROCK & Folk ROLL,Folk rock / Country rock,EEUU,Buffalo Springfield,1967,Buffalo Springfield Again
ROCK & Folk ROLL,Folk rock / Country rock,EEUU,Buffalo Springfield,1968,Last Time Around
ROCK & Folk ROLL,Folk rock / Country rock,EEUU,Buffalo Springfield,1969,Daughters of Albion - Produced by Leon Russell
ROCK & Folk ROLL,Folk rock / Country rock,EEUU,Buffalo Springfield,1969,"The Best Of Buffalo Springfield - Retrospective [1990, RE]"
ROCK & Folk ROLL,Krautrock / Avant-garde rock,Alemania,Can,1971,Tago Mago
ROCK & Folk ROLL,Krautrock / Avant-garde rock,Alemania,Can,1972,Ege Bamyasi
ROCK & Folk ROLL,Krautrock / Avant-garde rock,Alemania,Can,1973,Future Days
ROCK & Folk ROLL,Avant-garde rock / Blues rock,EEUU,Captain Beefheart & the Magic Band,1969,Trout Mask Replica
ROCK & Folk ROLL,Avant-garde rock / Blues rock,EEUU,Captain Beefheart & the Magic Band,1972,Spotlight KidClear Spot
ROCK & Folk ROLL,Avant-garde rock / Blues rock,EEUU,Captain Beefheart & the Magic Band,1999,Grow Fins Rarities (1965-1982)
ROCK & Folk ROLL,Rock and roll / R&B,EEUU,Chuck Berry,1982,The Great Twenty-Eight
ROCK & Folk ROLL,Rock and roll / R&B,EEUU,Chuck Berry,2000,The Anthology
ROCK & Folk ROLL,Funk rock / Soul,EEUU,Cold Blood,1973,Vintage Blood
ROCK & Folk ROLL,Folk / Blues / World,Reino Unido,Davy Graham,1963,Davy Graham...The Guitar Player
ROCK & Folk ROLL,Folk / Blues / World,Reino Unido,Davy Graham,1964,"Folk, Blues and Beyond"
ROCK & Folk ROLL,Folk / Blues / World,Reino Unido,Davy Graham,1966,"Midnight Man (2005 Fledg'ling Records, FLED 3053)"
ROCK & Folk ROLL,Folk / Blues / World,Reino Unido,Davy Graham,1969,Hat  (2005 Fledg'ling Records FLED 3051)
ROCK & Folk ROLL,Folk / Blues / World,Reino Unido,Davy Graham,1969,Large As Life And Twice As Natural (2005 Fledg'ling Records FLED 3054)
ROCK & Folk ROLL,Folk / Blues / World,Reino Unido,Davy Graham,1970,"Godington Boundry (2004 President Records, PRCD 160)"
ROCK & Folk ROLL,Rock and roll / Pop,EEUU,Del Shannon,1990,Greatest Hits
ROCK & Folk ROLL,Southern rock / Blues rock,EEUU,Delaney & Bonnie,,Delaney & Bonnie & Friends - Motel Shot (1971) [FLAC]
ROCK & Folk ROLL,Southern rock / Blues rock,EEUU,Delaney & Bonnie,,Delaney and Bonnie - To Bonnie From Delaney FLAC
ROCK & Folk ROLL,Surf rock,EEUU,Dick Dale And His Del-Tones,1989,The Best Of Dick Dale And His Del-Tones (Rhino -)
ROCK & Folk ROLL,Surf rock,EEUU,Dick Dale And His Del-Tones,1992,Greatest Hits 1961-1976 [GNPD 2095]
ROCK & Folk ROLL,New Orleans rock / Swamp blues,EEUU,Dr John & The Night Tripper,1968,Gris-gris
ROCK & Folk ROLL,New Orleans rock / Swamp blues,EEUU,Dr John & The Night Tripper,1969,Babylon
ROCK & Folk ROLL,New Orleans rock / Swamp blues,EEUU,Dr John & The Night Tripper,1971,"The Sun,  Moon &  Herbs"
ROCK & Folk ROLL,New Orleans rock / Swamp blues,EEUU,Dr John & The Night Tripper,2012,Locked Down
ROCK & Folk ROLL,Southern rock / Blues rock / Slide guitar,EEUU,Duane Allman,,Duane Allman - Skydog The Duane Allman Retrospect [BoxSet](2013) mp3@320 {1337x}-kawli
ROCK & Folk ROLL,Rock and roll / Rockabilly,EEUU,Eddie Cochran,1987,Greatest Hits [Compilation]
ROCK & Folk ROLL,Rock and roll / Rockabilly,EEUU,Elvis Presley,1956,Elvis
ROCK & Folk ROLL,Rock and roll / Rockabilly,EEUU,Elvis Presley,1956,"Million Dollar Quartet - Elvis Presley, Johnny Cash, Jerry Lee Lewis, Carl Perkins"
ROCK & Folk ROLL,Rock and roll / Rockabilly,EEUU,Elvis Presley,1966,"Paradise, Hawaiian Style"
ROCK & Folk ROLL,Rock and roll / Rockabilly,EEUU,Elvis Presley,1974,Good Times
ROCK & Folk ROLL,Rock and roll / Rockabilly,EEUU,Elvis Presley,1976,"From Elvis Presley Boulevard, Memphis, Tennessee"
ROCK & Folk ROLL,Rock and roll / Rockabilly,EEUU,Elvis Presley,1997,Blue Hawai
ROCK & Folk ROLL,Rock and roll / Rockabilly,EEUU,Elvis Presley,2002,30#1 Hits
ROCK & Folk ROLL,Blues rock / Electric blues,Reino Unido,Eric Clapton,1989,Journeyman
ROCK & Folk ROLL,Blues rock / Electric blues,Reino Unido,Eric Clapton,1992,Unplugged
ROCK & Folk ROLL,Blues rock / Electric blues,Reino Unido,Eric Clapton,1994,From the cradle
ROCK & Folk ROLL,Rock / Soft rock,Reino Unido,Fleetwood Mac,,Fleetwood Mac - Discography 1968-2009 Mp3 320 kbps
ROCK & Folk ROLL,Rock / Soft rock,Reino Unido,Fleetwood Mac,2003,Greatest Hits
ROCK & Folk ROLL,Rock / Soft rock,Reino Unido,Fleetwood Mac,2004,Rumours [Compilation]
ROCK & Folk ROLL,Avant-garde / Rock / Jazz,EEUU,Frank Zappa,1966,Freak Out [The Mothers Of Invention]
ROCK & Folk ROLL,Avant-garde / Rock / Jazz,EEUU,Frank Zappa,1968,We're Only In It For The Money
ROCK & Folk ROLL,Avant-garde / Rock / Jazz,EEUU,Frank Zappa,1969,Hot Rats
ROCK & Folk ROLL,Avant-garde / Rock / Jazz,EEUU,Frank Zappa,1973,The Grand Wazoo
ROCK & Folk ROLL,Avant-garde / Rock / Jazz,EEUU,Frank Zappa,1974,Apostrophe [Reissued 1995]
ROCK & Folk ROLL,Chanson / Pop / Ye-yé,Francia,Françoise Hardy,1965,L'amitié
ROCK & Folk ROLL,Chanson / Pop / Ye-yé,Francia,Françoise Hardy,1967,Ma Jeunesse Fout Le Camp
ROCK & Folk ROLL,Chanson / Pop / Ye-yé,Francia,Françoise Hardy,1971,La Question
ROCK & Folk ROLL,Chanson / Pop / Ye-yé,Francia,Françoise Hardy,1993,Françoise Hardy 1962-93 Blues [Compilation]
ROCK & Folk ROLL,Hard rock / Blues rock,Reino Unido,Free,1970,Fire and Water
ROCK & Folk ROLL,Folk rock / Country rock,EEUU,Gene Clark,1975,White Light
ROCK & Folk ROLL,Southern rock / Blues rock,EEUU,Gregg Allman,2011,Low Country Blues
ROCK & Folk ROLL,Blues rock / Country rock / Tulsa sound,EEUU,J.J. Cale,,Stone river
ROCK & Folk ROLL,Blues rock / Country rock / Tulsa sound,EEUU,J.J. Cale,1971,Naturally
ROCK & Folk ROLL,Blues rock / Country rock / Tulsa sound,EEUU,J.J. Cale,1972,Really
ROCK & Folk ROLL,Blues rock / Country rock / Tulsa sound,EEUU,J.J. Cale,1974,Okie
ROCK & Folk ROLL,Blues rock / Country rock / Tulsa sound,EEUU,J.J. Cale,1976,Troubadour
ROCK & Folk ROLL,Blues rock / Country rock / Tulsa sound,EEUU,J.J. Cale,1979,5
ROCK & Folk ROLL,Blues rock / Country rock / Tulsa sound,EEUU,J.J. Cale,1981,Shades
ROCK & Folk ROLL,Blues rock / Country rock / Tulsa sound,EEUU,J.J. Cale,1982,Grasshopper
ROCK & Folk ROLL,Blues rock / Country rock / Tulsa sound,EEUU,J.J. Cale,1983,8
ROCK & Folk ROLL,Blues rock / Country rock / Tulsa sound,EEUU,J.J. Cale,1984,Special Edition
ROCK & Folk ROLL,Blues rock / Country rock / Tulsa sound,EEUU,J.J. Cale,1989,Travel Log
ROCK & Folk ROLL,Blues rock / Country rock / Tulsa sound,EEUU,J.J. Cale,1992,Number 10
ROCK & Folk ROLL,Blues rock / Country rock / Tulsa sound,EEUU,J.J. Cale,1994,Closer to You
ROCK & Folk ROLL,Blues rock / Country rock / Tulsa sound,EEUU,J.J. Cale,1994,Live London
ROCK & Folk ROLL,Blues rock / Country rock / Tulsa sound,EEUU,J.J. Cale,1996,Guitar Man
ROCK & Folk ROLL,Blues rock / Country rock / Tulsa sound,EEUU,J.J. Cale,1997,Anyway the Wind Blows - The Anthology
ROCK & Folk ROLL,Blues rock / Country rock / Tulsa sound,EEUU,J.J. Cale,1998,The Very Best Of
ROCK & Folk ROLL,Blues rock / Country rock / Tulsa sound,EEUU,J.J. Cale,2002,JJ. Cale Live
ROCK & Folk ROLL,Blues rock / Country rock / Tulsa sound,EEUU,J.J. Cale,2004,To Tulsa and back
ROCK & Folk ROLL,Blues rock / Soul / Psychedelic,EEUU,Janis Joplin,1971,Pearl
ROCK & Folk ROLL,Blues rock / Soul / Psychedelic,EEUU,Janis Joplin,1973,Greatest Hits
ROCK & Folk ROLL,Rock progresivo / Folk rock,Reino Unido,Jethro Tull,1968,This Was
ROCK & Folk ROLL,Rock progresivo / Folk rock,Reino Unido,Jethro Tull,1969,Stand Up
ROCK & Folk ROLL,Rock progresivo / Folk rock,Reino Unido,Jethro Tull,1970,Benefit
ROCK & Folk ROLL,Rock progresivo / Folk rock,Reino Unido,Jethro Tull,1971,Aqualung
ROCK & Folk ROLL,Rock progresivo / Folk rock,Reino Unido,Jethro Tull,1972,Living in the past
ROCK & Folk ROLL,Rock progresivo / Folk rock,Reino Unido,Jethro Tull,1972,Thick As A Brick
ROCK & Folk ROLL,Rock progresivo / Folk rock,Reino Unido,Jethro Tull,1973,A Passion Play
ROCK & Folk ROLL,Rock progresivo / Folk rock,Reino Unido,Jethro Tull,1974,War Child
ROCK & Folk ROLL,Rock progresivo / Folk rock,Reino Unido,Jethro Tull,1975,Minstrel In The Gallery
ROCK & Folk ROLL,Rock progresivo / Folk rock,Reino Unido,Jethro Tull,1976,Too Old To Rock´n Roll - Too Young To Die
ROCK & Folk ROLL,Rock progresivo / Folk rock,Reino Unido,Jethro Tull,1977,Songs From The Wood
ROCK & Folk ROLL,Rock progresivo / Folk rock,Reino Unido,Jethro Tull,1978,Heavy Horses
ROCK & Folk ROLL,Rock progresivo / Folk rock,Reino Unido,Jethro Tull,1978,Live Bursting Out
ROCK & Folk ROLL,Rock progresivo / Folk rock,Reino Unido,Jethro Tull,1979,Stormwatch
ROCK & Folk ROLL,Rock progresivo / Folk rock,Reino Unido,Jethro Tull,1980,A
ROCK & Folk ROLL,Rock progresivo / Folk rock,Reino Unido,Jethro Tull,1982,The Broadsword And The Beast
ROCK & Folk ROLL,Rock progresivo / Folk rock,Reino Unido,Jethro Tull,1984,Under Wraps
ROCK & Folk ROLL,Rock progresivo / Folk rock,Reino Unido,Jethro Tull,1987,Crest Of A Knave
ROCK & Folk ROLL,Rock progresivo / Folk rock,Reino Unido,Jethro Tull,1989,Rock Island
ROCK & Folk ROLL,Rock progresivo / Folk rock,Reino Unido,Jethro Tull,1991,Catfish Rising
ROCK & Folk ROLL,Rock progresivo / Folk rock,Reino Unido,Jethro Tull,1991,In Concert at the Hammersmith Odeon - BBC
ROCK & Folk ROLL,Rock progresivo / Folk rock,Reino Unido,Jethro Tull,1992,A Little Light Music
ROCK & Folk ROLL,Rock progresivo / Folk rock,Reino Unido,Jethro Tull,1994,Nightcap - The Unreleased Masters
ROCK & Folk ROLL,Rock progresivo / Folk rock,Reino Unido,Jethro Tull,1995,Roots To Branches
ROCK & Folk ROLL,Rock progresivo / Folk rock,Reino Unido,Jethro Tull,1999,J-Tull.com
ROCK & Folk ROLL,Rock progresivo / Folk rock,Reino Unido,Jethro Tull,2001,The very best Of
ROCK & Folk ROLL,Rock progresivo / Folk rock,Reino Unido,Jethro Tull,2007,The Best Of Acoustic
ROCK & Folk ROLL,Proto-punk / Indie rock,EEUU,Jonathan Richman,1976,The Modern Lovers & Jonathan Richman
ROCK & Folk ROLL,Proto-punk / Indie rock,EEUU,Jonathan Richman,1994,"Jonathan, te vas a emocionar!"
ROCK & Folk ROLL,Proto-punk / Indie rock,EEUU,Jonathan Richman,2008,Because Her Beauty Is Raw and Wild
ROCK & Folk ROLL,Folk rock / Jazz / Pop,Canadá,Joni Mitchell,1971,Blue
ROCK & Folk ROLL,Hard rock / Heavy metal / Blues rock,Reino Unido,Led Zeppelin,,01. Studio albums
ROCK & Folk ROLL,Rock / Blues / Country,EEUU,Leon Russell,1970,Leon Russel
ROCK & Folk ROLL,Rock / Blues / Country,EEUU,Leon Russell,1971,Leon Russell And The Shelter People
ROCK & Folk ROLL,Rock / Blues / Country,EEUU,Leon Russell,1973,Hank Wilson's Back
ROCK & Folk ROLL,Rock / Blues / Country,EEUU,Leon Russell,2008,In Your Dreams
ROCK & Folk ROLL,Avant-rock / Proto-punk,EEUU,Lou Reed and The Velvet Underground,1995,The best of Lou Reed & the velvet
ROCK & Folk ROLL,Psychedelic rock / Garage rock,EEUU,Love,1967,Forever Changes [RE]
ROCK & Folk ROLL,Psychedelic rock / Rock,EEUU,Moby Grape,1967,Moby Grape
ROCK & Folk ROLL,Jug band / Rock / Skiffle,Reino Unido,Mungo Jerry,1996,The Very Best Of
ROCK & Folk ROLL,Folk / Protest music,EEUU,Pete Seeger,1973,The Essential Pete Seeger
ROCK & Folk ROLL,Folk / Protest music,EEUU,Pete Seeger,1993,Live at Newport  [1963-65]
ROCK & Folk ROLL,Folk / Protest music,EEUU,Pete Seeger,2008,Hard Travelling The Best Of
ROCK & Folk ROLL,Rock progresivo / Psych-rock,Reino Unido,Pink Floyd,1973,Dark Side Of The Moon
ROCK & Folk ROLL,Rock progresivo / Psych-rock,Reino Unido,Pink Floyd,1977,Animals
ROCK & Folk ROLL,Rock / Soft rock / Blues rock,Reino Unido,Rod Stewart,1971,Every Picture Tells a Story
ROCK & Folk ROLL,Rock / Soft rock / Blues rock,Reino Unido,Rod Stewart,2000,The Story So Far... [Compilation]
ROCK & Folk ROLL,Folk rock / Country rock,EEUU,Roger McGuinn,1973,Roger McGuinn
ROCK & Folk ROLL,Folk rock / Country rock,EEUU,Roger McGuinn,1976,Cardiff Rose
ROCK & Folk ROLL,Folk rock / Country rock,EEUU,Roger McGuinn,1977,Thunderbyrd
ROCK & Folk ROLL,Folk rock / Country rock,EEUU,Roger McGuinn,1980,"City [& Chris Hillman] [1996, RE]"
ROCK & Folk ROLL,Folk rock / Country rock,EEUU,Roger McGuinn,1990,Back From Rio
ROCK & Folk ROLL,Folk rock / Country rock,EEUU,Roger McGuinn,1991,Born To Rock And Roll [Compilation]
ROCK & Folk ROLL,Folk rock / Country rock,EEUU,Roger McGuinn,2001,Treasures from the Folk Den
ROCK & Folk ROLL,Rock and roll / Blues rock,Reino Unido,Rolling Stones,1968,The Rolling Stones Rock & Roll Circus
ROCK & Folk ROLL,Rock and roll / Blues rock,Reino Unido,Rolling Stones,1970,Get Yer Ya-Ya's Out [2002 UK]
ROCK & Folk ROLL,Folk / Progressive rock,Reino Unido,Roy Harper,1977,Bullinamingvase
ROCK & Folk ROLL,Blues rock,Reino Unido,Savoy Brown,1967,Shakedown
ROCK & Folk ROLL,Blues rock,Reino Unido,Savoy Brown,1968,Getting To The Point
ROCK & Folk ROLL,Blues rock,Reino Unido,Savoy Brown,1969,A Step Further
ROCK & Folk ROLL,Blues rock,Reino Unido,Savoy Brown,1969,Blue Matter
ROCK & Folk ROLL,Blues rock,Reino Unido,Savoy Brown,1970,Raw Sienna
ROCK & Folk ROLL,Blues rock,Reino Unido,Savoy Brown,1971,Street Corner Talking
ROCK & Folk ROLL,Blues rock,Reino Unido,Savoy Brown,1972,Hellbound Train
ROCK & Folk ROLL,Blues rock,Reino Unido,Savoy Brown,1993,The Savoy Brown Collection
ROCK & Folk ROLL,Blues rock,Reino Unido,Savoy Brown,2014,Goin' To The Delta
ROCK & Folk ROLL,Rock / Pop,Holanda,Shocking Blue,1969,At Home
ROCK & Folk ROLL,Rock / Pop,Holanda,Shocking Blue,1970,Scorpio's Dance
ROCK & Folk ROLL,Rock / Pop,Holanda,Shocking Blue,1971,3rd Album
ROCK & Folk ROLL,Rock / Pop,Holanda,Shocking Blue,1972,1 Inkpot
ROCK & Folk ROLL,Rock / Pop,Holanda,Shocking Blue,1972,2 Attila
ROCK & Folk ROLL,Rock / Pop,Holanda,Shocking Blue,1973,Dream On Dreamer
ROCK & Folk ROLL,Rock / Pop,Holanda,Shocking Blue,1974,Good Times
ROCK & Folk ROLL,Rock / Pop,Holanda,Shocking Blue,1989,The Very Best Of Shocking Blue
ROCK & Folk ROLL,Rock / Pop,Holanda,Shocking Blue,1990,20 Greatest Hits
ROCK & Folk ROLL,Folk rock,EEUU,Simon And Garfunkel,1972,Greatest Hits
ROCK & Folk ROLL,Soul / R&B / Gospel,EEUU,Solomon Burke,,Solomon_Burke-The_Chess_Collection-Remastered-2006-JUST
ROCK & Folk ROLL,Soul / R&B / Gospel,EEUU,Solomon Burke,2002,Don't Give Up On Me
ROCK & Folk ROLL,Soul / R&B / Gospel,EEUU,Solomon Burke,2008,Like A Fire
ROCK & Folk ROLL,Blues rock / Psychedelic / Rock,EEUU,Steve Miller Band,1968,Children Of the Future
ROCK & Folk ROLL,Blues rock / Psychedelic / Rock,EEUU,Steve Miller Band,1968,Sailor
ROCK & Folk ROLL,Blues rock / Psychedelic / Rock,EEUU,Steve Miller Band,1969,Brave New World
ROCK & Folk ROLL,Blues rock / Psychedelic / Rock,EEUU,Steve Miller Band,1969,Your Saving Grace
ROCK & Folk ROLL,Blues rock / Psychedelic / Rock,EEUU,Steve Miller Band,1976,Fly Like An Eagle
ROCK & Folk ROLL,Blues rock / Psychedelic / Rock,EEUU,Steve Miller Band,1981,Circle of Love (Remasters)
ROCK & Folk ROLL,Blues rock / Psychedelic / Rock,EEUU,Steve Miller Band,1998,Greatest Hits [Compilation]
ROCK & Folk ROLL,Blues rock / Psychedelic / Rock,EEUU,Steve Miller Band,2002,King Biscuit Flower Hour Presents The Steve Miller Band (1973-1976)
ROCK & Folk ROLL,Southern rock / Blues rock,EEUU,The Allman Brothers Band,1969,The Allman Brothers Band
ROCK & Folk ROLL,Rock / R&B,EEUU,The Allman Joys,1973,The Allman Joys - Featuring Duane & Gregg Allman-Studio 1973
ROCK & Folk ROLL,R&B / Blues rock,Reino Unido,The Animals,,200X - Deluxe BBC Files (1964-68)
ROCK & Folk ROLL,R&B / Blues rock,Reino Unido,The Animals,2002,The Best of the Animals (EMI)
ROCK & Folk ROLL,Bubblegum pop / Rock,EEUU,The Archies,,The Archies - 20 Greatest Hits
ROCK & Folk ROLL,Surf pop / California sound,EEUU,The Beach Boys,,Anthology Cd 1
ROCK & Folk ROLL,Surf pop / California sound,EEUU,The Beach Boys,,Anthology Cd 2
ROCK & Folk ROLL,Surf pop / California sound,EEUU,The Beach Boys,,The Beach Boys Discography
ROCK & Folk ROLL,Surf pop / California sound,EEUU,The Beach Boys,2012,That's Why God Made The Radio
ROCK & Folk ROLL,Rock and roll / Pop / Psych-rock,Reino Unido,The Beatles,,61_TheEarlyTapesOfTheBeatles
ROCK & Folk ROLL,Rock and roll / Pop / Psych-rock,Reino Unido,The Beatles,,63_PleasePleaseMe
ROCK & Folk ROLL,Rock and roll / Pop / Psych-rock,Reino Unido,The Beatles,,63_WithTheBeatles
ROCK & Folk ROLL,Rock and roll / Pop / Psych-rock,Reino Unido,The Beatles,,64_AHardDay'sNight
ROCK & Folk ROLL,Rock and roll / Pop / Psych-rock,Reino Unido,The Beatles,,64_BeatlesForSale
ROCK & Folk ROLL,Rock and roll / Pop / Psych-rock,Reino Unido,The Beatles,,65_Help!
ROCK & Folk ROLL,Rock and roll / Pop / Psych-rock,Reino Unido,The Beatles,,65_RubberSoul
ROCK & Folk ROLL,Rock and roll / Pop / Psych-rock,Reino Unido,The Beatles,,66_Revolver
ROCK & Folk ROLL,Rock and roll / Pop / Psych-rock,Reino Unido,The Beatles,,67_MagicalMysteryTour
ROCK & Folk ROLL,Rock and roll / Pop / Psych-rock,Reino Unido,The Beatles,,67_SgtPepper'sLonelyHeartsClubBand
ROCK & Folk ROLL,Rock and roll / Pop / Psych-rock,Reino Unido,The Beatles,,68_WhiteAlbum
ROCK & Folk ROLL,Rock and roll / Pop / Psych-rock,Reino Unido,The Beatles,,69_AbbeyRoad
ROCK & Folk ROLL,Rock and roll / Pop / Psych-rock,Reino Unido,The Beatles,,69_YellowSubmarine
ROCK & Folk ROLL,Rock and roll / Pop / Psych-rock,Reino Unido,The Beatles,,70_LetItBe
ROCK & Folk ROLL,Rock and roll / Pop / Psych-rock,Reino Unido,The Beatles,,96_Anthology
ROCK & Folk ROLL,Rock and roll / Pop / Psych-rock,Reino Unido,The Beatles,,Singles_PastMasters
ROCK & Folk ROLL,Garage rock / Funk,EEUU,The Black Dynamites,1993,The Black Dynamites - The Black Dynamites (60's) [Indo Rock]
ROCK & Folk ROLL,Blues rock / Psychedelic,EEUU,The Blues Project,,XxXx -  the best of
ROCK & Folk ROLL,Blues rock / Psychedelic,EEUU,The Blues Project,1973,Reunion in Central Park [1990 RE]
ROCK & Folk ROLL,Blues rock / Psychedelic,EEUU,The Blues Project,1997,Blues Project Anthology
ROCK & Folk ROLL,Folk rock / Country rock / Psychedelic,EEUU,The Byrds,1965,Mr. Tambourine Man [1996 RE]
ROCK & Folk ROLL,Folk rock / Country rock / Psychedelic,EEUU,The Byrds,1965,Turn!Turn!Turn! [1996 RE]
ROCK & Folk ROLL,Folk rock / Country rock / Psychedelic,EEUU,The Byrds,1966,Fifth Dimension [1996 RE Compilation]
ROCK & Folk ROLL,Folk rock / Country rock / Psychedelic,EEUU,The Byrds,1968,Sweetheart of the rodeo
ROCK & Folk ROLL,Folk rock / Country rock / Psychedelic,EEUU,The Byrds,2003,The Essential Byrds [Compilation]
ROCK & Folk ROLL,Punk / Reggae / New wave,Reino Unido,The Clash,1977,The Clash
ROCK & Folk ROLL,Punk / Reggae / New wave,Reino Unido,The Clash,1979,London Calling (RE 1999)
ROCK & Folk ROLL,Punk / Reggae / New wave,Reino Unido,The Clash,2006,The Singles (Boxset)
ROCK & Folk ROLL,Blues rock,Reino Unido,The Climax Blues Band,1969,The Climax Chicago Blues Band
ROCK & Folk ROLL,Blues rock,Reino Unido,The Climax Blues Band,1987,Couldn't Get It Right ... Plus [Compilation]
ROCK & Folk ROLL,Garage rock / R&B,EEUU,The Crawdaddys,1989,Mystic Crawdaddys
ROCK & Folk ROLL,Psychedelic rock / Blues rock,EEUU,The Doors,1967,Strange Days
ROCK & Folk ROLL,Rock and roll / Country,EEUU,The Everly Brothers,1961,A Date With
ROCK & Folk ROLL,Rock and roll / Country,EEUU,The Everly Brothers,2008,White Collection [WHITE217]
ROCK & Folk ROLL,Rock / R&B,Reino Unido,The Faces,1971,Long Player
ROCK & Folk ROLL,Post-punk / Indie rock,Reino Unido,The Fall,1985,This Nation's Saving Grace
ROCK & Folk ROLL,Garage rock / Power pop,EEUU,The Flamin' Groovies,1979,Jumpin' In The Night
ROCK & Folk ROLL,Garage rock / Power pop,EEUU,The Flamin' Groovies,1989,Groovies' Greates Grooves [Compilation]
ROCK & Folk ROLL,Garage rock / Power pop,EEUU,The Flamin' Groovies,2004,Sneakers & Rockfield Sessions (68-72) [Compilation]
ROCK & Folk ROLL,Psychedelic rock / Jam band,EEUU,The Grateful Dead,1970,American Beauty
ROCK & Folk ROLL,Pub rock / R&B,Reino Unido,The Inmates,1989,Fast Forward
ROCK & Folk ROLL,Garage rock / R&B,EEUU,The Kingsmen,1963,The Kingsmen in Person
ROCK & Folk ROLL,Garage rock / R&B,EEUU,The Kingsmen,1999,Louie Louie (1962.1966.Best.Of)
ROCK & Folk ROLL,Rock / Pop / R&B,Reino Unido,The Kinks,,Carátulas
ROCK & Folk ROLL,Rock / Pop / R&B,Reino Unido,The Kinks,1964,Kinks
ROCK & Folk ROLL,Rock / Pop / R&B,Reino Unido,The Kinks,1965,Kinda Kinks
ROCK & Folk ROLL,Rock / Pop / R&B,Reino Unido,The Kinks,1965,The Kink Kontroversy
ROCK & Folk ROLL,Rock / Pop / R&B,Reino Unido,The Kinks,1966,Face to face
ROCK & Folk ROLL,Rock / Pop / R&B,Reino Unido,The Kinks,1967,Something else by the Kinks
ROCK & Folk ROLL,Rock / Pop / R&B,Reino Unido,The Kinks,1968,Kinks are the village green preservation society
ROCK & Folk ROLL,Rock / Pop / R&B,Reino Unido,The Kinks,1969,Arthur or the decline and fall of the british empire
ROCK & Folk ROLL,Rock / Pop / R&B,Reino Unido,The Kinks,1970,Lola versus Powerman and the moneygoround
ROCK & Folk ROLL,Rock / Pop / R&B,Reino Unido,The Kinks,1971,Muswell Hillbillies
ROCK & Folk ROLL,Rock / Pop / R&B,Reino Unido,The Kinks,1971,Percy
ROCK & Folk ROLL,Rock / Pop / R&B,Reino Unido,The Kinks,1992,The very best of
ROCK & Folk ROLL,Garage rock / Proto-punk,EEUU,The Monks,1966,Black Monk Time
ROCK & Folk ROLL,Rock progresivo / Psychedelic,Reino Unido,The Moody Blues,1996,The Best Of The Moody Blues
ROCK & Folk ROLL,New wave / Reggae rock,Reino Unido,The Police,1978,Outlandos d'Amour
ROCK & Folk ROLL,New wave / Reggae rock,Reino Unido,The Police,1980,Zenyatta Mondatta
ROCK & Folk ROLL,New wave / Reggae rock,Reino Unido,The Police,1983,Synchronicity
ROCK & Folk ROLL,Beat / Garage rock,Alemania,The Rattles,1963,Twist Im Star - Club Hamburg
ROCK & Folk ROLL,Beat / Garage rock,Alemania,The Rattles,1970,The Witch
ROCK & Folk ROLL,Beat / Garage rock,Alemania,The Rattles,1997,Greatest Hits
ROCK & Folk ROLL,Southern rock / Blues rock,EEUU,The Ringers,2001,Let Them Be Known [Compilation] [BREAK002]
ROCK & Folk ROLL,Surf rock / Instrumental,Reino Unido,The Shadows,1960,Apaches
ROCK & Folk ROLL,Surf rock / Instrumental,Reino Unido,The Shadows,1961,The Shadows
ROCK & Folk ROLL,Surf rock / Instrumental,Reino Unido,The Shadows,1962,Out Of The Shadows
ROCK & Folk ROLL,Surf rock / Instrumental,Reino Unido,The Shadows,1963,Greatest Hits
ROCK & Folk ROLL,Surf rock / Instrumental,Reino Unido,The Shadows,1964,Dance With The Shadows
ROCK & Folk ROLL,Surf rock / Instrumental,Reino Unido,The Shadows,1965,The sound of the Shadows
ROCK & Folk ROLL,Surf rock / Instrumental,Reino Unido,The Shadows,1966,Shadow Music
ROCK & Folk ROLL,Surf rock / Instrumental,Reino Unido,The Shadows,1967,"From Hank, Bruce, Brian And John"
ROCK & Folk ROLL,Surf rock / Instrumental,Reino Unido,The Shadows,1967,Jigsaw
ROCK & Folk ROLL,Surf rock / Instrumental,Reino Unido,The Shadows,1970,Shades Of Rock
ROCK & Folk ROLL,Surf rock / Instrumental,Reino Unido,The Shadows,1974,Rockin' With Curly Leads
ROCK & Folk ROLL,Surf rock / Instrumental,Reino Unido,The Shadows,1977,Another 20 Golden Greats
ROCK & Folk ROLL,Surf rock / Instrumental,Reino Unido,The Shadows,1984,Guardian angel
ROCK & Folk ROLL,Surf rock / Instrumental,Reino Unido,The Shadows,1986,Moonlight Shadows
ROCK & Folk ROLL,Surf rock / Instrumental,Reino Unido,The Shadows,1989,Steppin' to the Shadows
ROCK & Folk ROLL,Surf rock / Instrumental,Reino Unido,The Shadows,1990,Diamonds
ROCK & Folk ROLL,Surf rock / Instrumental,Reino Unido,The Shadows,1990,Reflection
ROCK & Folk ROLL,Surf rock / Instrumental,Reino Unido,The Shadows,1991,Themes & Dreams
ROCK & Folk ROLL,Surf rock / Instrumental,Reino Unido,The Shadows,1997,The Gold Collection
ROCK & Folk ROLL,Surf rock / Instrumental,Reino Unido,The Shadows,1997,The Shadows At Abbey Road
ROCK & Folk ROLL,Surf rock / Instrumental,Reino Unido,The Shadows,1998,Good Vibrations
ROCK & Folk ROLL,Surf rock / Instrumental,Reino Unido,The Shadows,2001,KonTiki
ROCK & Folk ROLL,Surf rock / Instrumental,Reino Unido,The Shadows,2003,Dreamtime
ROCK & Folk ROLL,Mod / R&B / Psychedelic,Reino Unido,The Small Faces,2000,BBC Sessions 1965-1968 [Compilation]
ROCK & Folk ROLL,Garage rock / Proto-punk,EEUU,The Sonics,1965,Here Are The Sonics
ROCK & Folk ROLL,Garage rock / Proto-punk,EEUU,The Sonics,1966,Boom
ROCK & Folk ROLL,Garage rock / Proto-punk,EEUU,The Sonics,1966,Introducing The Sonics
ROCK & Folk ROLL,Garage rock / Proto-punk,EEUU,The Sonics,1993,Psycho-sonic [Compilation]
ROCK & Folk ROLL,Mod / Freakbeat,Reino Unido,The Sorrows,2006,"Take A Heart  (1965-67 uk, r&b psych pop)"
ROCK & Folk ROLL,Folk rock / Progressive rock,Reino Unido,The Strawbs,1971,From The Witchwood
ROCK & Folk ROLL,Folk rock / Progressive rock,Reino Unido,The Strawbs,1976,Nomadness (Rem. 2008)
ROCK & Folk ROLL,Surf rock,EEUU,The Surfaris,1964,Fun City USA - Wipeout
ROCK & Folk ROLL,Surf rock,EEUU,The Surfaris,1999,Surfers Rule & Gone with the Wave [Compilation]
ROCK & Folk ROLL,Rock / Folk rock,EEUU,The Traveling Wilburys,2007,Collection
ROCK & Folk ROLL,Surf rock / Instrumental rock,EEUU,The Ventures,1961,Another Smash & The Ventures
ROCK & Folk ROLL,Surf rock / Instrumental rock,EEUU,The Ventures,1963,Let's Go!
ROCK & Folk ROLL,Surf rock / Instrumental rock,EEUU,The Ventures,1963,Play The Country Classics
ROCK & Folk ROLL,Surf rock / Instrumental rock,EEUU,The Ventures,1966,Go With The Ventures
ROCK & Folk ROLL,Surf rock / Instrumental rock,EEUU,The Ventures,1975,The Ventures Play James Bond Music
ROCK & Folk ROLL,Surf rock / Instrumental rock,EEUU,The Ventures,1990,Walk Don't Run The Best Of  [Compilation]
ROCK & Folk ROLL,Surf rock / Instrumental rock,EEUU,The Ventures,1994,Greatest Hits [Compilation]
ROCK & Folk ROLL,Rock / Mod / Hard rock,Reino Unido,The Who,1965,The Who Sings My Generation
ROCK & Folk ROLL,Rock / Mod / Hard rock,Reino Unido,The Who,1966,A Quick One
ROCK & Folk ROLL,Rock / Mod / Hard rock,Reino Unido,The Who,1967,The Who Sell Out
ROCK & Folk ROLL,Rock / Mod / Hard rock,Reino Unido,The Who,1969,Tommy
ROCK & Folk ROLL,Rock / Mod / Hard rock,Reino Unido,The Who,1971,Who's Next
ROCK & Folk ROLL,Rock / Mod / Hard rock,Reino Unido,The Who,1973,Quadrophenia
ROCK & Folk ROLL,Rock / Mod / Hard rock,Reino Unido,The Who,1974,Odds & Sods
ROCK & Folk ROLL,Rock / Mod / Hard rock,Reino Unido,The Who,1975,The Who By Numbers
ROCK & Folk ROLL,Rock / Mod / Hard rock,Reino Unido,The Who,1978,Who Are You
ROCK & Folk ROLL,Rock / Mod / Hard rock,Reino Unido,The Who,1981,Face Dances
ROCK & Folk ROLL,Rock / Mod / Hard rock,Reino Unido,The Who,1983,It's Hard
ROCK & Folk ROLL,Rock / Mod / Hard rock,Reino Unido,The Who,1994,30 Years of Maximum R&B
ROCK & Folk ROLL,Rock / Mod / Hard rock,Reino Unido,The Who,2000,Live At The Royal Albert Hall
ROCK & Folk ROLL,Rock / Mod / Hard rock,Reino Unido,The Who,2002,The Ultimate Collection
ROCK & Folk ROLL,R&B / Blues rock,Irlanda,Them,1997,Them 'The Story Of Them Featuring Van Morrison' [DECCA Compilation]
ROCK & Folk ROLL,R&B / Rock and roll,EEUU,Titus Turner,1961,Sound Off
ROCK & Folk ROLL,Blues / Cabaret / Rock,EEUU,Tom Waits,1974,The Heart Of Saturday Night
ROCK & Folk ROLL,Blues / Cabaret / Rock,EEUU,Tom Waits,1985,Rain Dogs
ROCK & Folk ROLL,Blues / Cabaret / Rock,EEUU,Tom Waits,2004,Real Gone
ROCK & Folk ROLL,Blues / Cabaret / Rock,EEUU,Tom Waits,2006,Orphans
ROCK & Folk ROLL,Rock / Psychedelic / Folk rock,Reino Unido,Traffic,1967,Mr.Fantasy
ROCK & Folk ROLL,Rock / Psychedelic / Folk rock,Reino Unido,Traffic,1968,Traffic [RE]
ROCK & Folk ROLL,Rock / Progressive rock,Reino Unido,Wishone Ash,,Wishone Ash - The Best Of Wishbone Ash (Full Cd)
ROCK & Folk ROLL,Rock / Progressive rock,Reino Unido,Wishone Ash,1970,Wishbone Ash
ROCK & Folk ROLL,Rock / Progressive rock,Reino Unido,Wishone Ash,1972,Argus [2002 RE]
ROCK & Folk ROLL,Heavy Metal,Reino Unido,Black Sabbath,1970,Paranoid
ROCK & Folk ROLL,Heavy Metal,Reino Unido,Black Sabbath,1980,Heaven And Hell
ROCK & Folk ROLL,Heavy Metal,Reino Unido,Deep Purple,1971,Fireball (25th Anniversary Edition)
ROCK & Folk ROLL,Heavy Metal,Noruega,Gluecifer,1997,Ridin' The Tiger
ROCK & Folk ROLL,Heavy Metal,Noruega,Gluecifer,1999,Head to Head Boredom
ROCK & Folk ROLL,Heavy Metal,Noruega,Gluecifer,2002,Respect The Rock
ROCK & Folk ROLL,Heavy Metal,Noruega,Gluecifer,2002,Basement Apes
ROCK & Folk ROLL,Heavy Metal,Noruega,Gluecifer,2004,Automatic Thrill
ROCK & Folk ROLL,Heavy Metal,Reino Unido,Led Zeppelin,1969,Led Zeppelin I
ROCK & Folk ROLL,Heavy Metal,Reino Unido,Led Zeppelin,1969,Led Zeppelin II
ROCK & Folk ROLL,Heavy Metal,Reino Unido,Led Zeppelin,1970,Led Zeppelin III
ROCK & Folk ROLL,Heavy Metal,Reino Unido,Led Zeppelin,1971,Led Zeppelin IV
ROCK & Folk ROLL,Heavy Metal,Reino Unido,Led Zeppelin,1973,Houses of The Holy
ROCK & Folk ROLL,Heavy Metal,Reino Unido,Led Zeppelin,1975,Physical Graffiti
ROCK & Folk ROLL,Heavy Metal,Reino Unido,Led Zeppelin,1976,Presence
ROCK & Folk ROLL,Heavy Metal,Reino Unido,Led Zeppelin,1976,The soundtrack From The Motion Picture
ROCK & Folk ROLL,Heavy Metal,Reino Unido,Led Zeppelin,1977,Destroyer
ROCK & Folk ROLL,Heavy Metal,Reino Unido,Led Zeppelin,1979,In Through The Out Door
ROCK & Folk ROLL,Heavy Metal,Reino Unido,Led Zeppelin,1980,Live Concert in Berlin
ROCK & Folk ROLL,Heavy Metal,Reino Unido,Led Zeppelin,1982,Coda
ROCK & Folk ROLL,Heavy Metal,Reino Unido,Led Zeppelin,1990,Box Set I (4CD)
ROCK & Folk ROLL,Heavy Metal,Reino Unido,Led Zeppelin,1990,Remasters
ROCK & Folk ROLL,Heavy Metal,Reino Unido,Led Zeppelin,1993,Box Set II (2CD)
ROCK & Folk ROLL,Heavy Metal,Reino Unido,Led Zeppelin,1994,No Quarter
ROCK & Folk ROLL,Heavy Metal,Reino Unido,Led Zeppelin,1997,BBC Sesions
ROCK & Folk ROLL,Heavy Metal,Reino Unido,Led Zeppelin,1997,Kashmir (Led Zeppelin Sinfónico)
ROCK & Folk ROLL,Heavy Metal,Reino Unido,Led Zeppelin,1999,Early Days
ROCK & Folk ROLL,Heavy Metal,Reino Unido,Led Zeppelin,2000,Latter Days
ROCK & Folk ROLL,Heavy Metal,Reino Unido,Led Zeppelin,2003,How The West Was Won
ROCK & Folk ROLL,Heavy Metal,EEUU,Operator,2007,Soulcrusher
ROCK & Folk ROLL,Heavy Metal,Irlanda,Thin Lizzy,1976,Jailbreak
ROCK & Folk ROLL,Heavy Metal,Irlanda,Thin Lizzy,1983,Life Live
ROCK & Folk ROLL,Heavy Metal,Irlanda,Thin Lizzy,1996,"Wild One,  The Very Best Of"
ROCK & Folk ROLL,Heavy Metal,EEUU,Van Halen,2004,The Best of
ROCK & Folk ROLL,Psychedelic,EEUU,Blue Cheer,1968,Outside Inside
ROCK & Folk ROLL,Psychedelic,EEUU,Blue Cheer,1968,Vincebus Eruptum
ROCK & Folk ROLL,Psychedelic,EEUU,Blue Cheer,1969,New Improved! Blue Cheer
ROCK & Folk ROLL,Psychedelic,EEUU,Blue Cheer,1970,The Original Human Being
ROCK & Folk ROLL,Psychedelic,EEUU,Blue Cheer,1991,Dining With The Sharks
ROCK & Folk ROLL,Psychedelic,Reino Unido,Fresh Maggots,1971,FRESH MAGGOTS
ROCK & Folk ROLL,Psychedelic,EEUU,Jeferson Airplane,1976,Surrealistic Pillow
ROCK & Folk ROLL,Psychedelic,EEUU,Rare Earth,1971,Rare Earth In Concert -  (live)
ROCK & Folk ROLL,Psychedelic,EEUU,Rare Earth,1988,Get Ready(&)Ecology [Motown]
ROCK & Folk ROLL,Psychedelic,EEUU,Rare Earth,1995,The Very Best [Anthology]
ROCK & Folk ROLL,Psychedelic,EEUU,Reverend Horton Heat,1990,SMOKE 'EM IF YOU GOT 'EM
ROCK & Folk ROLL,Psychedelic,EEUU,Reverend Horton Heat,,PSYCHOBILLY - REVEREND HORTON HEAT-9 FULL ALBUM COVERS 128
ROCK & Folk ROLL,Psychedelic,EEUU,Reverend Horton Heat,1994,Liquor In The Front
ROCK & Folk ROLL,Psychedelic,EEUU,Reverend Horton Heat,1999,Holy Roller (Compilation)
ROCK & Folk ROLL,Psychedelic,EEUU,Reverend Horton Heat,2009,Laughin' & cryin with the Reverend Horton Heat
ROCK & Folk ROLL,Psychedelic,Grecia,Socrates Drank The Conium,1971,Socrates Drank The Conium
ROCK & Folk ROLL,Psychedelic,Grecia,Socrates Drank The Conium,1972,Taste Of Conium
ROCK & Folk ROLL,Psychedelic,EEUU,The 13th Floor Elevators,1966,Psychedelic Sounds of
ROCK & Folk ROLL,Psychedelic,EEUU,The Fleshtones,1982,Roman Gods
ROCK & Folk ROLL,Psychedelic,EEUU,The Fleshtones,1998,More Than Skin Deep
ROCK & Folk ROLL,Psychedelic,EEUU,The Fleshtones,2008,Take A Good Look
ROCK & Folk ROLL,Psychedelic,EEUU,The Fuzztones,1984,Lysergic Emanations (1992 Reissue) - [MMCD036]
ROCK & Folk ROLL,Psychedelic,EEUU,The Fuzztones,1997,Flashbacks (Compilation) - [SUNDAZED SC 11045]
ROCK & Folk ROLL,Psychedelic,EEUU,The Fuzztones,2008,Horny As Hell
ROCK & Folk ROLL,Psychedelic,EEUU,The Savage Resurrection,1968,The Savage Resurrection
ROCK & Folk ROLL,Psychedelic,EEUU,Vanilla Fudge,1967,Vanilla Fudge
ROCK & Folk ROLL,Psychedelic,EEUU,Vanilla Fudge,1968,Renaissance
ROCK & Folk ROLL,Psychedelic,EEUU,Vanilla Fudge,1968,The Beat Goes On
ROCK & Folk ROLL,Psychedelic,EEUU,Vanilla Fudge,1969,Near The Beginning
ROCK & Folk ROLL,Psychedelic,EEUU,Vanilla Fudge,1970,Rock & Roll
ROCK & Folk ROLL,Punk,EEUU,Jimmy Hendrix,1967,Are You Experienced
ROCK & Folk ROLL,Punk,EEUU,Jimmy Hendrix,1970,Band Of Gypsys
ROCK & Folk ROLL,Punk,Reino Unido,Joy Division,1979,Unknown Pleasures (Remastered & Expanded 2007)
ROCK & Folk ROLL,Punk,Reino Unido,Joy Division,1998,Substance 1977-1980 (Compilation)
ROCK & Folk ROLL,Punk,Reino Unido,Joy Division,2008,The Best Of Joy Division
ROCK & Folk ROLL,Punk,EEUU,New York Dolls,1973,New York Dolls
ROCK & Folk ROLL,Punk,EEUU,New York Dolls,2009,Cause I Sez So
ROCK & Folk ROLL,Punk,EEUU,The Stooges,1969,The Stooges [2005 Remaster]
ROCK & Folk ROLL,Punk,EEUU,The Stooges,1977,Raw Power
ROCK & Folk ROLL,Punk,Reino Unido,The Troggs,2000,Memories of
ROCK & Folk ROLL,Punk,Reino Unido,The Troggs,1975,The Troggs
ROCK & Folk ROLL,Punk,Reino Unido,The Troggs,,Wild things (75-76)
ROCK & Folk ROLL,Punk,Reino Unido,The Troggs,1966,From Nowhere
ROCK & Folk ROLL,Punk,Reino Unido,The Troggs,2000,The Singles [Compilation]
ROCK & Folk ROLL,RooTs to COUNTRY,EEUU,Alison Brown,1994,Look Left
ROCK & Folk ROLL,RooTs to COUNTRY,EEUU,Alison Brown,2000,Fair Weather
ROCK & Folk ROLL,RooTs to COUNTRY,EEUU,Alison Brown,2005,Stolen Moments
ROCK & Folk ROLL,RooTs to COUNTRY,EEUU,Dale Watson,2000,Christmas Time In Texas
ROCK & Folk ROLL,RooTs to COUNTRY,EEUU,Dale Watson,2006,Whiskey Or God
ROCK & Folk ROLL,RooTs to COUNTRY,EEUU,Dale Watson,2007,From The Cradle To The Grave
ROCK & Folk ROLL,RooTs to COUNTRY,EEUU,David Grisman,2000,Tone Poems III
ROCK & Folk ROLL,RooTs to COUNTRY,EEUU,Flatt & Scruggs,1967,Strictly Instrumental
ROCK & Folk ROLL,RooTs to COUNTRY,EEUU,Garth Brooks,1989,Garth Brooks (Limited Series)
ROCK & Folk ROLL,RooTs to COUNTRY,EEUU,Garth Brooks,1990,No Fences
ROCK & Folk ROLL,RooTs to COUNTRY,EEUU,Garth Brooks,1990,No Fences 2
ROCK & Folk ROLL,RooTs to COUNTRY,EEUU,Garth Brooks,1991,Ropin The Wind
ROCK & Folk ROLL,RooTs to COUNTRY,EEUU,Garth Brooks,1992,Beyond the Season
ROCK & Folk ROLL,RooTs to COUNTRY,EEUU,Garth Brooks,1992,The Chase
ROCK & Folk ROLL,RooTs to COUNTRY,EEUU,Garth Brooks,1993,In Pieces
ROCK & Folk ROLL,RooTs to COUNTRY,EEUU,Garth Brooks,1994,The Hits
ROCK & Folk ROLL,RooTs to COUNTRY,EEUU,Garth Brooks,1995,Fresh Horses
ROCK & Folk ROLL,RooTs to COUNTRY,EEUU,Garth Brooks,1997,Sevens
ROCK & Folk ROLL,RooTs to COUNTRY,EEUU,Garth Brooks,1998,Double Live
ROCK & Folk ROLL,RooTs to COUNTRY,EEUU,Garth Brooks,1999,The Magic Of Christmas
ROCK & Folk ROLL,RooTs to COUNTRY,EEUU,Garth Brooks,2000,Garth Brooks
ROCK & Folk ROLL,RooTs to COUNTRY,EEUU,Garth Brooks,2001,Scarecrow
ROCK & Folk ROLL,RooTs to COUNTRY,EEUU,Garth Brooks,2007,The Ultimate Hits
ROCK & Folk ROLL,RooTs to COUNTRY,EEUU,Hank Williams,1978,40 Greatest Hits
ROCK & Folk ROLL,RooTs to COUNTRY,EEUU,Hank Williams,1992,The Original Singles Collection
ROCK & Folk ROLL,RooTs to COUNTRY,EEUU,Hank Williams III,2002,Lovesick Broke & Driftin'
ROCK & Folk ROLL,RooTs to COUNTRY,EEUU,Hank Williams III,2003,This Ain't Country
ROCK & Folk ROLL,RooTs to COUNTRY,EEUU,Hank Williams III,2006,Straight To Hell
ROCK & Folk ROLL,RooTs to COUNTRY,EEUU,Kris Kristofferson,2003,The Greatest Hits
ROCK & Folk ROLL,RooTs to COUNTRY,EEUU,Lester Flatt & Earl Scruggs,,Flatt.&.Scruggs.-.1948-1959.[Bear.Family.Box.Set.4CD.-.256.Kbps]
ROCK & Folk ROLL,RooTs to COUNTRY,EEUU,Lester Flatt & Earl Scruggs,1961,Foggy Mountain Banjo
ROCK & Folk ROLL,RooTs to COUNTRY,EEUU,Lester Flatt & Earl Scruggs,2004,Selected Sides 1947 - 1953 (Compilation)
ROCK & Folk ROLL,RooTs to COUNTRY,EEUU,Lyle Lovett,1987,Pontiac
ROCK & Folk ROLL,RooTs to COUNTRY,EEUU,Lyle Lovett,2001,Anthology Vol.1 - Cowboy Man
ROCK & Folk ROLL,RooTs to COUNTRY,EEUU,Lyle Lovett,2003,My Baby Don't Tolerate
ROCK & Folk ROLL,RooTs to COUNTRY,EEUU,Lyle Lovett,2007,"It's not Big, It's Large"
ROCK & Folk ROLL,RooTs to COUNTRY,EEUU,Lyle Lovett,2012,Release Me
ROCK & Folk ROLL,RooTs to COUNTRY,EEUU,Mark O'Connor,2002,In full Swing (Mark O´Connor´s Hot Swing Trio)
ROCK & Folk ROLL,RooTs to COUNTRY,EEUU,Patsy Cline,1961,Patsy Cline Showcase
ROCK & Folk ROLL,RooTs to COUNTRY,EEUU,Patsy Cline,1962,Sentimentally Yours
ROCK & Folk ROLL,RooTs to COUNTRY,EEUU,Patsy Cline,2000,Ultimate Collection
ROCK & Folk ROLL,RooTs to COUNTRY,EEUU,Steve Earle,2008,Copperhead Road [Deluxe Edition]
ROCK & Folk ROLL,RooTs to COUNTRY,EEUU,Steve Earle,2013,The Warner Bros Years
ROCK & Folk ROLL,RooTs to COUNTRY,EEUU,The Carter Family,2000,Can The Circle Be Unbroken
ROCK & Folk ROLL,RooTs to COUNTRY,EEUU,The Carter Family,2001,The Carter Family 1927-1934 (comp)
ROCK & Folk ROLL,RooTs to COUNTRY,EEUU,The Carter Family,2008,Wildwood Flower
ROCK & Folk ROLL,RooTs to COUNTRY,EEUU,The Desert Rose Band,,The Desert Rose Band with Emmylou Harris - Bluegrass Festival (1986)
ROCK & Folk ROLL,RooTs to COUNTRY,EEUU,The Desert Rose Band,1987,The Desert Rose Band
ROCK & Folk ROLL,RooTs to COUNTRY,EEUU,The Desert Rose Band,1990,Fooled again
ROCK & Folk ROLL,RooTs to COUNTRY,EEUU,The Desert Rose Band,1991,Greatest Hits
ROCK & Folk ROLL,RooTs to COUNTRY,EEUU,The Desert Rose Band,1991,True Love
ROCK & Folk ROLL,RooTs to COUNTRY,,The History of Country and Western,,The History of Country and Western Music (Disc 1)
ROCK & Folk ROLL,RooTs to COUNTRY,,The History of Country and Western,,The History of Country and Western Music (Disc 10)
ROCK & Folk ROLL,RooTs to COUNTRY,,The History of Country and Western,,The History of Country and Western Music (Disc 11)
ROCK & Folk ROLL,RooTs to COUNTRY,,The History of Country and Western,,The History of Country and Western Music (Disc 12)
ROCK & Folk ROLL,RooTs to COUNTRY,,The History of Country and Western,,The History of Country and Western Music (Disc 13)
ROCK & Folk ROLL,RooTs to COUNTRY,,The History of Country and Western,,The History of Country and Western Music (Disc 14)
ROCK & Folk ROLL,RooTs to COUNTRY,,The History of Country and Western,,The History of Country and Western Music (Disc 15)
ROCK & Folk ROLL,RooTs to COUNTRY,,The History of Country and Western,,The History of Country and Western Music (Disc 16)
ROCK & Folk ROLL,RooTs to COUNTRY,,The History of Country and Western,,The History of Country and Western Music (Disc 17)
ROCK & Folk ROLL,RooTs to COUNTRY,,The History of Country and Western,,The History of Country and Western Music (Disc 18)
ROCK & Folk ROLL,RooTs to COUNTRY,,The History of Country and Western,,The History of Country and Western Music (Disc 19)
ROCK & Folk ROLL,RooTs to COUNTRY,,The History of Country and Western,,The History of Country and Western Music (Disc 2)
ROCK & Folk ROLL,RooTs to COUNTRY,,The History of Country and Western,,The History of Country and Western Music (Disc 20)
ROCK & Folk ROLL,RooTs to COUNTRY,,The History of Country and Western,,The History of Country and Western Music (Disc 3)
ROCK & Folk ROLL,RooTs to COUNTRY,,The History of Country and Western,,The History of Country and Western Music (Disc 4)
ROCK & Folk ROLL,RooTs to COUNTRY,,The History of Country and Western,,The History of Country and Western Music (Disc 5)
ROCK & Folk ROLL,RooTs to COUNTRY,,The History of Country and Western,,The History of Country and Western Music (Disc 6)
ROCK & Folk ROLL,RooTs to COUNTRY,,The History of Country and Western,,The History of Country and Western Music (Disc 7)
ROCK & Folk ROLL,RooTs to COUNTRY,,The History of Country and Western,,The History of Country and Western Music (Disc 8)
ROCK & Folk ROLL,RooTs to COUNTRY,,The History of Country and Western,,The History of Country and Western Music (Disc 9)
ROCK & Folk ROLL,RooTs to COUNTRY,EEUU,The Jayhawks,1992,Hollywood Town Hall
ROCK & Folk ROLL,RooTs to COUNTRY,EEUU,The Jayhawks,1995,Tomorrow the Green Grass
ROCK & Folk ROLL,Today Mood,EEUU,Allah-Las,2012,Allah-Las
ROCK & Folk ROLL,Today Mood,EEUU,Allah-Las,2014,Worship The Sun
ROCK & Folk ROLL,Today Mood,Suecia,David Myhr,2012,Soundshine
ROCK & Folk ROLL,Today Mood,EEUU,JD McPherson,,JD McPherson - Unplugged
ROCK & Folk ROLL,Today Mood,EEUU,JD McPherson,2010,Signs & Signifiers
ROCK & Folk ROLL,Today Mood,EEUU,John Paul Keith,2011,The Man That Time Forgot
ROCK & Folk ROLL,Today Mood,EEUU,Nick Curran,,Nick Curran & The Lowlifes - 2010 - Reform School Girl
ROCK & Folk ROLL,Today Mood,EEUU,Nick Curran,,Nick Curran and the Nitelifes - 2003 - Doctor Velvet
ROCK & Folk ROLL,Today Mood,,Redondo Beat,,Meet Redondo Beat-2011-FiH
ROCK & Folk ROLL,Today Mood,EEUU,St. Paul & The Broken Bones,2014,Bear Creek
ROCK & Folk ROLL,Today Mood,EEUU,St. Paul & The Broken Bones,2014,Call Me (single)
ROCK & Folk ROLL,Today Mood,EEUU,St. Paul & The Broken Bones,2015,Half the City
ROCK & Folk ROLL,Today Mood,Alemania,The Baseballs,2011,Strings 'n' Stripes (14 tracks)
ROCK & Folk ROLL,Today Mood,Alemania,The Baseballs,2011,Strings 'n' Stripes (19 tracks)
ROCK & Folk ROLL,Today Mood,Alemania,The Baseballs,2011,Strings 'N' Stripes (Dutch Deluxe Edition)
ROCK & Folk ROLL,Today Mood,Alemania,The Baseballs,2012,Good ol' Christmas
ROCK & Folk ROLL,Today Mood,Alemania,The Baseballs,2012,Strings 'n' Stripes LIVE (2 CD)
ROCK & Folk ROLL,Today Mood,Alemania,The Baseballs,2014,Game Day (Deluxe)
ROCK & Folk ROLL,Today Mood,EEUU,The Hi-Risers,2012,Hang Around With You
ROCK & Folk ROLL,Today Mood,Suecia,The Maharajas,1998,Something Moody & Groovy EP
ROCK & Folk ROLL,Today Mood,Suecia,The Maharajas,2001,H-Minor
ROCK & Folk ROLL,Today Mood,Suecia,The Maharajas,2002,Wait & Wonder EP
ROCK & Folk ROLL,Today Mood,Suecia,The Maharajas,2004,Unrelated Statements
ROCK & Folk ROLL,Today Mood,Suecia,The Maharajas,2005,A Third Opinion
ROCK & Folk ROLL,Today Mood,Suecia,The Maharajas,2006,Weekend Sparks EP
ROCK & Folk ROLL,Today Mood,Suecia,The Maharajas,2007,In Pure Spite
ROCK & Folk ROLL,Today Mood,Reino Unido,The Urban Voodoo Machine,2009,Bourbon Soaked Gypsy Blues Bop 'n' Stroll
ROCK & Folk ROLL,Today Mood,Reino Unido,The Urban Voodoo Machine,2011,In Black 'N' Red
ROCK & Folk ROLL,Today Mood,Reino Unido,The Urban Voodoo Machine,2014,"Love, Drink & Death"
ROCK & Folk ROLL,VV.AA - Recopilaciones,,2004 - Garage Beat '66 (Sundazed),,Vol #1
ROCK & Folk ROLL,VV.AA - Recopilaciones,,2004 - Garage Beat '66 (Sundazed),,Vol #2
ROCK & Folk ROLL,VV.AA - Recopilaciones,,2004 - Instrumental Memories Are Made Of This - (EMI VTCD629),,ArtWork
ROCK & Folk ROLL,VV.AA - Recopilaciones,,2004 - Instrumental Memories Are Made Of This - (EMI VTCD629),,Disc1
ROCK & Folk ROLL,VV.AA - Recopilaciones,,2004 - Instrumental Memories Are Made Of This - (EMI VTCD629),,Disc2
ROCK & Folk ROLL,VV.AA - Recopilaciones,,2011 - Girls Gone Rockin' Vol.2 - Let's Have A Party,,CD 1
ROCK & Folk ROLL,VV.AA - Recopilaciones,,2011 - Girls Gone Rockin' Vol.2 - Let's Have A Party,,CD 2
ROCK & Folk ROLL,VV.AA - Recopilaciones,,2011 - Girls Gone Rockin' Vol.2 - Let's Have A Party,,CD 3
ROCK & Folk ROLL,VV.AA - Recopilaciones,,2011 - Rock 'N' Roll Girls ~ The Rockin' And Swinging Girls Of The 50's,,Disc 01 - Let's Have A Party
ROCK & Folk ROLL,VV.AA - Recopilaciones,,2011 - Rock 'N' Roll Girls ~ The Rockin' And Swinging Girls Of The 50's,,Disc 02 - Great Balls Of Fire
ROCK & Folk ROLL,VV.AA - Recopilaciones,,2011 - Rock 'N' Roll Girls ~ The Rockin' And Swinging Girls Of The 50's,,Disc 03 - Baby Loves Him
ROCK & Folk ROLL,VV.AA - Recopilaciones,,2011 - Rock 'N' Roll Girls ~ The Rockin' And Swinging Girls Of The 50's,,Disc 04 - My Little Baby
ROCK & Folk ROLL,VV.AA - Recopilaciones,,2011 - Rock 'N' Roll Girls ~ The Rockin' And Swinging Girls Of The 50's,,Disc 05 - Hands Off
ROCK & Folk ROLL,VV.AA - Recopilaciones,,2011 - Rock 'N' Roll Girls ~ The Rockin' And Swinging Girls Of The 50's,,Disc 06 - Roll Over Beethoven
ROCK & Folk ROLL,VV.AA - Recopilaciones,,2011 - Rock 'N' Roll Girls ~ The Rockin' And Swinging Girls Of The 50's,,Disc 07 - Don't Be Cruel
ROCK & Folk ROLL,VV.AA - Recopilaciones,,2011 - Rock 'N' Roll Girls ~ The Rockin' And Swinging Girls Of The 50's,,Disc 08 - No Way Out
ROCK & Folk ROLL,VV.AA - Recopilaciones,,2011 - Rock 'N' Roll Girls ~ The Rockin' And Swinging Girls Of The 50's,,Disc 09 - Love And Kisses
ROCK & Folk ROLL,VV.AA - Recopilaciones,,2011 - Rock 'N' Roll Girls ~ The Rockin' And Swinging Girls Of The 50's,,Disc 10 - Tonight's The Night
ROOTS & Blues,Chicago blues,EEUU,,,Electric Chicago Blues (40's & 50's)
ROOTS & Blues,Chicago blues,EEUU,,,Modern Electric Chicago Blues (60's to Today's)
ROOTS & Blues,Delta blues,EEUU,,,Electrical Delta Blues
ROOTS & Blues,Delta blues,EEUU,,,Modern Delta Blues
ROOTS & Blues,Modern electric blues,EEUU,,,Contemporary Blues
ROOTS & Blues,Texas blues,EEUU,,,Electrical Texas Blues
ROOTS & Blues,Con Ñ,,Alcohol Jazz,2001,Persecución Implacable
ROOTS & Blues,Con Ñ,,Alcohol Jazz,2002,Suerte y Padrino
ROOTS & Blues,Con Ñ,,Border Line Blues Band,,All That Blues! - 2007
ROOTS & Blues,Con Ñ,,Border Line Blues Band,2007,MaQUETA
ROOTS & Blues,Con Ñ,,Caledonia Blues Band,1990,Blues forThe Mother
ROOTS & Blues,Con Ñ,,Caledonia Blues Band,1991,Caledonia Blues Band
ROOTS & Blues,Con Ñ,,Caledonia Blues Band,1994,Alemeda Sessions
ROOTS & Blues,Con Ñ,,Caledonia Blues Band,1995,Chicken Jump
ROOTS & Blues,Con Ñ,España,Guadalupe Plata,2009,Guadalupe Plata (EP)
ROOTS & Blues,Con Ñ,España,Guadalupe Plata,2011,Guadalupe Plata (LP1)
ROOTS & Blues,Con Ñ,España,Guadalupe Plata,2013,Guadalupe Plata (LP2)
ROOTS & Blues,Con Ñ,,La Blues Band De Granada,1990,El Mejor Blues de la Ciudad
ROOTS & Blues,Con Ñ,,La Blues Band De Granada,1995,La Vida No Es Fácil
ROOTS & Blues,Con Ñ,,La Blues Band De Granada,2000,Cuatro
ROOTS & Blues,Con Ñ,,Lluís Coloma,2002,Remember
ROOTS & Blues,Con Ñ,,Lluís Coloma,2005,Boogieology
ROOTS & Blues,Con Ñ,,Los Bluesfalos,,XxXx - 10º ANIVERSARIO [Recopilatorio]
ROOTS & Blues,Con Ñ,España,Los reyes del  K.O,2002,Coll Vs Costa
ROOTS & Blues,Con Ñ,España,Los reyes del  K.O,2004,Home made blues (y los Homebreakers)
ROOTS & Blues,Con Ñ,España,Los reyes del  K.O,2006,Hot Tin Roof
ROOTS & Blues,Con Ñ,España,Los reyes del  K.O,2008,Live In Yorckschlosschen Berlin
ROOTS & Blues,Con Ñ,,Miki Nervio & The Bluesmakers,2004,Directo en Pontevedra ( con Ñaco Goñi)
ROOTS & Blues,Con Ñ,Finlandia,Satellite,2010,CLICK YOUR FINGERS ON!
ROOTS & Blues,Con Ñ,,The Lazy Jumpers,2003,Somebody Tell That Woman
ROOTS & Blues,Con Ñ,,The Lazy Jumpers,2005,Bad Luck (Turn My Back On You)
ROOTS & Blues,Con Ñ,,The Lazy Jumpers,2007,Comin' on Like Gangbusters
ROOTS & Blues,Con Ñ,,Tonky blues band,1985,Blues Corner [& Ñaco Goñi]
ROOTS & Blues,Con Ñ,,Tota Blues,2004,Crazy ´Bout The Blues
ROOTS & Blues,Con Ñ,,Txus Blues & Jose Bluefingers,2001,Txus Blues & Jose Bluefingers
ROOTS & Blues,Con Ñ,,Txus Blues & Jose Bluefingers,2002,Blues De Andar Por Casa
ROOTS & Blues,Con Ñ,,Txus Blues & Jose Bluefingers,2006,Enfermos de Blues
ROOTS & Blues,Con Ñ,,Victor Aneiros Band,2007,O Blues Do Amencer
ROOTS & Blues,Con Ñ,,Ñaco Goñi y los Bluescavidas,1995,Blues company
ROOTS & Blues,Con Ñ,,Ñaco Goñi y los Bluescavidas,1999,Directo en Moby Dick Club
ROOTS & Blues,Con Ñ,,Ñaco Goñi y los Bluescavidas,2003,Nada que Perder
ROOTS & Blues,V.V.A.A - Recopilaciones,,The Blues Collection,,Artwork
ROOTS & Blues,V.V.A.A - Recopilaciones,,The Blues Collection,,The Blues Collection 01 - John Lee Hooker - Boogie Man
ROOTS & Blues,V.V.A.A - Recopilaciones,,The Blues Collection,,The Blues Collection 02 - B.B. King - King of the Blues
ROOTS & Blues,V.V.A.A - Recopilaciones,,The Blues Collection,,The Blues Collection 03 - Chuck Berry - The Blues Berry
ROOTS & Blues,V.V.A.A - Recopilaciones,,The Blues Collection,,The Blues Collection 04 - Buddy Guy - Stone Crazy
ROOTS & Blues,V.V.A.A - Recopilaciones,,The Blues Collection,,The Blues Collection 05 - Bo Diddley
ROOTS & Blues,V.V.A.A - Recopilaciones,,The Blues Collection,,The Blues Collection 06 - Robert Johnson
ROOTS & Blues,V.V.A.A - Recopilaciones,,The Blues Collection,,The Blues Collection 07 - Howlin' Wolf
ROOTS & Blues,V.V.A.A - Recopilaciones,,The Blues Collection,,The Blues Collection 08 - John Mayall & Bluesbreakers
ROOTS & Blues,V.V.A.A - Recopilaciones,,The Blues Collection,,The Blues Collection 09 - Bessie Smith - Classic Blues
ROOTS & Blues,V.V.A.A - Recopilaciones,,The Blues Collection,,The Blues Collection 10 - Sonny Boy Williamson II - Nine Below Zero
ROOTS & Blues,V.V.A.A - Recopilaciones,,The Blues Collection,,The Blues Collection 11 - Muddy Waters
ROOTS & Blues,V.V.A.A - Recopilaciones,,The Blues Collection,,The Blues Collection 12 - Little Richard
ROOTS & Blues,V.V.A.A - Recopilaciones,,The Blues Collection,,The Blues Collection 13 - Memphis Slim - Beer Drinkin Woman
ROOTS & Blues,V.V.A.A - Recopilaciones,,The Blues Collection,,The Blues Collection 14 - Eric Clapton and the Yardbirds
ROOTS & Blues,V.V.A.A - Recopilaciones,,The Blues Collection,,The Blues Collection 15 - Fats Domino - Be My Guest
ROOTS & Blues,V.V.A.A - Recopilaciones,,The Blues Collection,,The Blues Collection 16 - TBone Walker - Stormy Monday
ROOTS & Blues,V.V.A.A - Recopilaciones,,The Blues Collection,,The Blues Collection 17 - Elmore James - Dust My Broom
ROOTS & Blues,V.V.A.A - Recopilaciones,,The Blues Collection,,The Blues Collection 18 - Jimmy Reed - You Dont Have to Go
ROOTS & Blues,V.V.A.A - Recopilaciones,,The Blues Collection,,The Blues Collection 19 - Otis Rush - I Cant Quit You Baby
ROOTS & Blues,V.V.A.A - Recopilaciones,,The Blues Collection,,The Blues Collection 20 - Little Walter - Boss Blues Harmonica
ROOTS & Blues,V.V.A.A - Recopilaciones,,The Blues Collection,,The Blues Collection 21 - Magic Sam - All Your Love
ROOTS & Blues,V.V.A.A - Recopilaciones,,The Blues Collection,,The Blues Collection 22 - Lowell Fulson - West Coast Blues
ROOTS & Blues,V.V.A.A - Recopilaciones,,The Blues Collection,,The Blues Collection 23 - Bukka White - Parchman Farm Blues
ROOTS & Blues,V.V.A.A - Recopilaciones,,The Blues Collection,,The Blues Collection 24 - Jimmy Witherspoon - Aint Nobody's Bizness
ROOTS & Blues,V.V.A.A - Recopilaciones,,The Blues Collection,,The Blues Collection 25 - Robert Cray - Who's Been Talkin
ROOTS & Blues,V.V.A.A - Recopilaciones,,The Blues Collection,,The Blues Collection 26 - Albert King - Blues Power
ROOTS & Blues,V.V.A.A - Recopilaciones,,The Blues Collection,,The Blues Collection 27 - Big Bill Broonzy - Whiskey And Good Time Blues
ROOTS & Blues,V.V.A.A - Recopilaciones,,The Blues Collection,,The Blues Collection 28 - Louis Jordan - Caledonia
ROOTS & Blues,V.V.A.A - Recopilaciones,,The Blues Collection,,The Blues Collection 29 - Koko Taylor - Wang Dang Doodle
ROOTS & Blues,V.V.A.A - Recopilaciones,,The Blues Collection,,The Blues Collection 30 - Leadbelly - Midnight Special
ROOTS & Blues,V.V.A.A - Recopilaciones,,The Blues Collection,,The Blues Collection 31 - Lightnin Hopkins - Texas Blues
ROOTS & Blues,V.V.A.A - Recopilaciones,,The Blues Collection,,The Blues Collection 32 - Otis Spann - My Home in the Delta
ROOTS & Blues,V.V.A.A - Recopilaciones,,The Blues Collection,,The Blues Collection 33 - Earl Hooker & Junior Wells
ROOTS & Blues,V.V.A.A - Recopilaciones,,The Blues Collection,,The Blues Collection 34 - J.B. Lenoir - Eisenhower Blues
ROOTS & Blues,V.V.A.A - Recopilaciones,,The Blues Collection,,The Blues Collection 35 - Clarence 'Gatemouth' Brown - Just Got lucky
ROOTS & Blues,V.V.A.A - Recopilaciones,,The Blues Collection,,The Blues Collection 36 - Big Joe Williams - Baby Please Don't Go
ROOTS & Blues,V.V.A.A - Recopilaciones,,The Blues Collection,,The Blues Collection 37 - J.B. Hutto - Pet Cream Man
ROOTS & Blues,V.V.A.A - Recopilaciones,,The Blues Collection,,The Blues Collection 38 - Big Maceo - Worried Life Blues
ROOTS & Blues,V.V.A.A - Recopilaciones,,The Blues Collection,,The Blues Collection 39 - Sonny Terry & Brownie McGhee - Walk On
ROOTS & Blues,V.V.A.A - Recopilaciones,,The Blues Collection,,The Blues Collection 40 - Lonnie Brooks - Reconsider Baby
ROOTS & Blues,V.V.A.A - Recopilaciones,,The Blues Collection,,The Blues Collection 41- Memphis Jug Bands - Walk Right In
ROOTS & Blues,V.V.A.A - Recopilaciones,,The Blues Collection,,The Blues Collection 42 - Clifton Chenier - Frenchin The Blues
ROOTS & Blues,V.V.A.A - Recopilaciones,,The Blues Collection,,The Blues Collection 43 - Blind Willie Mctell - Statesboro Blues
ROOTS & Blues,V.V.A.A - Recopilaciones,,The Blues Collection,,The Blues Collection 44 - Luther Allison - Rich Man
ROOTS & Blues,V.V.A.A - Recopilaciones,,The Blues Collection,,The Blues Collection 45 - Fred Mcdowell - Mississippi Blues
ROOTS & Blues,V.V.A.A - Recopilaciones,,The Blues Collection,,The Blues Collection 46 - Roosevelt Sykes - '44 Blues
ROOTS & Blues,V.V.A.A - Recopilaciones,,The Blues Collection,,The Blues Collection 47 - Arthur Cruddup - Rock Me Mama
ROOTS & Blues,V.V.A.A - Recopilaciones,,The Blues Collection,,The Blues Collection 48 - Little Milton - Stand By Me
ROOTS & Blues,V.V.A.A - Recopilaciones,,The Blues Collection,,The Blues Collection 49 - Charlie Patton - Pony Blues
ROOTS & Blues,V.V.A.A - Recopilaciones,,The Blues Collection,,The Blues Collection 50 - Big Joe Turner - Roll 'em
ROOTS & Blues,V.V.A.A - Recopilaciones,,The Blues Collection,,The Blues Collection 51 - Tampa Red - The Guitar Wizard
ROOTS & Blues,V.V.A.A - Recopilaciones,,The Blues Collection,,The Blues Collection 52 - Frank Frost - Downhome Blues
ROOTS & Blues,V.V.A.A - Recopilaciones,,The Blues Collection,,The Blues Collection 53 - Sleepy John Estes - Drop Down Mama
ROOTS & Blues,V.V.A.A - Recopilaciones,,The Blues Collection,,The Blues Collection 54 -Jimmy Rogers - That's All Right
ROOTS & Blues,V.V.A.A - Recopilaciones,,The Blues Collection,,The Blues Collection 55 - Blind Boy Fuller - Heart Ease Blues
ROOTS & Blues,V.V.A.A - Recopilaciones,,The Blues Collection,,The Blues Collection 56 - Johnny Copeland - Texas Party
ROOTS & Blues,V.V.A.A - Recopilaciones,,The Blues Collection,,The Blues Collection 57 - Eddie Vinson - Cleanhead Blues
ROOTS & Blues,V.V.A.A - Recopilaciones,,The Blues Collection,,The Blues Collection 58 - Eddie Boyd - Third Degree
ROOTS & Blues,V.V.A.A - Recopilaciones,,The Blues Collection,,The Blues Collection 59 - Champion Jack Dupree - Junkers Blues
ROOTS & Blues,V.V.A.A - Recopilaciones,,The Blues Collection,,The Blues Collection 60 - Willie Dixon - Little Red Rooster
ROOTS & Blues,V.V.A.A - Recopilaciones,,The Blues Collection,,The Blues Collection 61 - Furry Lewis & Frank Stokes - Beale Street Blues
ROOTS & Blues,V.V.A.A - Recopilaciones,,The Blues Collection,,The Blues Collection 62 - Screaming Jay Hawkins - Blues Shouter
ROOTS & Blues,V.V.A.A - Recopilaciones,,The Blues Collection,,The Blues Collection 63 - Robert Nighthawk & Forrest City Joe
ROOTS & Blues,V.V.A.A - Recopilaciones,,The Blues Collection,,The Blues Collection 64 - Professor Longhair - Live In London
ROOTS & Blues,V.V.A.A - Recopilaciones,,The Blues Collection,,The Blues Collection 65 - Victoria Spivey - Moaning The Blues
ROOTS & Blues,V.V.A.A - Recopilaciones,,The Blues Collection,,The Blues Collection 66 - Jimmy McCracklin - San Francisco Blues
ROOTS & Blues,V.V.A.A - Recopilaciones,,The Blues Collection,,The Blues Collection 67 - Magic Slim - Grand Slam
ROOTS & Blues,V.V.A.A - Recopilaciones,,The Blues Collection,,The Blues Collection 68-  Piano Red - Live and feelin Good
ROOTS & Blues,V.V.A.A - Recopilaciones,,The Blues Collection,,The Blues Collection 69 - Walter Horton - Shuffle And Swing
ROOTS & Blues,V.V.A.A - Recopilaciones,,The Blues Collection,,The Blues Collection 70 - Hillbilly Blues - Hilllbilly Blues
ROOTS & Blues,V.V.A.A - Recopilaciones,,The Blues Collection,,The Blues Collection 71 - Charles Brown - Drifting Blues
ROOTS & Blues,V.V.A.A - Recopilaciones,,The Blues Collection,,The Blues Collection 72 - Carey & Lurrie Bell - Father and Son
ROOTS & Blues,V.V.A.A - Recopilaciones,,The Blues Collection,,The Blues Collection 73 - Blues Women - Blues Women
ROOTS & Blues,V.V.A.A - Recopilaciones,,The Blues Collection,,The Blues Collection 74 - Lonnie Johnson - Guitar Blues
ROOTS & Blues,V.V.A.A - Recopilaciones,,The Blues Collection,,The Blues Collection 75 - Snooks Eaglin - Heavy Juice
ROOTS & Blues,V.V.A.A - Recopilaciones,,The Blues Collection,,The Blues Collection 76 - Memphis Minnie - Let's Go To Town
ROOTS & Blues,V.V.A.A - Recopilaciones,,The Blues Collection,,The Blues Collection 77 - Philip Walker - Steppin' Up In Class
ROOTS & Blues,V.V.A.A - Recopilaciones,,The Blues Collection,,The Blues Collection 78 - Texas Blues - Texas Blues
ROOTS & Blues,V.V.A.A - Recopilaciones,,The Blues Collection,,The Blues Collection 79 - James Booker - New Orleans Keyboard King
ROOTS & Blues,V.V.A.A - Recopilaciones,,The Blues Collection,,The Blues Collection 80 - Thirties  Blues - Thirties  Blues
ROOTS & Blues,V.V.A.A - Recopilaciones,,The Blues Collection,,The Blues Collection 81 - Louisiana Red - Pretty Woman
ROOTS & Blues,V.V.A.A - Recopilaciones,,The Blues Collection,,The Blues Collection 82 - Peetie Wheatstraw - The Devil's Son in law
ROOTS & Blues,V.V.A.A - Recopilaciones,,The Blues Collection,,The Blues Collection 83 -Jimmy Johnson - County Preacher
ROOTS & Blues,V.V.A.A - Recopilaciones,,The Blues Collection,,The Blues Collection 84 - East Coast Blues - East Coast Blues
ROOTS & Blues,V.V.A.A - Recopilaciones,,The Blues Collection,,The Blues Collection 85 - Mance Lipscomb - Songster
ROOTS & Blues,V.V.A.A - Recopilaciones,,The Blues Collection,,The Blues Collection 86 - Leroy Carr - Naptown Blues
ROOTS & Blues,V.V.A.A - Recopilaciones,,The Blues Collection,,The Blues Collection 87 - Johnny Shines - Ramblin Blues
ROOTS & Blues,V.V.A.A - Recopilaciones,,The Blues Collection,,The Blues Collection 88 - Cecil Gant - Blues in LA
ROOTS & Blues,V.V.A.A - Recopilaciones,,The Blues Collection,,The Blues Collection 89 - Dr Ross - The Flying Eagle
ROOTS & Blues,V.V.A.A - Recopilaciones,,The Blues Collection,,The Blues Collection 90 - Wynonie Harris - Around The Clock Blues
ROOTS & Blues,V.V.A.A - Recopilaciones,,The Blues Collection,,The Blues Collection 91 - The Blues At Christmas I
ROOTS & Blues,V.V.A.A - Recopilaciones,,The Blues Collection,,The Blues Collection 92 - The Blues at Christmas II
ROOTS & Blues,V.V.A.A - Recopilaciones,,VA (1996) - The Chicago Blues Today [3 LP],,Art
ROOTS & Blues,V.V.A.A - Recopilaciones,,VA (1996) - The Chicago Blues Today [3 LP],,Volume 1
ROOTS & Blues,V.V.A.A - Recopilaciones,,VA (1996) - The Chicago Blues Today [3 LP],,Volume 2
ROOTS & Blues,V.V.A.A - Recopilaciones,,VA (1996) - The Chicago Blues Today [3 LP],,Volume 3
Recopilaciones,Recopilación / Pop rock 60s,,Años 60 - Cambio 16,,7 Instrumentales
Recopilaciones,Recopilación / Pop rock 60s,,Años 60 - Cambio 16,,9 Soul
Recopilaciones,Varias / Recopilación,España,España,,No nos moveran
Recopilaciones,Varias / Recopilación,España,España,,Para Antonio Flores
Recopilaciones,Folk irlandés / Música de pub,,Irish Pub Songs,,Essential Irish Pub Songs Collection CD I
Recopilaciones,Folk irlandés / Música de pub,,Irish Pub Songs,,Essential Irish Pub Songs Collection CD II
Recopilaciones,Guitarra clásica / Instrumental,,Le Charme de la Guitarre,,Toribio Santos
Recopilaciones,New age / Ambient / Nature sounds,,Los instantes del bosque,,Paisaje Sonoro (Carlos de Hita)
Recopilaciones,Música clásica,,Musica Clasica,,C16 n.5 - Johan Strauss
Recopilaciones,Música clásica,,Musica Clasica,,C16 n.6 - Vivaldi
Recopilaciones,Música clásica,,Musica Clasica,,Chopin
Recopilaciones,New age / Instrumental,,Sam Cardon & Kurt Bestor,1995,Innovators
Recopilaciones,B.S.O. Banda Sonora Original,,1977 - Paint Your Wagon,,La Leyenda de la Ciudad sin Nombre
Recopilaciones,B.S.O. Banda Sonora Original,,1981 - Carros De Fuego (Chariots Of Fire),1981,Chariots Of Fire
Recopilaciones,B.S.O. Banda Sonora Original,,1984 - The Cotton Club,1984,The Cotton Club
Recopilaciones,B.S.O. Banda Sonora Original,,2002 - Noviembre,,"BSO Noviembre (Achero Mañas, Eduardo Arbide) OST (extras+caratulas)"
Recopilaciones,B.S.O. Banda Sonora Original,,2003 - Good Bye Lenin!,,Yann Tiersen
Recopilaciones,B.S.O. Banda Sonora Original,Italia,[Henry Mancini],1964,Mary Poppins
Recopilaciones,B.S.O. Banda Sonora Original,Holanda,[Henry Mancini],1997,The Best Of
Recopilaciones,B.S.O. Banda Sonora Original,,[Henry Mancini],2001,Breakfast at Tiffany's ('61) & Arabesque ('66) (Compilation)
Recopilaciones,B.S.O. Banda Sonora Original,,[Quentin Tarantino],,19Xx - O.S.T. Jackie Brown
Recopilaciones,B.S.O. Banda Sonora Original,,[Quentin Tarantino],1991,O.S.T. Reservoir Dogs
Recopilaciones,B.S.O. Banda Sonora Original,,[Quentin Tarantino],1994,O.S.T. Pulp Fiction Soundtrack
Recopilaciones,B.S.O. Banda Sonora Original,,[Quentin Tarantino],2003,O.S.T. Kill Bill Vol. 1
Recopilaciones,B.S.O. Banda Sonora Original,,[Quentin Tarantino],2004,O.S.T. Kill Bill Vol. 2
Recopilaciones,B.S.O. Banda Sonora Original,Italia,[Walt Disney],1964,Mary Poppins
Recopilaciones,B.S.O. Banda Sonora Original,,[Walt Disney],1994,El Rey León
Recopilaciones,B.S.O. Banda Sonora Original,,[Woddy Allen],,Woody Allen & His New Orleans Jazz Band- Wild Man Blues
Recopilaciones,B.S.O. Banda Sonora Original,,[Woddy Allen],,Woody Allen - Music From His Movies
Recopilaciones,B.S.O. Banda Sonora Original,EEUU,[Woddy Allen],1979,Manhattan
Recopilaciones,B.S.O. Banda Sonora Original,Italia,[Woddy Allen],1987,Radio Days
Recopilaciones,B.S.O. Banda Sonora Original,,[Woddy Allen],1999,Standup Comic
Recopilaciones,B.S.O. Banda Sonora Original,,[Woddy Allen],2005,Match Point
Recopilaciones,Earth's music,,2003 - Desert Blues 2 - Reves D'Oasis,,CD 2
Recopilaciones,Earth's music,,2003 - Desert Blues 2 - Reves D'Oasis,,CD1
Recopilaciones,Earth's music,Reino Unido,Afro Celt Sound System,,Vol 5 Anatomic 2005
Recopilaciones,Earth's music,,Befa Africa 1,2005,Befa Africa 1
Recopilaciones,Earth's music,,Centre Of The World,,Jazzanova & Lounge - Fela Kuti - Africa - Centre Of The World
Recopilaciones,Earth's music,,Musica del Mundo,,Musica del mundo_Cd1
Recopilaciones,Earth's music,,Musica del Mundo,,Musica del mundo_Cd2
Recopilaciones,Earth's music,,ROOTS OF AUSTRALIA (2004),,ROOTS CD
Recopilaciones,Earth's music,Alemania,Sacred Spirit,1995,v1 Cantos y danzas de los indios americanos
Recopilaciones,Earth's music,Alemania,Sacred Spirit,1997,v2 A Culture Clash
Recopilaciones,Earth's music,,[Putumayo Records],1998,A Native American Odyssey - Inuit To Inca
Recopilaciones,Earth's music,,[Putumayo Records],2000,A Jewish Odyssey
Recopilaciones,Earth's music,Zimbabue,[Putumayo Records],2001,Gypsy Caravan
Recopilaciones,Earth's music,EEUU,[Putumayo Records],2003,Global Soul
Recopilaciones,Earth's music,,[Putumayo Records],2004,World Reggae
Recopilaciones,Earth's music,Irlanda,[Putumayo Records],2005,Celtic Crossroads
Recopilaciones,Earth's music,,[Putumayo Records],2006,Acoustic Africa
Recopilaciones,Earth's music,,[Putumayo Records],2007,Gypsy Groove
Recopilaciones,Earth's music,,[Putumayo Records],2008,African Dreamland
Recopilaciones,Earth's music,,[Putumayo Records],2008,Congo To Cuba
Recopilaciones,Earth's music,,[World Music Network],,VA (1996) - The Rough Guide To The Music Of Kenya And Tanzania
Recopilaciones,Earth's music,,[World Music Network],,VA (2002) - The Rough Guide To Paris Cafe Music
Recopilaciones,Earth's music,,[World Music Network],,VA (2003) - The Rough Guide To Chicago Blues
Recopilaciones,Earth's music,,[World Music Network],,VA (2007) - The Rough Guide To The Blues
Rithm & BLUES,Soul / R&B / Gospel,EEUU,Al Green,1972,Let's stay together
Rithm & BLUES,Soul / R&B / Gospel,EEUU,Al Green,1992,The Supreme Al Green [Compilation]
Rithm & BLUES,Soul / R&B / Gospel,EEUU,Al Green,2008,Lay It Down
Rithm & BLUES,Soul / R&B,EEUU,Al Wilson,1968,Searching for the Dolphins
Rithm & BLUES,R&B / Soul / Funk,EEUU,Andre Williams,1999,Red Dirt (& The Sadies)
Rithm & BLUES,R&B / Soul / Funk,EEUU,Andre Williams,2000,Rib tips & pig snoots [Compilation]
Rithm & BLUES,R&B / Soul / Funk,EEUU,Andre Williams,2004,Rhythm & Blues !
Rithm & BLUES,R&B / Soul / Funk,EEUU,Andre Williams,2006,Aphrodisiac (&THE DIPLOMATS OF SOLID SOUND)
Rithm & BLUES,Soul / Gospel / R&B,EEUU,Aretha Franklin,1969,Soul '69 [Reedicion 1993]
Rithm & BLUES,Soul / Gospel / R&B,EEUU,Aretha Franklin,1972,Amazing Grace
Rithm & BLUES,Soul / Gospel / R&B,EEUU,Aretha Franklin,2002,Respect  - The Very Best Of
Rithm & BLUES,Soul / R&B,EEUU,Barbara Lynn,1998,The Crazy Cajun Recordings [Compilation]
Rithm & BLUES,Soul / R&B,EEUU,Barbara Lynn,2000,Hot Night Tonight
Rithm & BLUES,Soul / R&B,EEUU,Betty Everett,2006,Its In His Kiss [Compilation]
Rithm & BLUES,Soul / R&B / Gospel,EEUU,Betty Wright,1972,I Love The Way You Love
Rithm & BLUES,Soul / R&B / Gospel,EEUU,Betty Wright,1975,Danger High Voltage
Rithm & BLUES,Soul / R&B / Gospel,EEUU,Betty Wright,1978,Betty Wright Live!
Rithm & BLUES,Soul / R&B,EEUU,Bettye Lavette,2000,Souvenirs
Rithm & BLUES,Soul / R&B,EEUU,Bettye Lavette,2003,A Woman Like Me
Rithm & BLUES,Soul / R&B,EEUU,Bettye Lavette,2005,I've Got My Own Hell To Raise
Rithm & BLUES,Soul / R&B,EEUU,Bettye Lavette,2007,The Scene Of The Crime
Rithm & BLUES,Soul / R&B,EEUU,Bettye Swann,2004,Bettye Swann [Compilation]
Rithm & BLUES,Organ jazz / R&B,EEUU,Bill Doggett,1965,Wow!
Rithm & BLUES,Soul / Soft rock,EEUU,Bill Withers,1973,Live at Carnegie Hall
Rithm & BLUES,Soul / Soft rock,EEUU,Bill Withers,1977,Menagerie
Rithm & BLUES,Soul / Soft rock,EEUU,Bill Withers,1998,Lovely Day - The Best of [Compilation]
Rithm & BLUES,Soul / Soft rock,EEUU,Bill Withers,2003,Just i am & Still Bill [2 Album]
Rithm & BLUES,Philly soul / R&B,EEUU,Billy Paul,1968,Feelin' Good at the Cadillac Club
Rithm & BLUES,Soul / Funk / Gospel,EEUU,Billy Preston,1973,Everybody Likes Some Kind Of Music
Rithm & BLUES,Soft rock / Soul / R&B,EEUU,Boz Scaggs,1978,Boz Scaggs (1st Album With Duane Allman)
Rithm & BLUES,Soul / Country soul,EEUU,Candi Staton,1974,Candi
Rithm & BLUES,Soul / Country soul,EEUU,Candi Staton,2003,Candi Staton [Compilation]
Rithm & BLUES,Soul / Country soul,EEUU,Candi Staton,2006,His Hands
Rithm & BLUES,Soul / R&B / Gospel,EEUU,Donny Hathaway,1972,Live
Rithm & BLUES,Soul / R&B / Gospel,EEUU,Donny Hathaway,1973,Extension of a Man
Rithm & BLUES,Jazz / Soul / Harp jazz,EEUU,Dorothy Ashby,1968,Afro-Harping
Rithm & BLUES,Jazz / Soul / Harp jazz,EEUU,Dorothy Ashby,1969,The rubaiyat of Dorothy Ashby
Rithm & BLUES,R&B / Funk / New Orleans,EEUU,Eddie Bo,1995,New Orleans Solo piano
Rithm & BLUES,R&B / Funk / New Orleans,EEUU,Eddie Bo,1997,Hook & Sling
Rithm & BLUES,Soul / R&B / Jazz,EEUU,Esther Philips,1972,From A Whisper To A Scream
Rithm & BLUES,Soul / R&B / Jazz,EEUU,Esther Philips,1973,Black-Eyed Blues
Rithm & BLUES,Soul / R&B / Jazz,EEUU,Esther Philips,1975,What A Diff'rence A Day Makes
Rithm & BLUES,Soul / R&B / Jazz,EEUU,Esther Philips,1979,Here's Esther ... Are you ready
Rithm & BLUES,Soul / R&B / Jazz,EEUU,Esther Philips,1985,Bad Bad Girl! (Comp)
Rithm & BLUES,Soul / R&B / Jazz,EEUU,Esther Philips,1990,Better Beware (1951-1953) (Comp)
Rithm & BLUES,Soul / R&B / Jazz,EEUU,Esther Philips,1997,Little Esther Phillips - The Best Of 1962-1970
Rithm & BLUES,Soul / R&B / Blues,EEUU,Etta James,1961,At Last!
Rithm & BLUES,Soul / R&B / Blues,EEUU,Etta James,1978,Deep In The Night
Rithm & BLUES,Soul / R&B / Blues,EEUU,Etta James,1994,Live from San Francisco
Rithm & BLUES,Soul / R&B / Blues,EEUU,Etta James,2002,Burnin' Down The House - Live At The House Of Blues (& The Roots Band)
Rithm & BLUES,Soul / R&B / Blues,EEUU,Etta James,2003,Let's Roll
Rithm & BLUES,Soul / R&B / Blues,EEUU,Etta James,2004,Blues To The Bone
Rithm & BLUES,Soul / R&B / Jazz,EEUU,Eugene McDaniels,1971,Headless Heroes Of The Apocalypse
Rithm & BLUES,Soul / R&B / Funk,EEUU,Ike & Tina Turner,1987,The Best Of Ike & Tina Turner
Rithm & BLUES,Soul / R&B / Funk,EEUU,Ike & Tina Turner,1991,Proud Mary (Ike & Tina Turner)
Rithm & BLUES,Soul / R&B / Funk,EEUU,Ike & Tina Turner,2006,Feel The Groove (Remastered)
Rithm & BLUES,Soul / R&B / Funk,EEUU,Ike & Tina Turner,2009,Jazz & Blues (Remastered)
Rithm & BLUES,R&B / Blues / Jazz,EEUU,Jimmy Whiterspoon,1962,Roots (feat. Ben Webster)
Rithm & BLUES,R&B / Blues / Jazz,EEUU,Jimmy Whiterspoon,1969,Blues Singer
Rithm & BLUES,R&B / Blues / Jazz,EEUU,Jimmy Whiterspoon,1995,Rockin' With Spoon [Comp]
Rithm & BLUES,R&B / Soul / Jazz,EEUU,King Curtis,,XxXx - The best of
Rithm & BLUES,R&B / Soul / Jazz,EEUU,King Curtis,1971,Live at Fillmore West
Rithm & BLUES,R&B / Soul / Jazz,EEUU,King Curtis,1971,Blues at Montreux (& Champion Jack Dupree )
Rithm & BLUES,R&B / Soul / Jazz,EEUU,King Curtis,1994,Soul Meeting [Compilation]
Rithm & BLUES,R&B / Rock and roll,EEUU,LaVern Baker,1991,Soul On Fire (The Best Of)
Rithm & BLUES,R&B / Rock and roll,EEUU,LaVern Baker,2005,The Chronological 1949-1954
Rithm & BLUES,Blues / R&B,EEUU,Luther Allison,1996,The Motown Years 1972-1976
Rithm & BLUES,Gospel,EEUU,Mahalia Jackson,,195X - Silent Night Holy Night
Rithm & BLUES,Gospel,EEUU,Mahalia Jackson,1958,Live at Newport 1958
Rithm & BLUES,Gospel,EEUU,Mahalia Jackson,1995,The Best Of [Compilation]
Rithm & BLUES,R&B / Soul,EEUU,Marie 'Queenie' Lyons,1970,Soul fever
Rithm & BLUES,Soul / Jazz / R&B,EEUU,Marlena Shaw,1968,The Spice Of Life (Re 2005)
Rithm & BLUES,Soul / Jazz / R&B,EEUU,Marlena Shaw,1975,"Who Is this Bitch, Anyway"
Rithm & BLUES,Soul / Jazz / R&B,EEUU,Marlena Shaw,2000,Anthology
Rithm & BLUES,Motown / Soul / R&B,EEUU,Martha Reeves & The Vandellas,1963,Heat Wave
Rithm & BLUES,Motown / Soul / R&B,EEUU,Martha Reeves & The Vandellas,1966,Greatest Hits [Motown]
Rithm & BLUES,Motown / Soul / R&B,EEUU,Martha Reeves & The Vandellas,1969,Sugar 'n' Spice
Rithm & BLUES,Motown / Soul / R&B,EEUU,Martha Reeves & The Vandellas,1972,Black Magic
Rithm & BLUES,Motown / Soul / R&B,EEUU,Martha Reeves & The Vandellas,1986,24 Greatest Hits
Rithm & BLUES,Funk / Soul / R&B,EEUU,Marva Whitney,1969,It's My Thing (RE 2000)
Rithm & BLUES,Funk / Soul / R&B,EEUU,Marva Whitney,2006,I am What i am (with osaka monaurail)
Rithm & BLUES,Soul / Funk / R&B,EEUU,Marvin Gaye,1968,You're All I Need [& Tammi Terrell]
Rithm & BLUES,Soul / Funk / R&B,EEUU,Marvin Gaye,1968,United [& Tammi Terrell]
Rithm & BLUES,Soul / Funk / R&B,EEUU,Marvin Gaye,1971,What's Going On
Rithm & BLUES,Soul / Funk / R&B,EEUU,Marvin Gaye,1995,The Best Of Marvin Gaye [Compilation]
Rithm & BLUES,Soul / Funk / R&B,EEUU,Marvin Gaye,2001,What's Going On [Compilation]
Rithm & BLUES,Soul / Gospel / R&B,EEUU,Mavis Staples,2013,One True Vine
Rithm & BLUES,Soul / R&B,EEUU,Maxine Brown,,200X - All In My Mind (3CD)
Rithm & BLUES,Soul / R&B,EEUU,Maxine Brown,1969,Sugar Cane County
Rithm & BLUES,Soul / R&B,EEUU,Maxine Brown,1984,One In A Million
Rithm & BLUES,Soul / R&B,EEUU,Maxine Brown,1985,Like Never Before
Rithm & BLUES,Soul / R&B,EEUU,Maxine Brown,1990,"Oh No, Not My Baby- The Best Of Maxine Brown"
Rithm & BLUES,Soul / R&B,EEUU,Maxine Brown,2000,'Spotlight On ...' & 'Greatest Hits'
Rithm & BLUES,Soul / R&B,EEUU,Maxine Brown,2009,Best of the Wand Years (Kent)
Rithm & BLUES,Soul / R&B / Pop,EEUU,Minnie Riperton,1970,Come To My Garden
Rithm & BLUES,Soul / R&B / Pop,EEUU,Minnie Riperton,1974,Perfect Angel
Rithm & BLUES,Soul / R&B / Pop,EEUU,Minnie Riperton,1975,Adventures In Paradise
Rithm & BLUES,Soul / R&B / Pop,EEUU,Minnie Riperton,1997,Her Chess Years [Compilation]
Rithm & BLUES,Soul / R&B / Pop,EEUU,Minnie Riperton,1999,Free Soul ' The Classic Of Minnie Riperton [Compilation]
Rithm & BLUES,Funk / R&B turco,Turquía,Mustafa Ozkent,2006,Genclik Ile Elele
Rithm & BLUES,Jazz / Soul / R&B,EEUU,Nancy Wilson,1999,Greatest Hits
Rithm & BLUES,Jazz / Soul / R&B,EEUU,Nancy Wilson,2006,Turned to Blue
Rithm & BLUES,Jazz / Soul / R&B,EEUU,Nancy Wilson,2007,The Very Best Of - The Capitol Recordings (1960-1976)
Rithm & BLUES,Pop / Jazz / R&B,EEUU,Nat King Cole,2006,The Very Best Of Nat King Cole
Rithm & BLUES,Soul / R&B,EEUU,Otis Redding,1965,Otis Redding Sings Soul
Rithm & BLUES,Soul / R&B,EEUU,Otis Redding,1967,King & Queen
Rithm & BLUES,Soul / R&B,EEUU,Otis Redding,1994,The very best of otis redding - Dreams to Remember
Rithm & BLUES,R&B / Funk / Jazz,EEUU,Patrice Rushen,1975,"Before the Dawn (RE 1999, Prestige-Japan)"
Rithm & BLUES,R&B / Funk / Jazz,EEUU,Patrice Rushen,1979,Posh
Rithm & BLUES,R&B / Funk / Jazz,EEUU,Patrice Rushen,1980,Pizzazz
Rithm & BLUES,R&B / Funk / Jazz,EEUU,Patrice Rushen,1982,Straight from the Heart
Rithm & BLUES,R&B / Soul / Jazz,EEUU,Patti Austin,1994,That Secret Place
Rithm & BLUES,R&B / Soul / Jazz,EEUU,Patti Austin,1994,The Best Of
Rithm & BLUES,R&B / Soul / Jazz,EEUU,Patti Austin,2001,On the Way to Love
Rithm & BLUES,R&B / Soul / Jazz,EEUU,Patti Austin,2007,Intimate Patti Austin
Rithm & BLUES,R&B / Soul / Jazz,EEUU,Patti Austin,2011,Sound Advice
Rithm & BLUES,Soul / R&B / Gospel,EEUU,Ray Charles,1958,Ray Charles at Newport
Rithm & BLUES,Soul / R&B / Gospel,EEUU,Ray Charles,1962,Modern Sounds in Country and Western Music
Rithm & BLUES,Soul / R&B / Gospel,EEUU,Ray Charles,1987,His Greatest Hits [Co]
Rithm & BLUES,Soul / R&B / Gospel,EEUU,Ray Charles,1991,The Birth Of Soul - Complete Atlantic Rhythm & Blues Recordings 1952-1959
Rithm & BLUES,Soul / R&B / Gospel,EEUU,Ray Charles,2006,The Genius Of Soul Plays and Sings The Blues [Co]
Rithm & BLUES,Gospel blues / Country blues,EEUU,Reverend Gary Davis,2002,Masters of the Country Blues Guitar
Rithm & BLUES,Soul jazz / Organ jazz,EEUU,Richard 'Groove' Holmes,,19Xx - Blue Groove
Rithm & BLUES,Soul jazz / Organ jazz,EEUU,Richard 'Groove' Holmes,,19Xx - Book of the Blues Vol.1
Rithm & BLUES,Soul jazz / Organ jazz,EEUU,Richard 'Groove' Holmes,,19Xx - Soul Message
Rithm & BLUES,Soul jazz / Organ jazz,EEUU,Richard 'Groove' Holmes,,19Xx - Supa Cookin' (2LP) (with Jimmy McGriff)
Rithm & BLUES,Soul jazz / Organ jazz,EEUU,Richard 'Groove' Holmes,,200X - Richard 'Groove' Holmes & Gene Ammons
Rithm & BLUES,Soul / R&B / Funk,EEUU,Rufus Thomas,,199X- Rufus Thomas - The Best
Rithm & BLUES,Soul / R&B / Funk,EEUU,Rufus Thomas,1963,Walking The Dog
Rithm & BLUES,Soul / R&B / Funk,EEUU,Rufus Thomas,2001,Do The Funky Chicken [Stax]
Rithm & BLUES,Soul / Gospel,EEUU,Sam Cooke,1963,Live at the Harlem Square Club [Incompleto]
Rithm & BLUES,Soul / Gospel,EEUU,Sam Cooke,1986,Wonderful World [EU Compilation]
Rithm & BLUES,Soul / Gospel,EEUU,Sam Cooke,1992,Sam Cooke With Soul Stirrers [Compilation]
Rithm & BLUES,Soul / Gospel,EEUU,Sam Cooke,1993,You Send Me [Compilation]
Rithm & BLUES,Soul / Gospel,EEUU,Sam Cooke,2003,Portrait Of A Legend 1951-1964 [Compilation]
Rithm & BLUES,R&B / Shock blues,EEUU,Screamin' Jay Hawkins,1991,I Shake My Stick At You
Rithm & BLUES,R&B / Shock blues,EEUU,Screamin' Jay Hawkins,1999,I Put a Spell on You [Compilation]
Rithm & BLUES,Motown / Soul / R&B,EEUU,Smokey Robinson,,XXXX - The best Of
Rithm & BLUES,Motown / Soul / R&B,EEUU,Smokey Robinson,2001,Smokey Robinson & The Miracles - The Ultimate Collection
Rithm & BLUES,Motown / Soul / R&B,EEUU,Smokey Robinson,2002,Smokey Robinson & The Miracles - Going To A Go-Go Away We A Go-Go [Expanded]
Rithm & BLUES,Soul / R&B / Gospel,EEUU,Solomon Burke,2002,Don't Give Up On Me
Rithm & BLUES,Soul / R&B / Gospel,EEUU,Solomon Burke,2006,Nashville
Rithm & BLUES,Soul / R&B / Gospel,EEUU,Solomon Burke,2006,The Chess Collection [Recopilation]
Rithm & BLUES,Soul / Funk / R&B,EEUU,Stevie Wonder,,19XX - VV.AA - A Jazz Tribute to Stevie Wonder - (Happy 50th birthday)
Rithm & BLUES,Soul / Funk / R&B,EEUU,Stevie Wonder,1976,Songs In The Key of Life
Rithm & BLUES,Soul / Funk / R&B,EEUU,Stevie Wonder,2002,The Very Best Of
Rithm & BLUES,Soul / R&B / Psychedelic soul,EEUU,Swamp Dogg,1971,Rat On
Rithm & BLUES,Soul / R&B / Psychedelic soul,EEUU,Swamp Dogg,1995,Best Of  [Fuck The Bomb & Stop The Drugs] [Compilation]
Rithm & BLUES,Soul / R&B / Psychedelic soul,EEUU,Swamp Dogg,2001,Total destruction of your mind -Rat on [RE Charly]
Rithm & BLUES,R&B / Disco,EEUU,Sylvia Robinson,,photo&info
Rithm & BLUES,R&B / Disco,EEUU,Sylvia Robinson,1973,Pillow Talk (Re 1998 CD)
Rithm & BLUES,R&B / Disco,EEUU,Sylvia Robinson,1996,Pillow Talk... The Sensuous Sounds Of Sylvia [Co]
Rithm & BLUES,Ska / R&B,Jamaica,The Blues Busters,,XxXx - In Memory Of The Blues Busters [Compilation]
Rithm & BLUES,R&B / Doo-wop / Rock and roll,EEUU,The Coasters,1992,Fifty Coastin' Classics [Compilation]
Rithm & BLUES,R&B / Doo-wop / Rock and roll,EEUU,The Coasters,2005,Yakety Yak [Collection]
Rithm & BLUES,Girl group / Phil Spector / Pop R&B,EEUU,The Crystals,1992,The Best Of
Rithm & BLUES,Girl group / Phil Spector / Pop R&B,EEUU,The Crystals,2012,He's A Rebel (Vinyl RE)
Rithm & BLUES,Rock / Soft rock / R&B,EEUU,The Doobie Brothers,1999,Long Train Runnin' [4 CD's]
Rithm & BLUES,Rock / Soft rock / R&B,EEUU,The Doobie Brothers,2001,Greatest Hits
Rithm & BLUES,Rock / Soft rock / R&B,EEUU,The Doobie Brothers,2004,Live At Wolf Trap
Rithm & BLUES,Rock / Soft rock / R&B,EEUU,The Doobie Brothers,2013,Original Album Series [Box Set]
Rithm & BLUES,Doo-wop / Soul / R&B,EEUU,The Drifters,2003,The Very Best Of The Drifters [Compilation]
Rithm & BLUES,Doo-wop / R&B,EEUU,The Flamingos,1965,Flamingo Serenade
Rithm & BLUES,Motown / Soul / R&B,EEUU,The Four Tops,,XxXx - Anthology 1964 -1972 [Motown]
Rithm & BLUES,Motown / Soul / R&B,EEUU,The Four Tops,1990,Greatest Hits [Compilation]
Rithm & BLUES,Gospel / Spiritual,EEUU,The Golden Gate Quartet,1989,Leadbelly - Alabama bound
Rithm & BLUES,Gospel / Spiritual,EEUU,The Golden Gate Quartet,1997,The Very Best Of
Rithm & BLUES,Soul / Gospel / R&B,EEUU,The Holmes Brothers,2007,State Of Grace
Rithm & BLUES,Soul / Gospel / R&B,EEUU,The Holmes Brothers,2013,"Brotherhood (USA, Aligator Records, ALCD4957)"
Rithm & BLUES,Soul / R&B,EEUU,The Impressions [Curtis Mayfield & others],1992,The Anthology 1961-1977
Rithm & BLUES,Soul / Funk / R&B,EEUU,The Isley Brothers,1997,Greatest Hits [Compilation]
Rithm & BLUES,Soul / Funk / R&B,EEUU,The Isley Brothers,2005,Ultimate Collection
Rithm & BLUES,Motown / Girl group / Soul,EEUU,The Marvelettes,,XxXx - Ultimate Collection
Rithm & BLUES,Motown / Girl group / Soul,EEUU,The Marvelettes,1961,Please Mr Postman
Rithm & BLUES,Motown / Girl group / Soul,EEUU,The Marvelettes,1962,Playboy
Rithm & BLUES,Motown / Girl group / Soul,EEUU,The Marvelettes,1967,The Marvelettes
Rithm & BLUES,Doo-wop / R&B,EEUU,The Moonglows,2002,The Millennium Collection - The Best Of The Moonglows [Compilation]
Rithm & BLUES,Doo-wop / Pop / R&B,EEUU,The Platters,1987,The Very Best Of
Rithm & BLUES,Girl group / Soul / R&B,EEUU,The Shirelles,1962,The Shirelles & King Curtis - Give A Twist Party
Rithm & BLUES,Gospel / Soul / R&B,EEUU,The Staple Singers,,200x - A Family Affair 1955 - 1984 [Compilation]
Rithm & BLUES,Gospel / Soul / R&B,EEUU,The Staple Singers,1968,Soul Folk in Action
Rithm & BLUES,Gospel / Soul / R&B,EEUU,The Staple Singers,1972,BeAltitude Respect Yourself
Rithm & BLUES,Gospel / Soul / R&B,EEUU,The Staple Singers,1973,Be What You Are
Rithm & BLUES,Gospel / Soul / R&B,EEUU,The Staple Singers,1978,Unlock Your Mind
Rithm & BLUES,Gospel / Soul / R&B,EEUU,The Staple Singers,1990,Respect Yourself - The Best Of [Compilation]
Rithm & BLUES,Motown / Soul / R&B,EEUU,The Temptations,1965,The Temptations sing Smokey
Rithm & BLUES,Motown / Soul / R&B,EEUU,The Temptations,1969,Cloud Nine
Rithm & BLUES,Funk / Soul / R&B,EEUU,Tower Of Power,1970,East Bay Grease
Rithm & BLUES,Funk / Soul / R&B,EEUU,Tower Of Power,1971,Bump City
Rithm & BLUES,Funk / Soul / R&B,EEUU,Tower Of Power,1973,Tower Of Power
Rithm & BLUES,Funk / Soul / R&B,EEUU,Tower Of Power,1974,Back To Oakland
Rithm & BLUES,Funk / Soul / R&B,EEUU,Tower Of Power,1974,Urban Renewal
Rithm & BLUES,Funk / Soul / R&B,EEUU,Tower Of Power,1975,In The Slot
Rithm & BLUES,Funk / Soul / R&B,EEUU,Tower Of Power,1976,Ain't Nothin' Stoppin' Us Now
Rithm & BLUES,Funk / Soul / R&B,EEUU,Tower Of Power,1976,Live And In Living Color
Rithm & BLUES,Funk / Soul / R&B,EEUU,Tower Of Power,1978,We Came To Play
Rithm & BLUES,Funk / Soul / R&B,EEUU,Tower Of Power,1981,Tower of Power
Rithm & BLUES,Funk / Soul / R&B,EEUU,Tower Of Power,1987,Power
Rithm & BLUES,Funk / Soul / R&B,EEUU,Tower Of Power,1993,T.O.P
Rithm & BLUES,Funk / Soul / R&B,EEUU,Tower Of Power,1995,Souled Out
Rithm & BLUES,Funk / Soul / R&B,EEUU,Tower Of Power,1997,Rhythm & Business
Rithm & BLUES,Funk / Soul / R&B,EEUU,Tower Of Power,1998,Live
Rithm & BLUES,Funk / Soul / R&B,EEUU,Tower Of Power,1999,Dinosaur Tracks
Rithm & BLUES,Funk / Soul / R&B,EEUU,Tower Of Power,1999,Soul Vaccination- Tower Of Power Live
Rithm & BLUES,Funk / Soul / R&B,EEUU,Tower Of Power,2003,Havin' Fun
Rithm & BLUES,Funk / Soul / R&B,EEUU,Tower Of Power,2003,The Oakland Zone
Rithm & BLUES,Soul / Funk / R&B,EEUU,Willie Hutch,1973,The Mack
Rithm & BLUES,Soul / R&B,EEUU,Wilson Pickett,1969,Hey Jude
Rithm & BLUES,Soul / R&B,EEUU,Wilson Pickett,1970,In Philadelphia (Rhino 1995)
Rithm & BLUES,Soul / R&B,EEUU,Wilson Pickett,2006,The Definitive Wilson_Pickett 2CD [Compilation]
Rithm & BLUES,Today Mood,,Carvin Jones,1998,Unleashed
Rithm & BLUES,Today Mood,,Carvin Jones,2000,Hot as Hell
Rithm & BLUES,Today Mood,,Carvin Jones,2000,I Walked All Night
Rithm & BLUES,Today Mood,,Carvin Jones,2002,"Live In Rome, Italy - World Tour"
Rithm & BLUES,Today Mood,,Carvin Jones,2005,I'm What You Need
Rithm & BLUES,Today Mood,EEUU,Charles Bradley,2013,Victim of Love
Rithm & BLUES,Today Mood,EEUU,Chrisette Michele,2013,Better (Deluxe Version
Rithm & BLUES,Today Mood,EEUU,Erykah Badu,1997,Baduizm
Rithm & BLUES,Today Mood,EEUU,Erykah Badu,1997,Baduizm Live
Rithm & BLUES,Today Mood,EEUU,Erykah Badu,2001,Mama's Gun (The Dutch Edition)
Rithm & BLUES,Today Mood,EEUU,Erykah Badu,2003,World Wide Underground
Rithm & BLUES,Today Mood,EEUU,Erykah Badu,2007,Badu
Rithm & BLUES,Today Mood,EEUU,Erykah Badu,2008,New Amerykah - Part One (4th World War)
Rithm & BLUES,Today Mood,EEUU,Erykah Badu,2010,New Amerykah Part Two (Return Of The Ankh)
Rithm & BLUES,Today Mood,EEUU,Kim Wilson,1996,My blues
Rithm & BLUES,Today Mood,EEUU,Kim Wilson,2001,Smokin' Joint
Rithm & BLUES,Today Mood,EEUU,Kim Wilson,2003,Lookin For Trouble (Entire Album)
Rithm & BLUES,Today Mood,EEUU,Menahan Street Band,2008,Make The Road By Walking
Rithm & BLUES,Today Mood,EEUU,Menahan Street Band,2012,The Crossing
Rithm & BLUES,Today Mood,EEUU,Naomi Shelton & The Gospel Queens,2009,What Have You Done My Brother
Rithm & BLUES,Today Mood,EEUU,Natalie Cole,2006,Leavin
Rithm & BLUES,Today Mood,Dinamarca,Quadron,2009,Quadron
Rithm & BLUES,Today Mood,,Rebirth Brass Band,1997,We Come to Party
Rithm & BLUES,Today Mood,,Rebirth Brass Band,2006,Rebirth For Life
Rithm & BLUES,Today Mood,,Rim Banna,2005,The Mirrors Of My Soul
Rithm & BLUES,Today Mood,,Rim Banna,2007,Seasons Of Violet
Rithm & BLUES,Today Mood,,The Harlem Gospel Singers,2000,Rock My Soul
Rithm & BLUES,VV.AA - Recopilaciones,,2007 - Sweet Home Chicago - A History Of Chicago Blues,,CD-1 (Roots & Race Recordings 1925-45)
Rithm & BLUES,VV.AA - Recopilaciones,,BOX - Atlantic R&B 1947-1974 (Rhino 2006),,Vol.1
Rithm & BLUES,VV.AA - Recopilaciones,,BOX - Atlantic R&B 1947-1974 (Rhino 2006),,Vol.2
Rithm & BLUES,VV.AA - Recopilaciones,,VA (1995) - Gospel Choirs - The Best Of,,CD1
Rithm & BLUES,VV.AA - Recopilaciones,,VA (1995) - Gospel Choirs - The Best Of,,CD2
Rithm & BLUES,VV.AA - Recopilaciones,,VA (19XX) - Best Of Gospel,,Best of Gospel cd1
Rithm & BLUES,VV.AA - Recopilaciones,,VA (19XX) - Best Of Gospel,,Best of Gospel cd2
Rithm & BLUES,VV.AA - Recopilaciones,,VA - American Folk Blues Festival,1962,Hambourg
Rithm & BLUES,VV.AA - Recopilaciones,,VA - American Folk Blues Festival,1965,American Folk Blues Festival 1962-65
Rithm & BLUES,VV.AA - Recopilaciones,,VA - Motown Anthems (4CD),,CD1
Rithm & BLUES,VV.AA - Recopilaciones,,VA - Motown Anthems (4CD),,CD2
Rithm & BLUES,VV.AA - Recopilaciones,,VA - Motown Anthems (4CD),,CD3
Rithm & BLUES,VV.AA - Recopilaciones,,VA - Motown Anthems (4CD),,CD4
Ska & REGGAE,Reggae africano,Costa de Marfil,Alpha Blondy,,Alpha.Blondy_-_Discografia.21.Album
Ska & REGGAE,Rocksteady / Reggae,Jamaica,Alton Ellis,,19Xx - Many Moods Of
Ska & REGGAE,Rocksteady / Reggae,Jamaica,Alton Ellis,1967,Mr Soul Of Jamaica
Ska & REGGAE,Rocksteady / Reggae,Jamaica,Alton Ellis,1980,Mr. Ska Bean'a (Alton Ellis & The Heptones)
Ska & REGGAE,Rocksteady / Reggae,Jamaica,Alton Ellis,1993,Cry Tough [Compilation]
Ska & REGGAE,Rocksteady / Reggae,Jamaica,Alton Ellis,1999,Get Ready for Rocksteady [Compilation]
Ska & REGGAE,Rocksteady / Reggae,Jamaica,Alton Ellis,2000,My Time Is The Right Time [Compilation]
Ska & REGGAE,Roots reggae / Dancehall,Jamaica,Barry Brown,,XXXX - Reggae Heights  [& Mafia & Fluxy]
Ska & REGGAE,Roots reggae / Dancehall,Jamaica,Barry Brown,1980,Barry Brown [King Jammy]
Ska & REGGAE,Roots reggae / Dancehall,Jamaica,Barry Brown,1982,Sings Roots & Culture [& Johnny Clarke]
Ska & REGGAE,Roots reggae / Dancehall,Jamaica,Barry Brown,1995,Far East
Ska & REGGAE,Roots reggae / Dancehall,Jamaica,Barry Brown,2002,Roots And Culture [Studio One LP]
Ska & REGGAE,Roots reggae / 2 Tone,Reino Unido,Black Slate,1980,Amigo
Ska & REGGAE,Reggae / Roots reggae,Jamaica,Bob Marley,2007,Bob Marley and The Wailers
Ska & REGGAE,Reggae / Roots reggae,Jamaica,Bob Marley,1984,Legend
Ska & REGGAE,Reggae / Roots reggae,Jamaica,Bob Marley,2001,Bob Marley & The Wailers
Ska & REGGAE,Roots reggae / Dancehall,Jamaica,Cocoa Tea,1994,Tune in
Ska & REGGAE,Nyahbinghi / Rastafarian drumming,Jamaica,Count Ossie,1973,Grounation
Ska & REGGAE,Nyahbinghi / Rastafarian drumming,Jamaica,Count Ossie,1975,Tales of Mozambique ( & Mystic Revelation of Rastafari)
Ska & REGGAE,Roots reggae,Jamaica,Culture,1978,Two Sevens Clash
Ska & REGGAE,Reggae / Rocksteady,Jamaica,Dave Barker,1997,Monkey Spanner [196X-7X Compilation]
Ska & REGGAE,Ska / Reggae / Rocksteady,Jamaica,Delroy Wilson,,Delroy Wilson - Masterpiece 197X-8X # Shared By Rastafarhigh #
Ska & REGGAE,Roots reggae / Dancehall,Jamaica,Dennis Brown,1972,Super Reggae & Soul Hits
Ska & REGGAE,Roots reggae / Dancehall,Jamaica,Dennis Brown,1979,So long Rastafari
Ska & REGGAE,Roots reggae / Dancehall,Jamaica,Dennis Brown,1980,Spellbound
Ska & REGGAE,Roots reggae / Dancehall,Jamaica,Dennis Brown,1992,Some Like It Hot [Compilación]
Ska & REGGAE,Roots reggae / Dancehall,Jamaica,Dennis Brown,2003,Money in my Pocket 1970-1995 [Compilación]
Ska & REGGAE,Roots reggae / Dancehall,Jamaica,Dennis Brown,2007,The Best Of The Joe Gibbs Years [Compilation]
Ska & REGGAE,Ska / Rocksteady / Reggae,Jamaica,Desmond Dekker,1968,Action!
Ska & REGGAE,Ska / Rocksteady / Reggae,Jamaica,Desmond Dekker,1969,This Is Desmond Dekkar
Ska & REGGAE,Ska / Rocksteady / Reggae,Jamaica,Desmond Dekker,1994,The Israelites
Ska & REGGAE,Ska / Rocksteady / Reggae,Jamaica,Desmond Dekker,2003,Rudy Got Soul 1963 1968 [Compilation]
Ska & REGGAE,Roots reggae,Jamaica,Don Carlos,1975,Time Is The Master (1992)
Ska & REGGAE,Ska / Jazz / Reggae,Jamaica,Ernest Ranglin,2004,Rocksteady [with Monty Alexander]
Ska & REGGAE,Roots reggae / Lovers rock,Jamaica,Gregory Isaacs,1973,All I Have Is Love
Ska & REGGAE,Reggae / Rocksteady,Jamaica,Greyhound,1975,Mango Rock [Transantlantic LP]
Ska & REGGAE,Reggae / Rocksteady,Jamaica,Greyhound,1989,Black&White [Reissue]
Ska & REGGAE,Ska / Reggae,Jamaica,Horace Handy,,197x - Zion Gate
Ska & REGGAE,Ska / Reggae,Jamaica,Horace Handy,,Danse man style
Ska & REGGAE,Ska / Reggae,Jamaica,Horace Handy,,horace andy live dubwise
Ska & REGGAE,Ska / Reggae,Jamaica,Horace Handy,1977,In the light - In the light dub
Ska & REGGAE,Ska / Reggae,Jamaica,Horace Handy,1995,Hits From Studio One And More
Ska & REGGAE,Ska / Reggae,Jamaica,Horace Handy,1997,Skylarking
Ska & REGGAE,Ska / Reggae,Jamaica,Horace Handy,1999,Living in the flood
Ska & REGGAE,Ska / Reggae,Jamaica,Horace Handy,2002,Horace Andy's   Dub Box  ( 73'-76')
Ska & REGGAE,Ska / Reggae,Jamaica,Horace Handy,2002,The King Tubby Tapes (2 CD)
Ska & REGGAE,Ska / Reggae,Jamaica,Horace Handy,2004,Horace Andy Meet Mad Professo
Ska & REGGAE,Ska / Reggae,Jamaica,Horace Handy,2007,Livin it up
Ska & REGGAE,Ska / Rocksteady / Reggae / Organ,Jamaica,Jackie Mittoo,1967,In London [Live]
Ska & REGGAE,Ska / Rocksteady / Reggae / Organ,Jamaica,Jackie Mittoo,1998,Showcase [Culture Press 44511] [Compilation]
Ska & REGGAE,Ska / Rocksteady / Reggae / Organ,Jamaica,Jackie Mittoo,2000,Keyboard King At Studio One [SJR USCD 8] [Compilation]
Ska & REGGAE,Ska / Rocksteady / Reggae / Organ,Jamaica,Jackie Mittoo,2003,Last Train To Skaville [SJR CD 80] [Compilation]
Ska & REGGAE,Ska / Calipso,Barbados,Jackie Opel,1964,Cry Me A River
Ska & REGGAE,Ska / Calipso,Barbados,Jackie Opel,1999,Memorable Jackie Opel  [Compilation]
Ska & REGGAE,Reggae / Roots reggae / Producción,Jamaica,Joe Gibbs,,XxXx - African Dub All-Mighty (& the Professionals)
Ska & REGGAE,Reggae / Roots reggae / Producción,Jamaica,Joe Gibbs,,XxXx - Roots culture dj's and the birth of dancehall [Compilation]
Ska & REGGAE,Reggae / Rocksteady / Lovers rock,Jamaica,John Holt,,19Xx- Tonight at Treasure Isle
Ska & REGGAE,Reggae / Rocksteady / Lovers rock,Jamaica,John Holt,1974,Dusty roads
Ska & REGGAE,Reggae / Rocksteady / Lovers rock,Jamaica,John Holt,1983,Police In Helicopter
Ska & REGGAE,Reggae / Rocksteady / Lovers rock,Jamaica,John Holt,2002,The Tide Is High (1962 to 1979) [Trojan Anthology]
Ska & REGGAE,Roots reggae,Jamaica,Johnny Clarke,1974,"78 - A Ruffer Version, At King Tubby's"
Ska & REGGAE,Roots reggae,Jamaica,Johnny Clarke,1979,Visions of John Clarke
Ska & REGGAE,Roots reggae,Jamaica,Johnny Clarke,2002,The Bunny Lee Years [Compilation]
Ska & REGGAE,Rocksteady / Reggae / Lovers rock,Jamaica,Ken Boothe,1968,Mr. Rock Steady
Ska & REGGAE,Rocksteady / Reggae / Lovers rock,Jamaica,Ken Boothe,1970,Freedom Street
Ska & REGGAE,Rocksteady / Reggae / Lovers rock,Jamaica,Ken Boothe,1970,A Man And His Hits [LP Studio One]
Ska & REGGAE,Rocksteady / Reggae / Lovers rock,Jamaica,Ken Boothe,1970,Groove To The Beat
Ska & REGGAE,Rocksteady / Reggae / Lovers rock,Jamaica,Ken Boothe,1979,Who gets your love
Ska & REGGAE,Roots reggae,Jamaica,Kiddus I,2007,Graduation In Zion 1978-1980 [Compilation]
Ska & REGGAE,Ska / Calipso / Reggae,Cuba,Laurel Aitken,,xxx - En Español [LQ 007]
Ska & REGGAE,Dub / Roots reggae,Jamaica,Lee 'Scratch' Perry,,XxxX - Black Art [12'' single] (& Max Romeo)
Ska & REGGAE,Dub / Roots reggae,Jamaica,Lee 'Scratch' Perry,1973,Black Board Jungle Dub
Ska & REGGAE,Dub / Roots reggae,Jamaica,Lee 'Scratch' Perry,1976,Super Ape [& The Upsetters]
Ska & REGGAE,Dub / Roots reggae,Jamaica,Lee 'Scratch' Perry,1978,Return of the Super Ape [& the Upsetters]
Ska & REGGAE,Dub / Roots reggae,Jamaica,Lee 'Scratch' Perry,1997,Arkology [Compilation]
Ska & REGGAE,Ska / Rocksteady,Jamaica,Prince Buster,1973,Fabulous Greates Hits [Compilation]
Ska & REGGAE,Ska / Rocksteady,Jamaica,Prince Buster,2003,Live At Sierra Nevada World Music Festival [Prince Buster & The Aggrolites]
Ska & REGGAE,Ska / Reggae / Jazz,Jamaica,Rico Rodriguez,2004,Trombone man [Trojan Compilation]
Ska & REGGAE,Dub,Jamaica,Scientist,1981,Dub Landing vol.1
Ska & REGGAE,Dub,Jamaica,Scientist,1982,Dub Landing Vol.2  [& Prince Jammie]
Ska & REGGAE,Rocksteady / Reggae,Jamaica,Slim Smith,,XxXx - Early Days 196X
Ska & REGGAE,Roots reggae / Dancehall,Jamaica,Sugar Minott,1980,Black Roots
Ska & REGGAE,Roots reggae / Dancehall,Jamaica,Sugar Minott,1986,Jamming In The Street
Ska & REGGAE,Roots reggae / Dancehall,Jamaica,Sugar Minott,2001,Rare Gems [Compilation]
Ska & REGGAE,Roots reggae / Dancehall,Jamaica,Sugar Minott,2003,Leave Out A Babylon
Ska & REGGAE,Reggae / Rocksteady,Jamaica,The (Mighty) Maytones,1976,Madness
Ska & REGGAE,Reggae / Rocksteady,Jamaica,The (Mighty) Maytones,1978,Boat To Zion
Ska & REGGAE,Roots reggae,Jamaica,The Abyssinians,1976,Satta Massagana
Ska & REGGAE,Roots reggae,Jamaica,The Abyssinians,1978,Arise
Ska & REGGAE,Roots reggae,Jamaica,The Abyssinians,2002,Last Days
Ska & REGGAE,Roots reggae / Dub,Jamaica,The Aggrovators,1977,"The Aggrovators Meets The Revolutionaries At Channel One [CP 503] [1998, RE]"
Ska & REGGAE,Ska / Rocksteady / Reggae,Jamaica,The Ethiopians,1986,All The Hits And Much More [Trojan Records]
Ska & REGGAE,Rocksteady / Reggae,Jamaica,The Melodians,1997,Rivers Of Babylon 1967-73 [Trojan]
Ska & REGGAE,Roots reggae,Jamaica,The Righteous Flames,1999,Unity & Livety (& Winston Jarret) [Compilation]
Ska & REGGAE,Ska,Jamaica,The Skatalites,1967,Ska Authentic Vol. 2
Ska & REGGAE,Ska,Jamaica,The Skatalites,1975,Heroes of Reggae in Dub
Ska & REGGAE,Ska,Jamaica,The Skatalites,1984,Scattered Lights
Ska & REGGAE,Ska,Jamaica,The Skatalites,1996,Foundation Ska [HeartBeat Compilation ]
Ska & REGGAE,Ska,Jamaica,The Skatalites,2007,On The Right Track
Ska & REGGAE,Roots reggae / Studio band,Jamaica,The Soul Syndicate,1978,Moodie In Dub Vol.1 (Black Slate Meets Soul Syndicate)
Ska & REGGAE,Ska / 2 Tone,Reino Unido,The Trojans,1994,Celtic Ska
Ska & REGGAE,Reggae / Ska / Rocksteady,Jamaica,Toots & The Maytals,2003,Sweet and Dandy [Compilation] Trojan Records
Ska & REGGAE,Roots reggae,Jamaica,Willie Williams,1980,Messenger Man  [Blood&Fire] Reissued [2005]
Ska & REGGAE,Roots reggae,Jamaica,Willie Williams,1982,Armagideon Time [HeartBeat] [1992]
Ska & REGGAE,Roots reggae,Jamaica,Willie Williams,1992,Natty with a cause [Jah Shaka]
Ska & REGGAE,Roots reggae,Jamaica,Willie Williams,2000,From Studio One to Drum Street 1969-80 [Compilation]
Ska & REGGAE,Roots reggae,Jamaica,Willie Williams,2002,One Love [Compilation]
Ska & REGGAE,Today Mood,,Andrew Tosh,2004,Andrew Sings Tosh (He never died!)
Ska & REGGAE,Today Mood,,Banana Boats,1992,No tengo bandera
Ska & REGGAE,Today Mood,,Basque Dub Foundation,1997,Sustraidun Roots Dub
Ska & REGGAE,Today Mood,,Basque Dub Foundation,2002,BDF meets Loud&Lone
Ska & REGGAE,Today Mood,,Dave Hillyard & The Rocksteady 7,1999,Playtime
Ska & REGGAE,Today Mood,España,Eskorzo,2001,La sopa boba
Ska & REGGAE,Today Mood,España,Eskorzo,2005,Arbol de la duda
Ska & REGGAE,Today Mood,España,Eskorzo,2014,Camino de fuego
Ska & REGGAE,Today Mood,Reino Unido,Finley Quaye,1997,MS-01 Your love gets sweeter
Ska & REGGAE,Today Mood,Reino Unido,Finley Quaye,1997,Maverick a strike
Ska & REGGAE,Today Mood,Reino Unido,Finley Quaye,2001,Vanguard
Ska & REGGAE,Today Mood,Reino Unido,Finley Quaye,2004,Much more than much love
Ska & REGGAE,Today Mood,Reino Unido,Finley Quaye,2005,Oranges & lemons
Ska & REGGAE,Today Mood,,Flight 404,2005,Live in bocanord (08-01-05)
Ska & REGGAE,Today Mood,,Flight 404,2008,Trip to moon
Ska & REGGAE,Today Mood,Nigeria,Keziah Jones,2003,Black Orpheus
Ska & REGGAE,Today Mood,Nigeria,Keziah Jones,2004,Rhythm Is Love (Best Of)
Ska & REGGAE,Today Mood,Nigeria,Keziah Jones,2008,Nigerian Wood
Ska & REGGAE,Today Mood,,Kriptolites,2011,"Reggae, Steady, Go!!"
Ska & REGGAE,Today Mood,España,La Thorpe Brass,2001,All things move
Ska & REGGAE,Today Mood,España,Lone Ark,2004,Countryside
Ska & REGGAE,Today Mood,,Los Granadians,,Los Granadians de Espacio Exterior - Space Is Different
Ska & REGGAE,Today Mood,,Los Granadians,2003,Feliz Navidad con Los Granadians
Ska & REGGAE,Today Mood,,Los Granadians,2004,El temperamental sonido de los Granadians. Vol. 01
Ska & REGGAE,Today Mood,,Loud & Lone,2001,Loud & Lone and Better Collie 1998 - 2001
Ska & REGGAE,Today Mood,,Loud & Lone,2001,Showcase II
Ska & REGGAE,Today Mood,Jamaica,Mike Brooks,2003,Rhum drinker
Ska & REGGAE,Today Mood,Italia,Mr. T-Bone,2004,Bone Sees America
Ska & REGGAE,Today Mood,EEUU,New York Ska-Jazz Ensemble,1995,N.Y.S.J.E
Ska & REGGAE,Today Mood,EEUU,New York Ska-Jazz Ensemble,1996,Low Blow
Ska & REGGAE,Today Mood,EEUU,New York Ska-Jazz Ensemble,1998,Get This
Ska & REGGAE,Today Mood,EEUU,New York Ska-Jazz Ensemble,2000,Live in Europe
Ska & REGGAE,Today Mood,EEUU,New York Ska-Jazz Ensemble,2000,Properly
Ska & REGGAE,Today Mood,EEUU,New York Ska-Jazz Ensemble,2002,Minor Moods
Ska & REGGAE,Today Mood,EEUU,New York Ska-Jazz Ensemble,2005,Skaleidoscope
Ska & REGGAE,Today Mood,EEUU,New York Ska-Jazz Ensemble,2008,Step Forward
Ska & REGGAE,Today Mood,Venezuela,Papashanty SaundSystem,2005,Ashanty Granpa
Ska & REGGAE,Today Mood,Trinidad y Tobago,Queen Omega,2008,Servant Of Jah Army
Ska & REGGAE,Today Mood,,Red Soul Community,2006,EP
Ska & REGGAE,Today Mood,Mexico,Rude Boys,,XxxX - El Precio del Sudor
Ska & REGGAE,Today Mood,Reino Unido,Souljah,2005,Breaking The Roots
Ska & REGGAE,Today Mood,EEUU,The Aggrolites,2003,Dirty Reggae
Ska & REGGAE,Today Mood,EEUU,The Aggrolites,2004,Live at the whisky a go go
Ska & REGGAE,Today Mood,EEUU,The Aggrolites,2006,The Aggrolites
Ska & REGGAE,Today Mood,EEUU,The Aggrolites,2007,Reggae hit L.A
Ska & REGGAE,Today Mood,Bélgica,The Moon Invaders,2004,Moon Invaders
Ska & REGGAE,Today Mood,Bélgica,The Moon Invaders,2006,Breakin' Free
Ska & REGGAE,Today Mood,España,The Peeping Toms,2002,Tht
Ska & REGGAE,Today Mood,España,The Peeping Toms,2004,Maximum Rhythm & Reggae
Ska & REGGAE,Today Mood,EEUU,The Starlites,2001,Bikini groovy
Ska & REGGAE,Today Mood,EEUU,The Starlites,2001,The Roads Of Love
Ska & REGGAE,Today Mood,Costa de Marfil,Tiken Jah Fakoly,1996,Mangercratie
Ska & REGGAE,Today Mood,Costa de Marfil,Tiken Jah Fakoly,2000,Cours d'histoire
Ska & REGGAE,Today Mood,Costa de Marfil,Tiken Jah Fakoly,2000,Le Caméléon
Ska & REGGAE,Today Mood,Costa de Marfil,Tiken Jah Fakoly,2002,Françafrique
Ska & REGGAE,Today Mood,Costa de Marfil,Tiken Jah Fakoly,2004,Coup de gueule
Ska & REGGAE,Today Mood,Costa de Marfil,Tiken Jah Fakoly,2005,"Africa Live 2005@Dakar, Sénégal"
Ska & REGGAE,Today Mood,Costa de Marfil,Tiken Jah Fakoly,2007,L'Africain
Ska & REGGAE,Today Mood,Costa de Marfil,Tiken Jah Fakoly,2008,Live a Paris
Ska & REGGAE,Today Mood,,Tokyo Ska Paradise Orquestra,1990,Demo
Ska & REGGAE,Today Mood,,Tokyo Ska Paradise Orquestra,1991,Live Album
Ska & REGGAE,Today Mood,,Tokyo Ska Paradise Orquestra,1994,Fantasia
Ska & REGGAE,Today Mood,,Tokyo Ska Paradise Orquestra,1998,Arkestra
Ska & REGGAE,Today Mood,,Tokyo Ska Paradise Orquestra,2005,Answer
Ska & REGGAE,Today Mood,Francia,Tryo,1998,Mamagubida
Ska & REGGAE,Today Mood,Francia,Tryo,2000,Faut Qu'Ils S'Activent
Ska & REGGAE,Today Mood,Francia,Tryo,2002,Reggae à coups d'cirque
Ska & REGGAE,Today Mood,Francia,Tryo,2003,Grain De Sable
Ska & REGGAE,Today Mood,Francia,Tryo,2004,De Bouches à Oreilles (live)
Ska & REGGAE,Today Mood,Francia,Tryo,2008,Ce Que L'on Sème
Ska & REGGAE,Today Mood,Francia,Tryo,2009,Sous les étoiles (Live 09)
Ska & REGGAE,Today Mood,Francia,Tryo,2012,Ladilafe
Ska & REGGAE,Today Mood,Australia,Xavier Rudd And The United Nations,2015,Nanna
Ska & REGGAE,Today Mood,Jamaica,Ziggy Marley,2008,& The melody Makers
Ska & REGGAE,Today Mood,Jamaica,Ziggy Marley,2003,Dragonfly
Ska & REGGAE,Today Mood,Jamaica,Ziggy Marley,2006,Love Is My Religion
Ska & REGGAE,VV.AA - Recopilaciones,Bermudas,+Nova,,Rare Grooves Reggae
Ska & REGGAE,VV.AA - Recopilaciones,,+Soul Jazz Records,,VA (2003) - Studio One Story [SJRLP068]
Ska & REGGAE,VV.AA - Recopilaciones,,+Soul Jazz Records,,VA (2005) - Studio One Women [SJRCD121]
Ska & REGGAE,VV.AA - Recopilaciones,,+Soul Jazz Records,,VA (200X) - Studio One Roots
Ska & REGGAE,VV.AA - Recopilaciones,,+Soul Jazz Records,,VA (200X) - Studio One Soul
Ska & REGGAE,VV.AA - Recopilaciones,,+Soul Jazz Records,2003,Jackie Mitoo -  Last Train To Skaville [SJRCD80]
Ska & REGGAE,VV.AA - Recopilaciones,Reino Unido,+Trojan,,(VA) 1999 - Trojan Rock Steady [Box Set]
Ska & REGGAE,VV.AA - Recopilaciones,Reino Unido,+Trojan,,(VA) 1999 - Trojan Ska [Box Set]
Ska & REGGAE,VV.AA - Recopilaciones,Reino Unido,+Trojan,,(VA) 2000 - Trojan Ska Box Set -  Vol. 2
Ska & REGGAE,VV.AA - Recopilaciones,Reino Unido,+Trojan,,(VA) 2003 - Work your Soul  ·Jamaican 60's and Northern Soul· 1966 - 1974 [Trojan]
Ska & REGGAE,VV.AA - Recopilaciones,Reino Unido,+Trojan,,(VA) 2006 - Revolution Rock ·A Clash Jukebox·
Ska & REGGAE,VV.AA - Recopilaciones,Reino Unido,+Trojan,,(VA) XxXx - Reggae Chill Out [Box Set]
Ska & REGGAE,VV.AA - Recopilaciones,Reino Unido,+Trojan,,(VA) XxXx - Singles Box Set CD1 ·A Jamaican History·
Country,Honky Tonk,EEUU,George Jones,2006,The Essential George Jones (CD 2)
Country,Honky Tonk,EEUU,Jerry Lee Lewis,1999,The Essential Sun Collection (Disc 2)
Country,Honky Tonk,EEUU,Jerry Lee Lewis,2013,Southern Roots (CD 2)
Country,Western Swing,EEUU,Bob Wills,2000,San Antonio Rose [Box] (CD02)
Country,Western Swing,EEUU,Bob Wills,2000,San Antonio Rose [Box] (CD03)
Country,Western Swing,EEUU,Bob Wills,2000,San Antonio Rose [Box] (CD04)
Country,Western Swing,EEUU,Bob Wills,2000,San Antonio Rose [Box] (CD05)
Country,Western Swing,EEUU,Bob Wills,2000,San Antonio Rose [Box] (CD06)
Country,Western Swing,EEUU,Bob Wills,2000,San Antonio Rose [Box] (CD07)
Country,Western Swing,EEUU,Bob Wills,2000,San Antonio Rose [Box] (CD08)
Country,Western Swing,EEUU,Bob Wills,2000,San Antonio Rose [Box] (CD09)
Country,Western Swing,EEUU,Bob Wills,2000,San Antonio Rose [Box] (CD10)
Country,Western Swing,EEUU,Bob Wills,2000,San Antonio Rose [Box] (CD11)
Electrónica,Techno / House,Francia,Laurent Garnier,2006,Retrospective (cd2)
Electrónica,Nu jazz / Deep house,Francia,St. Germain,2000,Tourist (CD 2 (Remixes))
Electrónica,Ambient house / Electrónica,Reino Unido,The Orb,1991,The Orb's Adventures Beyond The Ultraworld (Cd 2)
Electrónica,Trip-Hop,Reino Unido,The Future Sound Of London,1993,Tales Of Ephidrina
Electrónica,Trip-Hop,Reino Unido,The Future Sound Of London,2005,Alice In Ultraland
Electrónica,Ambient Lounge,,V.2 - Coming Home,,JPG
Electrónica,,,Deep Café - The Sunset Lounge Collection,,
Electrónica,,,Dj Remiribe - NY to LA - Deep House Mixed Compilation 2007,,
Electrónica,VV.AA - Recopilaciones,,Fiesta Xauen,2001,02 (Cd 2)
Electrónica,VV.AA - Recopilaciones,,Fiesta Xauen,2001,02 (Cd 3)
Electrónica,VV.AA - Recopilaciones,,VA - Pioneer The Album,,Vol.8 (2007) (CD 2 - Dance)
Electrónica,VV.AA - Recopilaciones,,VA - Pioneer The Album,,Vol.8 (2007) (CD 3 - Electro & Progressive)
FUNK & Soul,Funk / Rock / Disco,España,Barrabas,2000,The Best (1971 - 1984) (CD #2)
FUNK & Soul,Funk / Soul / Reggae,Reino Unido,Cymande,1999,The Message - a cymande anthology (cd 2)
FUNK & Soul,Afropop / Afro-rock,Ghana,Osibisa,,OSIBISA THEVERY BEST OF 3CD+COVERS (cd 2)
FUNK & Soul,Afropop / Afro-rock,Ghana,Osibisa,,OSIBISA THEVERY BEST OF 3CD+COVERS (cd 3)
FUNK & Soul,Funk / Soul / R&B,EEUU,The Ohio Players,2008,Gold [Compilation] (Cd #2)
FUNK & Soul,,,Lalo Schifrin,1967,Mannix
JAZz,C - BeBop,EEUU,Quincy Jones,1969,The Italian Job
JAZz,C - BeBop,EEUU,Quincy Jones,1969,The Lost Man
FUNK & Soul,,,Galt MacDermot,1969,Woman is Sweeter
FUNK & Soul,,,Galt MacDermot,1970,Cotton Comes To Harlem
JAZz,C - BeBop,EEUU,Quincy Jones,1971,Dollars
FUNK & Soul,Soul / Funk / Soundtrack,EEUU,Isaac Hayes,1971,Shaft
FUNK & Soul,,,Melvin Van Peebles,1971,Sweet Sweetback's Baadasssss Song
FUNK & Soul,,,Bobby Womak & J.J. Johnson,1972,Across 110th Street
FUNK & Soul,,,Gene Page,1972,Blacula
Rithm & BLUES,Soul / R&B / Gospel,EEUU,Donny Hathaway,1972,Come Back Charlston Blue
ROCK & Folk ROLL,Soul / R&B / Gospel,EEUU,Solomon Burke,1972,Cool Breeze
FUNK & Soul,,,Jerry Butler & Jerry Peters,1972,Melinda
FUNK & Soul,,,Curtis Mayfield,1972,SuperFly
Rithm & BLUES,Soul / Funk / R&B,EEUU,Marvin Gaye,1972,Trouble Man
FUNK & Soul,,,James Brown & Fred Wesley,1973,Black Caesar
FUNK & Soul,,,Johnny Pate,1973,Brother On The Run
FUNK & Soul,,,Johnny Pate,1973,Bucktown
FUNK & Soul,,,J.J.Johnson,1973,Cleopatra Jones
FUNK & Soul,Jazz / Funk / Soul,EEUU,Roy Ayers,1973,Coffy
FUNK & Soul,,,Gordon's War VV.AA,1973,
FUNK & Soul,,,Don Julian,1973,Savage
FUNK & Soul,,,Johnny Pate,1973,Shaft In Africa
FUNK & Soul,,,Don Julian & The Larks,1973,Shorty The Pimp
FUNK & Soul,Funk / Soul / R&B,EEUU,James Brown,1973,Slaughter's Big Rip Off
FUNK & Soul,Funk / Soul / R&B,EEUU,James Brown,1973,The Payback
JAZz,D - Hard-Bop,EEUU,Herbie Hancock,1973,The Spook Who Sat By The Door
FUNK & Soul,Funk / Soul / Jazz,EEUU,Dennis Coffey,1974,Black Belt Jones
FUNK & Soul,,,Lalo Schifrin,1974,Bullit
Rithm & BLUES,Soul / Funk / R&B,EEUU,Willie Hutch,1974,Foxy Brown
FUNK & Soul,,,Edwin Starr,1974,Hell Up in Harlem
FUNK & Soul,,,Lialeh by Bernad 'Pretty' Purdie,1974,
FUNK & Soul,,,The Impressions,1974,Three The Hard Way
FUNK & Soul,,,Issac Hayes,1974,Three Tough Guys
FUNK & Soul,,,Barry White & Love Unlimited Orchestra,1974,Together Brothers
FUNK & Soul,,,J.J.Johnson,1974,Willie Dynamite
FUNK & Soul,,,Nico Fidenco,1975,Black Emanuelle's Groove
FUNK & Soul,,,Allan Alper,1975,Black Gestapo
FUNK & Soul,,,Rudy Ray Moore & the Soul Rebellion Orchestra,1975,Dolemite
FUNK & Soul,,,Vic Caesar,1977,Bare knuckles
FUNK & Soul,,,Nat Dove & The Devils,1977,Petey Wheatstraw
FUNK & Soul,,,Curtis Mayfield,1977,Short Eyes
FUNK & Soul,,,Galt Macdermott In Film - (1969-1973),,
FUNK & Soul,Greyboy Allstars USA,,Karl Denson's Tiny Universe (Greyboy Allstars) - The Bridge,,Karl Denson's Tiny Universe - The Bridge
FUNK & Soul,Today Mood,Reino Unido,The Quantic Soul Orchestra,2004,The Trip [Compilation] (CD2)
FUNK & Soul,+EnlaceFunk,,Hard.To.Find.Volume.1.-.60s.70s.Underground.Funk.Compilation.Selected.by.Carlo.Coupe.(APE.CUE).by.M03BIUS,,HardToFind
FUNK & Soul,+Harmless,,Pulp Fusion,1997,(Vol.1) Funky jazz classics & original breaks from the tough side
FUNK & Soul,+Harmless,,Pulp Fusion,1998,(Vol.2)  Return To The Tough Side
FUNK & Soul,+Harmless,,Pulp Fusion,1998,(Vol.3)  Revenge of the ghetto grooves
FUNK & Soul,+Harmless,,Pulp Fusion,1999,(Vol.4)  Fully loaded
FUNK & Soul,+Harmless,,Pulp Fusion,2000,(Vol.5)  Evolution
FUNK & Soul,+Harmless,,Pulp Fusion,2001,(Vol.6)  Magnum
FUNK & Soul,+Harmless,,Pulp Fusion,2002,(Vol.7)  The harder they come
FUNK & Soul,+Harmless,,Pulp Fusion,2004,(Vol. 8) Revival Boogie Down (Cd #1)
FUNK & Soul,+Harmless,,Pulp Fusion,2004,(Vol. 8) Revival Boogie Down (Cd #2)
FUNK & Soul,+Soundway,,VA (2007) - Ghana Soundz - Afro-Beat Funk & Fusion Music In 70s Ghana,,Volume 1
FUNK & Soul,+Soundway,,VA (2007) - Ghana Soundz - Afro-Beat Funk & Fusion Music In 70s Ghana,,Volume 2
FUNK & Soul,+Soundway,,"VA (2008) - Nigeria Special - Modern Highlife, Afro-Sounds & Nigerian Blues 1970-6",,Disk1
FUNK & Soul,+Soundway,,"VA (2008) - Nigeria Special - Modern Highlife, Afro-Sounds & Nigerian Blues 1970-6",,Disk2
FUNK & Soul,VV.AA - Recopilaciones,,+VampiSoul,2008,Vol.1 (CD 01)
FUNK & Soul,VV.AA - Recopilaciones,,+VampiSoul,2009,Vol.2
FUNK & Soul,RefWEB,,cooked-from-scratch_files,,navbar_data
FUNK & Soul,RefWEB,,life-is-game_10_files,,navbar_data
FUNK & Soul,RefWEB,,nyc-and-berlin_files,,navbar_data
FUNK & Soul,RefWEB,,Syliphone mix_files,,navbar_data
FUNK & Soul,RefWEB,,this-hustling-world-mp3_files,,navbar_data
FUNK & Soul,RefWEB,,three-new-mixes-mp3_files,,navbar_data
FUNK & Soul,RefWEB,,two-hours-of-afro-funk_files,,navbar_data
FUNK & Soul,RefWEB,,while-first-two-mixes-were-trying-to-be_files,,navbar_data
FUNK & Soul,RefWEB,,you-can-shake-your-bones_files,,navbar_data
FUNK & Soul,,,VA (196X) - The socker,,
FUNK & Soul,,,"VA (197X) - Soul sisters, the sights and sound of the African-American underground",,
FUNK & Soul,,,VA (2005) - The First Days Of Funk Vol. 1 CD1,,
FUNK & Soul,VA (2006) - What It Is!,,Disc 1,,
FUNK & Soul,VA (2006) - What It Is!,,Disc 2,,
FUNK & Soul,VA (2006) - What It Is!,,Disc 3,,
FUNK & Soul,VA (2006) - What It Is!,,Disc 4,,
FUNK & Soul,,,VA (2008) - The MaderFaker,,
Hip Hop,Gangsta rap / Hip hop,EEUU,2Pac,1996,All Eyez On Me (Cd 2)
JAZz,A - New Orleans-Classic Jazz,EEUU,Earl Hines (Piano),1965,Grand Reunion  Live At The Village Vanguard (with Roy Eldridge and Coleman Hawkins) (CD 2)
JAZz,Jelly Roll Morton (Piano),,Jelly Roll Morton - Doctor Jazz,,artwork
JAZz,Jelly Roll Morton (Piano),,Jelly Roll Morton - Doctor Jazz,,booklet
JAZz,Jelly Roll Morton (Piano),,Jelly Roll Morton - Doctor Jazz,,extras
JAZz,A - New Orleans-Classic Jazz,,Louis Amstrong (Trumpet),2001,The best of Louis Amstrong (CD2)
JAZz,A - New Orleans-Classic Jazz,,Louis Amstrong (Trumpet),2002,"Satchmo, A Musical Autobiography (1957) (Disc 2)"
JAZz,A - New Orleans-Classic Jazz,,Louis Amstrong (Trumpet),2002,"Satchmo, A Musical Autobiography (1957) (Disc 3)"
JAZz,A - New Orleans-Classic Jazz,EEUU,Original Dixieland Jazz Band,1992,The Complete Original Dixieland Jazz Band (1917-1936) (Disc 2)
JAZz,B - Big Band-Swing,EEUU,Art Tatum (Piano),1989,The Complete Capitol Recordings (1949-52) (CD2)
JAZz,B - Big Band-Swing,EEUU,Cab Calloway (Vocal),,XxXx - The Complete Cotton Club 1933-1934 (Cd2 - The Complete 1933-1934 Cotton Club)
JAZz,B - Big Band-Swing,Bélgica,Django Reinhardt (Guitar),,Vol. 01 - Intregale  (1928-1934) (CD 2)
JAZz,B - Big Band-Swing,Bélgica,Django Reinhardt (Guitar),,Vol. 02 - Integrale (1934-1935) (CD 2)
JAZz,B - Big Band-Swing,Bélgica,Django Reinhardt (Guitar),,Vol. 03 - Integrale (1935) (CD 2)
JAZz,B - Big Band-Swing,Bélgica,Django Reinhardt (Guitar),,Vol. 04 - Integrale (1935-36) (CD 2)
JAZz,B - Big Band-Swing,Bélgica,Django Reinhardt (Guitar),,Vol. 05 - Integrale (1936-1937) (CD 2)
JAZz,B - Big Band-Swing,Bélgica,Django Reinhardt (Guitar),,Vol. 06 - Integrale (1937) (CD 2)
JAZz,B - Big Band-Swing,Bélgica,Django Reinhardt (Guitar),,Vol. 07 - Integrale (1937-1938) (CD 2)
JAZz,B - Big Band-Swing,Bélgica,Django Reinhardt (Guitar),,Vol. 08 - Integrale (1938-1939) (CD 2)
JAZz,B - Big Band-Swing,Bélgica,Django Reinhardt (Guitar),,Vol. 09 - Integrale (1939-1940) (CD 2)
JAZz,B - Big Band-Swing,Bélgica,Django Reinhardt (Guitar),,Vol. 10 - Intregale (1940) (CD 2)
JAZz,B - Big Band-Swing,Bélgica,Django Reinhardt (Guitar),,Vol. 11 - Integrale (1940-1942) (CD 2)
JAZz,B - Big Band-Swing,Bélgica,Django Reinhardt (Guitar),,Vol. 12 - Integrale (1943-1945) (CD 2)
JAZz,B - Big Band-Swing,Bélgica,Django Reinhardt (Guitar),,Vol. 13 - Integrale (1946-1947) (CD 2)
JAZz,B - Big Band-Swing,Bélgica,Django Reinhardt (Guitar),,Vol. 14 - Integrale (1947) (CD 2)
JAZz,B - Big Band-Swing,Bélgica,Django Reinhardt (Guitar),,Vol. 15 - Integrale (1947) (CD 2)
JAZz,B - Big Band-Swing,Bélgica,Django Reinhardt (Guitar),,Vol. 16 - Integrale (1948) (CD 2)
JAZz,B - Big Band-Swing,Bélgica,Django Reinhardt (Guitar),,Vol. 17 - Integrale (1949) (CD 2)
JAZz,B - Big Band-Swing,Bélgica,Django Reinhardt (Guitar),,Vol. 18 - Integrale (1949-1950) (CD 2)
JAZz,B - Big Band-Swing,Bélgica,Django Reinhardt (Guitar),,Vol. 19 - Integrale (1950-1952) (CD 2)
JAZz,B - Big Band-Swing,Bélgica,Django Reinhardt (Guitar),,Vol. 20 - Integrale (1953) (CD 2)
JAZz,B - Big Band-Swing,EEUU,Fats Waller (Piano),1995,The Early Years Part Ii (1935-36 ) (RCA) (CD 2)
JAZz,B - Big Band-Swing,EEUU,Fats Waller (Piano),2004,Stomp&Fractious Fingering (Classic Jazz Music) (CD #2)
JAZz,B - Big Band-Swing,EEUU,King Oliver (Cornet),1997,King Oliver's Creole Jazz Band - The Complete Set (CD 2)
JAZz,B - Big Band-Swing,EEUU,Lester Young (Sax),1995,The complete Aladdin recordings (1942-47) (disc 2)
JAZz,B - Big Band-Swing,EEUU,The Andrews Sisters (Vocal),,Cliff Richards - 40 Golden Greats mp3+cover (cd2)
JAZz,C - BeBop,EEUU,Al Cohn (Sax),2007,Mosaic Select 027 (Joe Newman & Freddie Green) (Vol. 2)
JAZz,C - BeBop,EEUU,Al Cohn (Sax),2007,Mosaic Select 027 (Joe Newman & Freddie Green) (Vol. 3)
JAZz,C - BeBop,EEUU,Art Blakey - (Drums),1954,A Night At Birdland (Vol.2)
JAZz,C - BeBop,EEUU,Bud Powell (Piano),2001,The Amazing Bud Powell (1949-57) (Vol. 2)
JAZz,C - BeBop,EEUU,Bud Powell (Piano),2001,The Amazing Bud Powell (1949-57) (Vol. 3)
JAZz,C - BeBop,EEUU,Charles Mingus - (Bass),1960,The Complete Candid Recordings [RE 1985] (CD 2)
JAZz,C - BeBop,EEUU,Charles Mingus - (Bass),1960,The Complete Candid Recordings [RE 1985] (CD 3)
JAZz,C - BeBop,EEUU,Charles Mingus - (Bass),1962,Tijuana Moods (Expanded) [RE 2001] (CD 2)
JAZz,C - BeBop,EEUU,Charles Mingus - (Bass),1997,Passions of a Man - The Complete Atlantic Recordings (1956-1961) (CD 2)
JAZz,C - BeBop,EEUU,Charles Mingus - (Bass),1997,Passions of a Man - The Complete Atlantic Recordings (1956-1961) (CD 3)
JAZz,C - BeBop,EEUU,Charles Mingus - (Bass),1997,Passions of a Man - The Complete Atlantic Recordings (1956-1961) (CD 4)
JAZz,C - BeBop,EEUU,Charles Mingus - (Bass),1997,Passions of a Man - The Complete Atlantic Recordings (1956-1961) (CD 5)
JAZz,C - BeBop,EEUU,Charles Mingus - (Bass),1997,Passions of a Man - The Complete Atlantic Recordings (1956-1961) (CD 6)
JAZz,C - BeBop,EEUU,Dexter Gordon (Sax),1996,The Complete Blue Note Sixties Sessions (CD 2)
JAZz,C - BeBop,EEUU,Dexter Gordon (Sax),1996,The Complete Blue Note Sixties Sessions (CD 3)
JAZz,C - BeBop,EEUU,Dexter Gordon (Sax),1996,The Complete Blue Note Sixties Sessions (CD 4)
JAZz,C - BeBop,EEUU,Dexter Gordon (Sax),1996,The Complete Blue Note Sixties Sessions (CD 5)
JAZz,C - BeBop,EEUU,Dexter Gordon (Sax),1996,The Complete Blue Note Sixties Sessions (CD 6)
JAZz,C - BeBop,EEUU,Ella Fitzgerald - (Vocals),1997,The Complete Ella And Louis On Verve (Vol. 2)
JAZz,C - BeBop,EEUU,Fats Navarro (Trumpet),1995,"The Complete Blue Note and Capitol Recordings (TADD DAMERON, 1947) (CD 2 - The Complete Blue Note and Capitol Recordings)"
JAZz,C - BeBop,EEUU,Keith Jarrett - (Piano),1986,Still Live (CD2)
JAZz,C - BeBop,EEUU,Max Roach (Drums),2006,Complete Studio Recordings - Max Roach Quintet - Kenny Dorham - Sonny Rollins (Disc 2)
JAZz,C - BeBop,EEUU,Nina Simone (Vocal),2003,Anthology (Cd #2)
JAZz,C - BeBop,Bélgica,Toots Thielemans,2012,The Best Of (CD2)
JAZz,C - BeBop,EEUU,André Previn (Piano),1961,Andre Previn His Piano And His Orchestra – A Touch Of Elegance- The Music Of Duke Ellington
JAZz,C - BeBop,EEUU,André Previn (Piano),1963,4 To Go!
JAZz,C - BeBop,EEUU,André Previn (Piano),1989,After Hours (Feat.  Joe Pass and Ray Brown)
JAZz,C - BeBop,EEUU,Art Pepper (Sax),1957,"Art Pepper meets The Rhythm Section-Red Garland,Paul Chambers,Philly Joe Jones"
JAZz,C - BeBop,EEUU,Art Pepper (Sax),1957,"Showcase for Modern Jazz [Art Pepper, Charlie Mariano, Bud Shank, etc. ]"
JAZz,C - BeBop,EEUU,Art Pepper (Sax),1957,The Complete Pacific Jazz Small Group Recordings (Original Vinyl Recording Mosaic Box MR3-105)
JAZz,C - BeBop,EEUU,Art Pepper (Sax),1959,ART PEPPER + ELEVEN (A treasury of modern jazz classics)
JAZz,C - BeBop,EEUU,Art Pepper (Sax),1960,"Gettin' Together (RE 1989) (With Wynton Kelly, Conte Candoli, Paul Chambers and Jimmy Cobb)"
JAZz,C - BeBop,EEUU,Art Pepper (Sax),1978,Among Friends (2002)
JAZz,C - BeBop,EEUU,Art Pepper (Sax),1979,New York Album (APR 3012 SA)
JAZz,C - BeBop,EEUU,Art Pepper (Sax),1995,The Young Art Pepper with Stan Kenton & Shorty Rogers
JAZz,C - BeBop,EEUU,Buddy Collette (Flute),1956,Man of Many Parts (OJC)
JAZz,C - BeBop,EEUU,Buddy Collette (Flute),1956,Nice Day (RE 1992 OJC)
JAZz,C - BeBop,Alemania,Charlie Mariano (Sax),1953,Boston All Stars (1951-53) (RE 1990)
JAZz,C - BeBop,EEUU,Chet Baker (Trumpet),1956,Playboys (Chet Baker & Art Pepper)
JAZz,C - BeBop,EEUU,Chet Baker (Trumpet),1959,"Chet. Feat. Kenny Burrell, Bill Evans & Pepper AdamsChet Baker"
JAZz,C - BeBop,EEUU,Chico Hamilton (Drums),1962,Man from Two Worlds
JAZz,C - BeBop,EEUU,Chico Hamilton (Drums),1962,Passin' Thru
JAZz,C - BeBop,EEUU,Chico Hamilton (Drums),1965,El Chico
JAZz,C - BeBop,EEUU,Conte Candoli (Trumpet),1955,The Five ( Arr. of Shorty Rogers) (RE 1972)
JAZz,C - BeBop,EEUU,Dave Brubeck (Piano),1959,Time Out (The Dave Brubeck Quartet)
JAZz,C - BeBop,EEUU,Gerry Mulligan - (Baritone Sax),1957,Blues In Time (& Paul Desmond)
JAZz,C - BeBop,EEUU,Gerry Mulligan - (Baritone Sax),1957,The Complete Pacific Jazz Recordings With Chet Baker [1996 Co]
JAZz,C - BeBop,EEUU,Gerry Mulligan - (Baritone Sax),1959,'Mulligan Meets Webster'
JAZz,C - BeBop,EEUU,Gerry Mulligan - (Baritone Sax),1959,What Is There to Say
JAZz,C - BeBop,EEUU,Gerry Mulligan - (Baritone Sax),1960,'Gerry Mulligan Meets Johnny Hodges'
JAZz,C - BeBop,EEUU,Gerry Mulligan - (Baritone Sax),1961,At The Village Vanguard
JAZz,C - BeBop,EEUU,Gerry Mulligan - (Baritone Sax),1972,The Age Of Steam
JAZz,C - BeBop,EEUU,Gerry Mulligan - (Baritone Sax),1975,Carnegie Hall Concert [1995]
JAZz,C - BeBop,EEUU,Gerry Mulligan - (Baritone Sax),1992,Re-Birth of the Cool
JAZz,C - BeBop,EEUU,Gerry Mulligan - (Baritone Sax),1994,Dream A Little Dream
JAZz,C - BeBop,EEUU,Gerry Mulligan - (Baritone Sax),1996,Dragonfly
JAZz,C - BeBop,EEUU,Hampton Hawes (Piano),1958,For Real! Feat. Harold Land and Scott LaFaro [Jazz Crew]
JAZz,C - BeBop,EEUU,Jimmy Giuffre (Clarinet),1958,Western Suite
JAZz,C - BeBop,EEUU,Jimmy Giuffre (Clarinet),1959,"Lonely Time - Berlin , Stockholm"
JAZz,C - BeBop,EEUU,Jimmy Giuffre (Clarinet),1959,The Easy Way (2003)
JAZz,C - BeBop,EEUU,June Christy (Vocal),1955,Duet -  June Christy & Stan Kenton
JAZz,C - BeBop,EEUU,June Christy (Vocal),1959,Road Show - June Christy - Stan Kenton - Four Freshmen
JAZz,C - BeBop,EEUU,June Christy (Vocal),1960,The Cool School
JAZz,C - BeBop,EEUU,June Christy (Vocal),1998,Ballads for Night People & The Intimate Miss Christy
JAZz,C - BeBop,EEUU,Lee Konitz (Trumpet),1997,"Alone Together - Lee Konitz, Brad Mehldau & Charlie Haden"
JAZz,C - BeBop,EEUU,Miles Davis - (Trumpet),1954,Bag's Groove
JAZz,C - BeBop,EEUU,Miles Davis - (Trumpet),1959,All Blues
JAZz,C - BeBop,EEUU,Miles Davis - (Trumpet),1959,Kind Of Blue
JAZz,C - BeBop,EEUU,Miles Davis - (Trumpet),1969,Bitches Brew
JAZz,C - BeBop,EEUU,Miles Davis - (Trumpet),1991,Live At Montreux (Miles Davis & Quincy Jones)
JAZz,C - BeBop,EEUU,Miles Davis - (Trumpet),1996,The Complete Columbia Studio Recordings (1957-68) (CD 1)
JAZz,C - BeBop,EEUU,Miles Davis - (Trumpet),1996,The Complete Columbia Studio Recordings (1957-68) (CD 2)
JAZz,C - BeBop,EEUU,Miles Davis - (Trumpet),1996,The Complete Columbia Studio Recordings (1957-68) (CD 3)
JAZz,C - BeBop,EEUU,Miles Davis - (Trumpet),1996,The Complete Columbia Studio Recordings (1957-68) (CD 4)
JAZz,C - BeBop,EEUU,Miles Davis - (Trumpet),1996,The Complete Columbia Studio Recordings (1957-68) (CD 5)
JAZz,C - BeBop,EEUU,Miles Davis - (Trumpet),1996,The Complete Columbia Studio Recordings (1957-68) (CD 6)
JAZz,C - BeBop,EEUU,Miles Davis - (Trumpet),1998,The Complete Birth of the Cool (1948-50) [Co]
JAZz,C - BeBop,EEUU,Miles Davis - (Trumpet),,19XX- Giants of Jazz - Disc 023 - Miles Davis & Gil Evans - Concierto de Aranjuez.ape
JAZz,C - BeBop,EEUU,Paul Desmond (Alto Sax),1957,Blues In Time - Quartet - with Gerry Mulligan
JAZz,C - BeBop,EEUU,Paul Desmond (Alto Sax),1962,Two of A Mind (Paul Desmond - Gerry Mulligan) (RE 1989)
JAZz,C - BeBop,EEUU,Paul Desmond (Alto Sax),1963,Take Ten
JAZz,C - BeBop,EEUU,Paul Desmond (Alto Sax),1964,Bossa Antigua - Feat. Jim Hall
JAZz,C - BeBop,EEUU,Paul Desmond (Alto Sax),1965,Easy Living
JAZz,C - BeBop,EEUU,Shorty Rogers - (Trumpet),1954,Courts the Count - Feat. Maynard Ferguson
JAZz,C - BeBop,EEUU,Shorty Rogers - (Trumpet),1958,Music From Gigi In Jazz (And His Giants)
JAZz,C - BeBop,EEUU,Shorty Rogers - (Trumpet),1999,Giants of Jazz - Disc 208 - Shorty Rogers - Just A Few 1951 - 1956
JAZz,C - BeBop,EEUU,Shorty Rogers,,booklet
JAZz,C - BeBop,EEUU,Shorty Rogers,,cases
JAZz,C - BeBop,EEUU,The Modern Jazz Quartet,1955,Concorde (RE 1987)
JAZz,C - BeBop,EEUU,The Modern Jazz Quartet,1955,Django
JAZz,C - BeBop,EEUU,The Modern Jazz Quartet,1956,Fontessa (RE 1989)
JAZz,C - BeBop,EEUU,The Modern Jazz Quartet,1966,Place Vendome (& The Swingle Singers)
JAZz,C - BeBop,EEUU,The Modern Jazz Quartet,1971,Paul Desmond & MJQ In Concert at Town Hall
JAZz,C - BeBop,EEUU,The Modern Jazz Quartet,1999,"Giants of Jazz - Disc 012 - The Modern Jazz Quartet - Scandinavia, April 1960"
JAZz,Cedar Wlaton (piano),,"Cedar Walton Trio, Quartet & Quintet - 1967 - Cedar! (FLAC, 1990 Remaster)",,scans
JAZz,Cedar Wlaton (piano),,"Cedar Walton-Hank Mobley Quintet - Breakthrough! (1972, 32 Jazz)",,Artwork
JAZz,D - Hard-Bop,EEUU,Grant Green (Guitar),1997,The Complete Quartets With Sonny Clark (1961-62) [Co] (Disc 2)
JAZz,D - Hard-Bop,EEUU,Grant Green (Guitar),2002,Retrospective (1961-66) [Co] (Disc 2)
JAZz,D - Hard-Bop,EEUU,Grant Green (Guitar),2002,Retrospective (1961-66) [Co] (Disc 3)
JAZz,D - Hard-Bop,EEUU,Grant Green (Guitar),2002,Retrospective (1961-66) [Co] (Disc 4)
JAZz,D - Hard-Bop,EEUU,Herbie Mann (Flute),1994,The Evolution Of Mann (CD 2)
JAZz,D - Hard-Bop,EEUU,Abbey Lincoln (Vocal),1958,It's Magic
JAZz,D - Hard-Bop,EEUU,Abbey Lincoln (Vocal),1995,A Turtle's Dream
JAZz,D - Hard-Bop,EEUU,Abbey Lincoln (Vocal),1997,Who Used to Dance
JAZz,D - Hard-Bop,EEUU,Alice Coltrane,1968,A Monastic Trio
JAZz,D - Hard-Bop,EEUU,Alice Coltrane,1970,"Ptah, The El Daoud"
JAZz,D - Hard-Bop,EEUU,Alice Coltrane,1978,Transfiguration
JAZz,D - Hard-Bop,EEUU,Alice Coltrane,2011,Universal Consciousness and Lord Of Lords
JAZz,D - Hard-Bop,EEUU,Art Ensemble Of Chicago,1970,Les Stances a Sophie
JAZz,D - Hard-Bop,EEUU,Art Ensemble Of Chicago,1970,Certain Blacks
JAZz,D - Hard-Bop,EEUU,Art Ensemble Of Chicago,1972,BAP-TIZUM
JAZz,D - Hard-Bop,EEUU,Art Ensemble Of Chicago,1980,Full Force [ECM 1167]
JAZz,D - Hard-Bop,EEUU,Art Ensemble Of Chicago,1980,Urban Bushmen (Disc #1)
JAZz,D - Hard-Bop,EEUU,Art Ensemble Of Chicago,1980,Urban Bushmen (Disc #2)
JAZz,D - Hard-Bop,EEUU,Art Ensemble Of Chicago,2001,Tribute to Lester [ECM 1808]
JAZz,D - Hard-Bop,Sudáfrica,Dudu Pukwana (Sax),1975,Flute Music
JAZz,D - Hard-Bop,EEUU,John Zorn (Sax),2012,Mount Analogue
JAZz,D - Hard-Bop,EEUU,John Zorn (Sax),2012,Nosferatu
JAZz,D - Hard-Bop,EEUU,John Zorn (Sax),2012,Templars - In Sacred Blood
JAZz,D - Hard-Bop,EEUU,John Zorn (Sax),2013,FilmWorks XXV
JAZz,D - Hard-Bop,EEUU,John Zorn (Sax),2013,The Mysteries
JAZz,D - Hard-Bop,,Johnny Dyani Quartet,1978,Song For Biko
JAZz,D - Hard-Bop,EEUU,Maria Schneider Orchestra,2000,Allegresse
JAZz,D - Hard-Bop,EEUU,Maria Schneider Orchestra,2000,Days of Wine and Roses- Live at the Jazz Standard
JAZz,D - Hard-Bop,EEUU,Maria Schneider Orchestra,2003,"Live on Copenhagen '03 (David Sanborn, Danish Radio Big Band)"
JAZz,D - Hard-Bop,EEUU,Maria Schneider Orchestra,2004,Concert In The Garden
JAZz,D - Hard-Bop,EEUU,Maria Schneider Orchestra,2005,Maria Schneider & Arko Big Band
JAZz,D - Hard-Bop,EEUU,Maria Schneider Orchestra,2007,Sky Blue
JAZz,D - Hard-Bop,Canada,Paul Bley (Piano),1958,The Fabulous Paul Bley Quintet feat. Ornette Coleman (RE 1993)
JAZz,D - Hard-Bop,EEUU,Paul Motian (Drums),1988,On Broadway Vol.1 (Bill Frisell - Charlie Haden - Joe Lovano )
JAZz,D - Hard-Bop,EEUU,Paul Motian (Drums),1990,On Broadway Vol.2 (Bill Frisell - Charlie Haden - Joe Lovano )
JAZz,D - Hard-Bop,EEUU,Paul Motian (Drums),1991,On Broadway Vol.3
JAZz,D - Hard-Bop,EEUU,Paul Motian (Drums),2005,I Have The Room Above Her (ECM 1902)
JAZz,D - Hard-Bop,EEUU,Paul Motian (Drums),2007,Time And Time Again
JAZz,D - Hard-Bop,EEUU,Rahsaan Roland Kirk,1962,Domino
JAZz,D - Hard-Bop,EEUU,Rahsaan Roland Kirk,1964,I Talk to the Spirits
JAZz,D - Hard-Bop,EEUU,Rahsaan Roland Kirk,1965,Rip Rig and Panic
JAZz,D - Hard-Bop,EEUU,Rahsaan Roland Kirk,1967,The Inflated Tear
JAZz,D - Hard-Bop,EEUU,Rahsaan Roland Kirk,1968,Volunteered Slavery
JAZz,D - Hard-Bop,EEUU,Rahsaan Roland Kirk,1971,Blacknuss
JAZz,D - Hard-Bop,EEUU,Rahsaan Roland Kirk,1971,Natural Black Inventions
JAZz,D - Hard-Bop,EEUU,Rahsaan Roland Kirk,1974,Bright Moments
JAZz,D - Hard-Bop,EEUU,Wadada Leo Smith,2009,America 2009 (Feat. Jack DeJohnette)
JAZz,D - Hard-Bop,EEUU,Wadada Leo Smith,2012,Ten Freedom Summers (CD 1)
JAZz,D - Hard-Bop,EEUU,Wadada Leo Smith,2012,Ten Freedom Summers (CD 2)
JAZz,D - Hard-Bop,EEUU,Wadada Leo Smith,2012,Ten Freedom Summers (CD 3)
JAZz,D - Hard-Bop,EEUU,Wadada Leo Smith,2012,Ten Freedom Summers (CD 4)
JAZz,Wadada Leo Smith,,Wadada Leo Smith - The Great Lakes Suites (2014) [FLAC] {2CDs},,Artwork
JAZz,Wadada Leo Smith,,Wadada Leo Smith - The Great Lakes Suites (2014) [FLAC] {2CDs},,CD1
JAZz,Wadada Leo Smith,,Wadada Leo Smith - The Great Lakes Suites (2014) [FLAC] {2CDs},,CD2
JAZz,D - Hard-Bop,EEUU,Cecil Taylor (Piano),1956,Jazz Advance (1991)
JAZz,D - Hard-Bop,EEUU,Cecil Taylor (Piano),1958,Hard Driving Jazz (& John Coltrane )
JAZz,D - Hard-Bop,EEUU,Cecil Taylor (Piano),1958,Looking Ahead!
JAZz,D - Hard-Bop,EEUU,Cecil Taylor (Piano),1966,Conquistador
JAZz,D - Hard-Bop,EEUU,Cecil Taylor (Piano),1976,Air Above Mountains (2002)
JAZz,D - Hard-Bop,EEUU,Cecil Taylor (Piano),2002,Cecil Taylor & Bill Dixon & Tony Oxley
JAZz,D - Hard-Bop,EEUU,Cecil Taylor (Piano),,XxXx - Cecil Taylor 1955-1961 (Giants of Jazz - Disc 172)
JAZz,D - Hard-Bop,EEUU,Charlie Haden (Bass),1987,Silence
JAZz,D - Hard-Bop,EEUU,Charlie Haden (Bass),1995,"The Private Collection, No. 1"
JAZz,D - Hard-Bop,EEUU,Charlie Haden (Bass),1995,"The Private Collection, No. 2"
JAZz,D - Hard-Bop,EEUU,Charlie Haden (Bass),1996,Beyond the Missouri Sky (short stories) (& Pat Metheny)
JAZz,D - Hard-Bop,EEUU,Charlie Haden (Bass),2002,American Dreams (with Michael Brecker )
JAZz,D - Hard-Bop,EEUU,Charlie Haden (Bass),2010,Jasmine (& keith Jarret)
JAZz,D - Hard-Bop,EEUU,Charlie Haden (Bass),2011,Sophisticated Ladies (Charlie Haden Quartet West)
JAZz,D - Hard-Bop,EEUU,Eric Dolphy (Trumpet),1964,Out To Lunch
JAZz,D - Hard-Bop,EEUU,John Coltrane (Sax),1957,Blue Train
JAZz,D - Hard-Bop,EEUU,John Coltrane (Sax),1959,Giant Steps
JAZz,D - Hard-Bop,EEUU,John Coltrane (Sax),1960,My Favorite Things
JAZz,D - Hard-Bop,EEUU,John Coltrane (Sax),1965,A Love Supreme (Deluxe Edition)
JAZz,D - Hard-Bop,EEUU,John Coltrane (Sax),1965,Meditations
JAZz,D - Hard-Bop,EEUU,John Coltrane (Sax),1988,Bags & Trane
JAZz,D - Hard-Bop,EEUU,John Coltrane (Sax),1995,The Complete Atlantic Recordings
JAZz,D - Hard-Bop,EEUU,Ornette Coleman (Sax),1959,The Shape Of Jazz To Come
JAZz,D - Hard-Bop,EEUU,Ornette Coleman (Sax),1961,Giants of Jazz - Disc 225 - Ornette Coleman - Harlem's Manhattan (RE 1999)
JAZz,D - Hard-Bop,EEUU,Pharoah Sanders (Sax),1962,Karma
JAZz,D - Hard-Bop,EEUU,Pharoah Sanders (Sax),1967,Tauhid [per PPRU [1993]
JAZz,D - Hard-Bop,EEUU,Pharoah Sanders (Sax),1971,Thembi
JAZz,D - Hard-Bop,EEUU,Pharoah Sanders (Sax),1987,Oh Lord Let Me Do No Wrong
JAZz,Latin Jazz-World Fusion,EEUU,Gary Burton (Vibraphone),2008,The New Crystal Silence (w⁄ Chick Corea) (CD 2)
JAZz,Latin Jazz-World Fusion,EEUU,John McLaughlin (Guitar),1971,The Inner Mounting Flame
JAZz,Latin Jazz-World Fusion,EEUU,John McLaughlin (Guitar),1973,Lost Trident Sessions
JAZz,Latin Jazz-World Fusion,EEUU,John McLaughlin (Guitar),1974,Apocalypse
JAZz,Latin Jazz-World Fusion,EEUU,John McLaughlin (Guitar),1974,Between Nothingness And Eternity
JAZz,Latin Jazz-World Fusion,EEUU,John McLaughlin (Guitar),1975,Visions Of The Emerald Beyond
JAZz,Latin Jazz-World Fusion,EEUU,John McLaughlin (Guitar),1976,Inner Worlds
JAZz,Latin Jazz-World Fusion,EEUU,John McLaughlin (Guitar),1973,Birds Of Fire [Mahavishnu Orchestra]
JAZz,Latin Jazz-World Fusion,Sudáfrica,Abdullah Ibrahim (Piano),1971,African Sun
JAZz,Latin Jazz-World Fusion,Sudáfrica,Abdullah Ibrahim (Piano),1973,African Piano
JAZz,Latin Jazz-World Fusion,Sudáfrica,Abdullah Ibrahim (Piano),1973,Good News From Africa
JAZz,Latin Jazz-World Fusion,Sudáfrica,Abdullah Ibrahim (Piano),1976,Banyana
JAZz,Latin Jazz-World Fusion,Sudáfrica,Abdullah Ibrahim (Piano),1979,African Marketplace
JAZz,Latin Jazz-World Fusion,Sudáfrica,Abdullah Ibrahim (Piano),1979,Echoes From Africa [1990]
JAZz,Latin Jazz-World Fusion,Sudáfrica,Abdullah Ibrahim (Piano),1980,Live at Montreux
JAZz,Latin Jazz-World Fusion,Sudáfrica,Abdullah Ibrahim (Piano),1983,Zimbabwe
JAZz,Latin Jazz-World Fusion,Sudáfrica,Abdullah Ibrahim (Piano),1985,Water From An Ancient Well
JAZz,Latin Jazz-World Fusion,Sudáfrica,Abdullah Ibrahim (Piano),1989,Blues For A Hip King [Co]
JAZz,Latin Jazz-World Fusion,Sudáfrica,Abdullah Ibrahim (Piano),1989,The Mountain [Co]
JAZz,Latin Jazz-World Fusion,Sudáfrica,Abdullah Ibrahim (Piano),1989,Tintinyana [Co]
JAZz,Latin Jazz-World Fusion,Sudáfrica,Abdullah Ibrahim (Piano),1991,Mantra Mode
JAZz,Latin Jazz-World Fusion,Sudáfrica,Abdullah Ibrahim (Piano),2001,Ekapa Lodumo
JAZz,Latin Jazz-World Fusion,Sudáfrica,Hugh Masekela (Trumpet),1966,Grrr (2003)
JAZz,Latin Jazz-World Fusion,Sudáfrica,Hugh Masekela (Trumpet),1984,TechnoBush
JAZz,Latin Jazz-World Fusion,Sudáfrica,Hugh Masekela (Trumpet),1987,Tomorrow
JAZz,Latin Jazz-World Fusion,Sudáfrica,Hugh Masekela (Trumpet),1994,Stimela-The Original Chisa recordings [Co]
JAZz,Latin Jazz-World Fusion,Sudáfrica,Hugh Masekela (Trumpet),1999,Hope
JAZz,Latin Jazz-World Fusion,Sudáfrica,Hugh Masekela (Trumpet),2005,Revival
JAZz,Latin Jazz-World Fusion,Benín,Lionel Loueke (Guitar),2005,Gilfema
JAZz,Latin Jazz-World Fusion,Benín,Lionel Loueke (Guitar),2006,Virgin Forest
JAZz,Latin Jazz-World Fusion,Benín,Lionel Loueke (Guitar),2008,Karibu
JAZz,Latin Jazz-World Fusion,Benín,Lionel Loueke (Guitar),2010,Mwaliko
JAZz,Latin Jazz-World Fusion,,Mulatu Astatke (Vibraphone),1972,Mulatu of ethiopia
JAZz,Latin Jazz-World Fusion,,Mulatu Astatke (Vibraphone),2008,"Live at Broad Casting (Cargo, London) ) (& The Heliocentrics )"
JAZz,Latin Jazz-World Fusion,,Mulatu Astatke (Vibraphone),2009,''New York - Addis - London''  The story of ethio jazz 1965-1975
JAZz,Latin Jazz-World Fusion,,Mulatu Astatke (Vibraphone),2009,Inspiration Information (& The Heliocentrics)
JAZz,Latin Jazz-World Fusion,,Mulatu Astatke (Vibraphone),2010,Mulatu Steps Ahead
JAZz,Latin Jazz-World Fusion,EEUU,Randy Weston (Piano),1972,Blue Moses
JAZz,Latin Jazz-World Fusion,EEUU,Randy Weston (Piano),1989,Trilogy 'Portraits'
JAZz,Latin Jazz-World Fusion,EEUU,Randy Weston (Piano),1992,The Spirits Of Our Ancestors
JAZz,Latin Jazz-World Fusion,EEUU,Randy Weston (Piano),1992,The Splendid Master Gnawa Musicians of Morocco
JAZz,African Jazz,,Chris McGregor (Piano),1979,In His Good Time
JAZz,Latin Jazz-World Fusion,Cuba,Bebo Valdes (Piano),1995,Bebo Rides Again (Messidor)
JAZz,Latin Jazz-World Fusion,Cuba,Bebo Valdes (Piano),,19XX - Afro-Cuban Jazz [Co]
JAZz,Latin Jazz-World Fusion,Cuba,Bebo Valdes (Piano),2003,Wecould make such beautiful music together
JAZz,Latin Jazz-World Fusion,Cuba,Bebo Valdes (Piano),2004,Bebo de Cuba
JAZz,Latin Jazz-World Fusion,EEUU,Cal Tjader,1966,The New Soul Sound
JAZz,Latin Jazz-World Fusion,EEUU,Cal Tjader,1996,Roots Of Acid Jazz
JAZz,Latin Jazz-World Fusion,EEUU,Joey Defrancesco,1999,Incredible!  & Jimmy Smith
JAZz,Latin Jazz-World Fusion,EEUU,Willie Bobo,1978,Hell On An Act To Follow
JAZz,Latin Jazz-World Fusion,EEUU,Willie Bobo,1997,Roots of Acid Jazz  (Talkin' verve)
JAZz,Recopilaciones,,+Buda Musique,,Ethiopiques (Vol.01 (1997) - (V.A.) Golden Years Of Modern Ethiopian Music (1969-75))
JAZz,Recopilaciones,,+Buda Musique,,Ethiopiques (Vol.02 (1998) - (V.A.)  Tètchawèt! - Urban azmaris of the 90's)
JAZz,Recopilaciones,,+Buda Musique,,Ethiopiques (Vol.03 (1998) - (V.A.) Golden years of modern Ethiopian music 1969-75)
JAZz,Recopilaciones,,+Buda Musique,,Ethiopiques (Vol.04 (1998) - Mulatu Astaqe - Ethio Jazz & Musique Instrumental 1969-1974)
JAZz,Recopilaciones,,+Buda Musique,,Ethiopiques (Vol.05 (1999) - (V.A.) Tigrigna Music 1970-75)
JAZz,Recopilaciones,,+Buda Musique,,Ethiopiques (Vol.06 (1999) - Mahmoud Ahmed - Almaz (1973 ))
JAZz,Recopilaciones,,+Buda Musique,,Ethiopiques (Vol.07 (1999) - Mahmoud Ahmed - Erè mèla mèla (1975))
JAZz,Recopilaciones,,+Buda Musique,,Ethiopiques (Vol.08 (2000) - (V.A.) Swinging Addis (1969-74))
JAZz,Recopilaciones,,+Buda Musique,,Ethiopiques (Vol.09 (2001) - Alemayehu Eshete (1969-74))
JAZz,Recopilaciones,,+Buda Musique,,Ethiopiques (Vol.10 (2002) - (V.A.) Tezeta - Ethiopian Blues & Ballads)
JAZz,Recopilaciones,,+Buda Musique,,Ethiopiques (Vol.13 (2003) - (V.A.) The Golden Seventies - Ethiopian Groove)
JAZz,Recopilaciones,,+Buda Musique,,Ethiopiques (Vol.14 (2003) - Gétatchèw Mèkurya - Negus of Ethiopian sax)
JAZz,Recopilaciones,,+Buda Musique,,Ethiopiques (Vol.16 (2004) - Asnaqètch Wèrqu - The lady with the krar)
JAZz,Recopilaciones,,+Buda Musique,,Ethiopiques (Vol.19 (2005) - Mahmoud Ahmed - Altèmeyé (1974))
JAZz,Recopilaciones,,+Buda Musique,,Ethiopiques (Vol.20 (2004) - Either orchestra live in Addis)
JAZz,Recopilaciones,,+Buda Musique,,"Ethiopiques (Vol.22 (2007) - Alemayheu eshete, 1972-1974)"
JAZz,+Verve,,VA (199X) - Talkin' Verve ¨Roots of Acid Jazz¨,1996,Cal Tjader
JAZz,+Verve,,VA (199X) - Talkin' Verve ¨Roots of Acid Jazz¨,1996,Jimmy Smith [Hammond B-3]
JAZz,+Verve,,VA (199X) - Talkin' Verve ¨Roots of Acid Jazz¨,1996,Rahsaan Roland Kirk
JAZz,+Verve,,VA (199X) - Talkin' Verve ¨Roots of Acid Jazz¨,1996,Wes Montgomery
JAZz,+Verve,,VA (199X) - Talkin' Verve ¨Roots of Acid Jazz¨,1997,Willie Bobo [Percusión]
JAZz,Recopilaciones,,A Night In Rio- A Bossanova Selection,2005,A night in Rio- A Bossanova selection
JAZz,Recopilaciones,,The Bossa Nova -  Exciting Jazz Samba Rhythms,,The Bossa Nova Exciting Jazz Samba Rhythms - Vol.1
JAZz,Recopilaciones,,The Bossa Nova -  Exciting Jazz Samba Rhythms,,The Bossa Nova Exciting Jazz Samba Rhythms Vol.2
JAZz,Recopilaciones,,The Bossa Nova -  Exciting Jazz Samba Rhythms,,The Bossa Nova Exciting Jazz Samba Rhythms Vol.3
JAZz,Recopilaciones,,The Bossa Nova -  Exciting Jazz Samba Rhythms,,The Bossa Nova Exciting Jazz Samba Rhythms Vol.4
JAZz,Recopilaciones,,The Bossa Nova -  Exciting Jazz Samba Rhythms,,The Bossa Nova Exciting Jazz Samba Rhythms Vol.5
JAZz,Recopilaciones,,The Bossa Nova -  Exciting Jazz Samba Rhythms,,The Bossa Nova Exciting Jazz Samba Rhythms Vol.6
JAZz,Jazz Piano History - 2006 (BoxSet - 20 CDs) mp3 VB,,Artwork JPG,,Booklet 1 - JPG
JAZz,Jazz Piano History - 2006 (BoxSet - 20 CDs) mp3 VB,,Artwork JPG,,Booklet 2 - JPG
JAZz,Jazz Piano History - 2006 (BoxSet - 20 CDs) mp3 VB,,Artwork JPG,,Booklet 3 - JPG
JAZz,Jazz Piano History - 2006 (BoxSet - 20 CDs) mp3 VB,,Artwork JPG,,Booklet 4 - JPG
JAZz,Jazz Piano History - 2006 (BoxSet - 20 CDs) mp3 VB,,Artwork JPG,,Booklet 5 - JPG
JAZz,Jazz Piano History - 2006 (BoxSet - 20 CDs) mp3 VB,,Artwork JPG,,CD's back
JAZz,Jazz Piano History - 2006 (BoxSet - 20 CDs) mp3 VB,,Artwork JPG,,CD's front
JAZz,JazZ + Electronic,,The Best Blue Note Album In The World_ Ever!,1999,
JAZz,JazZ + Electronic,,The Jazz Chillout v1.0,2002,
JAZz,JazZ + Electronic,,Electrojazz at club blue note,2003,
JAZz,JazZ + Electronic,,ALBUM - Various - Diggin' Deeper - The Roots Of Acid Jazz - VOL 4,,
JAZz,Today Mood,,The Heliocentrics,2007,Out There
JAZz,Today Mood,,The Heliocentrics,2013,13 Degrees of Reality
JAZz,Today Mood,EEUU,Billy Harper (sax),1997,If Our Hearts Could Only See
JAZz,Today Mood,EEUU,Billy Harper (sax),,Billy Harper - Black Saint
JAZz,Anat Cohen,,3 Cohens,2007,Braid
JAZz,Today Mood,EEUU,Bill Frisell (Guitar),2008,Hemispheres (Jim Hall) (CD2)
JAZz,Today Mood,Francia,Lionel Belmondo,2005,Influence (Belmondo & Yusef Lateef) (CD 2)
JAZz,Today Mood,,Papa Bue's Viking Jazz Band,1996,Papa Bue Greatest [Compilation] (CD2)
JAZz,Today Mood,EEUU,Pat Metheny (Guitar),2007,Secret Story Deluxe (Cd 2)
JAZz,Today Mood,,Junior Maceió (Sax),2026,Sururu com dendê
JAZz,,,Jorga Mesfin (Sax),,
POP & Rock,Blues rock / Slide guitar,EEUU,The Derek Trucks Band,2004,Live At Georgia Theatre (cd2)
POP & Rock,Indie folk / Anti-folk,EEUU,The Moldy Peaches,2002,Unreleased cutz and live jamz 1994-2002 (cd2)
POP & Rock,Pop rock,Irlanda,The Script,2012,#3 (Deluxe Edition) (CD2)
POP & Rock,Folk'ys,EEUU,Brenda Lee,1998,All Time Greatest Hits (CD 2)
POP & Rock,Folk'ys,EEUU,Brenda Lee,1998,All Time Greatest Hits (CD 3)
POP & Rock,Folk'ys,EEUU,Karen Dalton,2007,Cotton Eyed Joe (CD 2)
Rithm & BLUES,Soul / R&B / Jazz,EEUU,Esther Philips,1997,Little Esther Phillips - The Best Of 1962-1970 (CD2)
Rithm & BLUES,Soul / R&B / Funk,EEUU,Ike & Tina Turner,2006,Feel The Groove (Remastered) (CD #2)
Rithm & BLUES,Soul / Funk / R&B,EEUU,Marvin Gaye,1995,The Best Of Marvin Gaye [Compilation] (Cd #2)
Rithm & BLUES,Soul / Funk / R&B,EEUU,Marvin Gaye,2001,What's Going On [Compilation] (CD2)
Rithm & BLUES,Soul / R&B,EEUU,Maxine Brown,,Maxine Brown-All In My Mind-CD 1
Rithm & BLUES,Soul / R&B,EEUU,Maxine Brown,,Maxine Brown-All In My Mind-CD 2
Rithm & BLUES,Soul / R&B,EEUU,Maxine Brown,,Maxine Brown-All In My Mind-CD 3
Rithm & BLUES,Jazz / Soul / R&B,EEUU,Nancy Wilson,2007,The Very Best Of - The Capitol Recordings (1960-1976) (CD 2)
Rithm & BLUES,Jazz / Soul / R&B,EEUU,Nancy Wilson,2007,The Very Best Of - The Capitol Recordings (1960-1976) (CD 3)
Rithm & BLUES,Soul / Funk / R&B,EEUU,Stevie Wonder,2002,The Very Best Of (cd2)
Rithm & BLUES,Motown / Soul / R&B,EEUU,The Four Tops,,XxXx - Anthology 1964 -1972 Motown (Disc#1)
Rithm & BLUES,Motown / Soul / R&B,EEUU,The Four Tops,,XxXx - Anthology 1964 -1972 Motown (Disc#2)
Rithm & BLUES,Motown / Soul / R&B,EEUU,The Four Tops,,XxXx - Anthology 1964 -1972 Motown (Disc#3)
Rithm & BLUES,Motown / Soul / R&B,EEUU,The Four Tops,,XxXx - Anthology 1964 -1972 Motown (Disc#4)
Rithm & BLUES,Soul / R&B,EEUU,The Impressions [Curtis Mayfield & others],1992,The Anthology 1961-1977 (Disc #2)
Rithm & BLUES,Soul / Funk / R&B,EEUU,The Isley Brothers,2005,Ultimate Collection (CD2)
Rithm & BLUES,,,Sweet Home Chicago - A History Of Chicago Blues,2007,
Rithm & BLUES,,,VA (1999) - Mali To Memphis An African-American Odysse,,
ROCK & Folk ROLL,Rock and roll / Rockabilly,EEUU,Buddy Holly,1979,The Complete Story (Box set) (cd2)
ROCK & Folk ROLL,Rock and roll / Rockabilly,EEUU,Buddy Holly,1979,The Complete Story (Box set) (cd3)
ROCK & Folk ROLL,Rock and roll / Rockabilly,EEUU,Buddy Holly,1979,The Complete Story (Box set) (cd4)
ROCK & Folk ROLL,Rock and roll / Rockabilly,EEUU,Buddy Holly,1979,The Complete Story (Box set) (cd5)
ROCK & Folk ROLL,Rock and roll / Rockabilly,EEUU,Buddy Holly,1979,The Complete Story (Box set) (cd6)
ROCK & Folk ROLL,Avant-garde rock / Blues rock,EEUU,Captain Beefheart & the Magic Band,1999,Grow Fins Rarities (1965-1982) (Cd 2 - Electricity (1967-1968))
ROCK & Folk ROLL,Avant-garde rock / Blues rock,EEUU,Captain Beefheart & the Magic Band,1999,Grow Fins Rarities (1965-1982) (Cd 3 - Trout Mask House Sessions (1969))
ROCK & Folk ROLL,Avant-garde rock / Blues rock,EEUU,Captain Beefheart & the Magic Band,1999,Grow Fins Rarities (1965-1982) (Cd 4 - Trout Mask House Sessions (storytime portion) (1969))
ROCK & Folk ROLL,Avant-garde rock / Blues rock,EEUU,Captain Beefheart & the Magic Band,1999,Grow Fins Rarities (1965-1982) (Cd 5 - Captain Beefheart & His Magic Band Grow Fins (1969-1982))
ROCK & Folk ROLL,Rock and roll / R&B,EEUU,Chuck Berry,2000,The Anthology (Cd 02)
ROCK & Folk ROLL,Delaney & Bonnie,,Delaney & Bonnie & Friends - Motel Shot (1971) [FLAC],,art
ROCK & Folk ROLL,Delaney & Bonnie,,Delaney and Bonnie - To Bonnie From Delaney FLAC,,Artwork
ROCK & Folk ROLL,Duane Allman - Skydog The Duane Allman Retrospect BoxSet(2013) mp3@320 {1337x}-kawli,,CD 1,,covers
ROCK & Folk ROLL,Duane Allman - Skydog The Duane Allman Retrospect BoxSet(2013) mp3@320 {1337x}-kawli,,CD 2,,covers
ROCK & Folk ROLL,Duane Allman - Skydog The Duane Allman Retrospect BoxSet(2013) mp3@320 {1337x}-kawli,,CD 3,,covers
ROCK & Folk ROLL,Duane Allman - Skydog The Duane Allman Retrospect BoxSet(2013) mp3@320 {1337x}-kawli,,CD 4,,covers
ROCK & Folk ROLL,Duane Allman - Skydog The Duane Allman Retrospect BoxSet(2013) mp3@320 {1337x}-kawli,,CD 5,,covers
ROCK & Folk ROLL,Duane Allman - Skydog The Duane Allman Retrospect BoxSet(2013) mp3@320 {1337x}-kawli,,CD 6,,covers
ROCK & Folk ROLL,Duane Allman - Skydog The Duane Allman Retrospect BoxSet(2013) mp3@320 {1337x}-kawli,,CD 7,,covers
ROCK & Folk ROLL,Duane Allman,,Duane Allman - Skydog The Duane Allman Retrospect [BoxSet](2013) mp3@320 {1337x}-kawli,,covers box jpg
ROCK & Folk ROLL,Rock / Soft rock,Reino Unido,Fleetwood Mac,2004,Rumours [Compilation] (CD #2)
ROCK & Folk ROLL,Fleetwood Mac - Discography 1968-2009 Mp3 320 kbps,,1 Studio albums,,1 Blue Horizon Box (1999) @320 (CD1 1968 Peter Green's Fleetwood Mac @320)
ROCK & Folk ROLL,Fleetwood Mac - Discography 1968-2009 Mp3 320 kbps,,1 Studio albums,,1 Blue Horizon Box (1999) @320 (CD2 1968 Mr Wonderful @320)
ROCK & Folk ROLL,Fleetwood Mac - Discography 1968-2009 Mp3 320 kbps,,1 Studio albums,,1 Blue Horizon Box (1999) @320 (CD3 1969 Pious Bird of Good Omen @320)
ROCK & Folk ROLL,Fleetwood Mac - Discography 1968-2009 Mp3 320 kbps,,1 Studio albums,,1 Blue Horizon Box (1999) @320 (CD4 1970 Blues Jam in Chicago vol 1 @320)
ROCK & Folk ROLL,Fleetwood Mac - Discography 1968-2009 Mp3 320 kbps,,1 Studio albums,,1 Blue Horizon Box (1999) @320 (CD5 1970 Blues Jam in Chicago vol 2 @320)
ROCK & Folk ROLL,Fleetwood Mac - Discography 1968-2009 Mp3 320 kbps,,1 Studio albums,,1 Blue Horizon Box (1999) @320 (CD6 1971 The Original Fleetwood Mac @320)
ROCK & Folk ROLL,Fleetwood Mac - Discography 1968-2009 Mp3 320 kbps,,1 Studio albums,1968,7936 South Rhodes (with Eddie Boyd) @320
ROCK & Folk ROLL,Fleetwood Mac - Discography 1968-2009 Mp3 320 kbps,,1 Studio albums,1969,Then Play On @320
ROCK & Folk ROLL,Fleetwood Mac - Discography 1968-2009 Mp3 320 kbps,,1 Studio albums,1970,Jumping At Shadows (With Peter Green)(2 CD) @320 (CD1)
ROCK & Folk ROLL,Fleetwood Mac - Discography 1968-2009 Mp3 320 kbps,,1 Studio albums,1970,Jumping At Shadows (With Peter Green)(2 CD) @320 (CD2)
ROCK & Folk ROLL,Fleetwood Mac - Discography 1968-2009 Mp3 320 kbps,,1 Studio albums,1970,Kiln House @320
ROCK & Folk ROLL,Fleetwood Mac - Discography 1968-2009 Mp3 320 kbps,,1 Studio albums,1971,Future Games @320
ROCK & Folk ROLL,Fleetwood Mac - Discography 1968-2009 Mp3 320 kbps,,1 Studio albums,1972,Bare Trees @320
ROCK & Folk ROLL,Fleetwood Mac - Discography 1968-2009 Mp3 320 kbps,,1 Studio albums,1973,Mystery To Me @320
ROCK & Folk ROLL,Fleetwood Mac - Discography 1968-2009 Mp3 320 kbps,,1 Studio albums,1973,Penguin @320
ROCK & Folk ROLL,Fleetwood Mac - Discography 1968-2009 Mp3 320 kbps,,1 Studio albums,1974,Heroes Are Hard to Find @320
ROCK & Folk ROLL,Fleetwood Mac - Discography 1968-2009 Mp3 320 kbps,,1 Studio albums,1975,Fleetwood Mac (U.S. Deluxe & Expanded Edition) @320
ROCK & Folk ROLL,Fleetwood Mac - Discography 1968-2009 Mp3 320 kbps,,1 Studio albums,1977,Albatross (and Christine Perfect) @320
ROCK & Folk ROLL,Fleetwood Mac - Discography 1968-2009 Mp3 320 kbps,,1 Studio albums,1977,Rumours @320
ROCK & Folk ROLL,Fleetwood Mac - Discography 1968-2009 Mp3 320 kbps,,1 Studio albums,1977,Rumours Outtakes @320
ROCK & Folk ROLL,Fleetwood Mac - Discography 1968-2009 Mp3 320 kbps,,1 Studio albums,1979,"Tusk (Remaster, 2 CD) @320 (CD1)"
ROCK & Folk ROLL,Fleetwood Mac - Discography 1968-2009 Mp3 320 kbps,,1 Studio albums,1979,"Tusk (Remaster, 2 CD) @320 (CD2)"
ROCK & Folk ROLL,Fleetwood Mac - Discography 1968-2009 Mp3 320 kbps,,1 Studio albums,1982,Mirage @320
ROCK & Folk ROLL,Fleetwood Mac - Discography 1968-2009 Mp3 320 kbps,,1 Studio albums,1987,Tango in the Night @320
ROCK & Folk ROLL,Fleetwood Mac - Discography 1968-2009 Mp3 320 kbps,,1 Studio albums,1990,Behind the Mask @320
ROCK & Folk ROLL,Fleetwood Mac - Discography 1968-2009 Mp3 320 kbps,,1 Studio albums,1995,Time @320
ROCK & Folk ROLL,Fleetwood Mac - Discography 1968-2009 Mp3 320 kbps,,1 Studio albums,2003,"Say You Will (Deluxe Edition, 2 CD) @320 (CD1)"
ROCK & Folk ROLL,Fleetwood Mac - Discography 1968-2009 Mp3 320 kbps,,1 Studio albums,2003,"Say You Will (Deluxe Edition, 2 CD) @320 (CD2)"
ROCK & Folk ROLL,Fleetwood Mac - Discography 1968-2009 Mp3 320 kbps,,2 Live albums,1968,"SF,Carousel Ballroom (2 CD) @320 (CD1)"
ROCK & Folk ROLL,Fleetwood Mac - Discography 1968-2009 Mp3 320 kbps,,2 Live albums,1968,"SF,Carousel Ballroom (2 CD) @320 (CD2)"
ROCK & Folk ROLL,Fleetwood Mac - Discography 1968-2009 Mp3 320 kbps,,2 Live albums,1969,The Biggest Thing Since Colossus (With Otis Spann) @320
ROCK & Folk ROLL,Fleetwood Mac - Discography 1968-2009 Mp3 320 kbps,,2 Live albums,1970,"Live In Boston (3 CD, 2003) @320 (CD1)"
ROCK & Folk ROLL,Fleetwood Mac - Discography 1968-2009 Mp3 320 kbps,,2 Live albums,1970,"Live In Boston (3 CD, 2003) @320 (CD2)"
ROCK & Folk ROLL,Fleetwood Mac - Discography 1968-2009 Mp3 320 kbps,,2 Live albums,1970,"Live In Boston (3 CD, 2003) @320 (CD3)"
ROCK & Folk ROLL,Fleetwood Mac - Discography 1968-2009 Mp3 320 kbps,,2 Live albums,1971,"Live at The BBC 1967-1971 (2 CD, 1995) @320 (CD1)"
ROCK & Folk ROLL,Fleetwood Mac - Discography 1968-2009 Mp3 320 kbps,,2 Live albums,1971,"Live at The BBC 1967-1971 (2 CD, 1995) @320 (CD2)"
ROCK & Folk ROLL,Fleetwood Mac - Discography 1968-2009 Mp3 320 kbps,,2 Live albums,1975,Who's The New Girl (Tape) @320
ROCK & Folk ROLL,Fleetwood Mac - Discography 1968-2009 Mp3 320 kbps,,2 Live albums,1977,Oklahoma City @320
ROCK & Folk ROLL,Fleetwood Mac - Discography 1968-2009 Mp3 320 kbps,,2 Live albums,1980,Fleetwood Mac Live (2 CD) @320 (CD1)
ROCK & Folk ROLL,Fleetwood Mac - Discography 1968-2009 Mp3 320 kbps,,2 Live albums,1980,Fleetwood Mac Live (2 CD) @320 (CD2)
ROCK & Folk ROLL,Fleetwood Mac - Discography 1968-2009 Mp3 320 kbps,,2 Live albums,1997,The Dance Live @320
ROCK & Folk ROLL,Fleetwood Mac - Discography 1968-2009 Mp3 320 kbps,,2 Live albums,1997,"Westwood One (2001, Live-Radio, 2 CD) @320 (CD1)"
ROCK & Folk ROLL,Fleetwood Mac - Discography 1968-2009 Mp3 320 kbps,,2 Live albums,1997,"Westwood One (2001, Live-Radio, 2 CD) @320 (CD2)"
ROCK & Folk ROLL,Fleetwood Mac - Discography 1968-2009 Mp3 320 kbps,,3 Compilation albums,1969,English Rose @320
ROCK & Folk ROLL,Fleetwood Mac - Discography 1968-2009 Mp3 320 kbps,,3 Compilation albums,1970,"The Vaudeville Years (1998, 2 CD) @320 (CD1)"
ROCK & Folk ROLL,Fleetwood Mac - Discography 1968-2009 Mp3 320 kbps,,3 Compilation albums,1970,"The Vaudeville Years (1998, 2 CD) @320 (CD2)"
ROCK & Folk ROLL,Fleetwood Mac - Discography 1968-2009 Mp3 320 kbps,,3 Compilation albums,1975,Fleetwood Mac @320
ROCK & Folk ROLL,Fleetwood Mac - Discography 1968-2009 Mp3 320 kbps,,3 Compilation albums,1990,Greatest Hits @320
ROCK & Folk ROLL,Fleetwood Mac - Discography 1968-2009 Mp3 320 kbps,,3 Compilation albums,2000,The Very Best Of Fleetwood Mac @320
ROCK & Folk ROLL,Fleetwood Mac - Discography 1968-2009 Mp3 320 kbps,,4 Tribute albums,1994,The London Rock Orchestra Plays Fleetwood Mac @320
ROCK & Folk ROLL,Fleetwood Mac - Discography 1968-2009 Mp3 320 kbps,,4 Tribute albums,2009,The Soundstage Sessions (Stevie Nicks) @320
ROCK & Folk ROLL,Blues rock / Country rock / Tulsa sound,EEUU,J.J. Cale,1997,Anyway the Wind Blows - The Anthology (Disc 2)
ROCK & Folk ROLL,Led Zeppelin,,01. Studio albums,,01. Led Zeppelin (1969)
ROCK & Folk ROLL,Led Zeppelin,,01. Studio albums,,02. Led Zeppelin II (1969)
ROCK & Folk ROLL,Led Zeppelin,,01. Studio albums,,03. Led Zeppelin III (1970)
ROCK & Folk ROLL,Led Zeppelin,,01. Studio albums,,04. Led Zeppelin IV (1971)
ROCK & Folk ROLL,Led Zeppelin,,01. Studio albums,,05. Houses of The Holy (1973)
ROCK & Folk ROLL,Led Zeppelin,,01. Studio albums,,06. Physical Graffiti (1975) (CD1)
ROCK & Folk ROLL,Led Zeppelin,,01. Studio albums,,06. Physical Graffiti (1975) (CD2)
ROCK & Folk ROLL,Led Zeppelin,,01. Studio albums,,07. Presence (1976)
ROCK & Folk ROLL,Led Zeppelin,,01. Studio albums,,08. In Through The Out Door (1979)
ROCK & Folk ROLL,Led Zeppelin,,01. Studio albums,,09. Coda (1982)
ROCK & Folk ROLL,Rock / Soft rock / Blues rock,Reino Unido,Rod Stewart,2000,The Story So Far... [Compilation] (CD#2)
ROCK & Folk ROLL,R&B / Blues rock,Reino Unido,The Animals,,The Animals BBC CD-1
ROCK & Folk ROLL,R&B / Blues rock,Reino Unido,The Animals,,The Animals BBC CD-2
ROCK & Folk ROLL,The Beach Boys,,The Beach Boys Discography,,01 Surfin' Safari (1962)
ROCK & Folk ROLL,The Beach Boys,,The Beach Boys Discography,,02 Surfin' USA (1963)
ROCK & Folk ROLL,The Beach Boys,,The Beach Boys Discography,,03 Surfer Girl (1963)
ROCK & Folk ROLL,The Beach Boys,,The Beach Boys Discography,,04 Little Deuce Coupe (1963)
ROCK & Folk ROLL,The Beach Boys,,The Beach Boys Discography,,"05 Shut Down, Vol.2 (1964)"
ROCK & Folk ROLL,The Beach Boys,,The Beach Boys Discography,,06 All Summer Long (1964)
ROCK & Folk ROLL,The Beach Boys,,The Beach Boys Discography,,07 Christmas Album + Ultimate Christmas (1964)
ROCK & Folk ROLL,The Beach Boys,,The Beach Boys Discography,,08 The Beach Boys Today! (1965)
ROCK & Folk ROLL,The Beach Boys,,The Beach Boys Discography,,09 Summer Days (and Summer Nights!!) (1965)
ROCK & Folk ROLL,The Beach Boys,,The Beach Boys Discography,,10 Beach Boys' Party! (1965)
ROCK & Folk ROLL,The Beach Boys,,The Beach Boys Discography,,11 Pet Sounds (1966)
ROCK & Folk ROLL,The Beach Boys,,The Beach Boys Discography,,12 Smile (1967)
ROCK & Folk ROLL,The Beach Boys,,The Beach Boys Discography,,13 Smiley Smile (1967)
ROCK & Folk ROLL,The Beach Boys,,The Beach Boys Discography,,14 Wild Honey (1967)
ROCK & Folk ROLL,The Beach Boys,,The Beach Boys Discography,,15 Friends (1968)
ROCK & Folk ROLL,The Beach Boys,,The Beach Boys Discography,,16 Stack-o-Tracks - Instrumental (1968)
ROCK & Folk ROLL,The Beach Boys,,The Beach Boys Discography,,17 20-20 (1969)
ROCK & Folk ROLL,The Beach Boys,,The Beach Boys Discography,,18 Sunflower (1970)
ROCK & Folk ROLL,The Beach Boys,,The Beach Boys Discography,,19 Surf's Up (1971)
ROCK & Folk ROLL,The Beach Boys,,The Beach Boys Discography,,20 Carl And The Passions - So Tough (1972)
ROCK & Folk ROLL,The Beach Boys,,The Beach Boys Discography,,21 Holland (1973)
ROCK & Folk ROLL,The Beach Boys,,The Beach Boys Discography,,22 15 Big Ones (1976)
ROCK & Folk ROLL,The Beach Boys,,The Beach Boys Discography,,23 Love You (1977)
ROCK & Folk ROLL,The Beach Boys,,The Beach Boys Discography,,24 M.I.U. Album (1978)
ROCK & Folk ROLL,The Beach Boys,,The Beach Boys Discography,,25 L.A. (Light Album) (1979)
ROCK & Folk ROLL,The Beach Boys,,The Beach Boys Discography,,26 Keepin' The Summer Alive (1980)
ROCK & Folk ROLL,The Beach Boys,,The Beach Boys Discography,,27 The Beach Boys (1985)
ROCK & Folk ROLL,The Beach Boys,,The Beach Boys Discography,,28 Still Cruisin' (1989)
ROCK & Folk ROLL,The Beach Boys,,The Beach Boys Discography,,29 Summer In Paradise (1992)
ROCK & Folk ROLL,The Beach Boys,,The Beach Boys Discography,,30 Good Vibrations - Thirty Years of...CD Nr.5 - Sessions (1993)
ROCK & Folk ROLL,The Beach Boys,,The Beach Boys Discography,,Live '64 Beach Boys Concert (1964)
ROCK & Folk ROLL,The Beach Boys,,The Beach Boys Discography,,Live '70 Live in London (1970)
ROCK & Folk ROLL,The Beach Boys,,The Beach Boys Discography,,Live '73 The Beach Boys in Concert (1973)
ROCK & Folk ROLL,The Beach Boys,,The Beach Boys Discography,,Rarities & Miscellaneas
ROCK & Folk ROLL,The Beach Boys,,The Beach Boys Discography,,Unsurpassed Masters Vol.07 - Today sessions
ROCK & Folk ROLL,The Beach Boys,,The Beach Boys Discography,,Unsurpassed Masters Vol.17 - Smile sessions
ROCK & Folk ROLL,The Beach Boys,,The Beach Boys Discography,,Vigotone smile
ROCK & Folk ROLL,The Beach Boys,,The Beach Boys Discography,,Wow Covers & Graphics
ROCK & Folk ROLL,The Beatles,,64_BeatlesForSale,,LYRICS
ROCK & Folk ROLL,The Beatles,,65_Help!,,LYRICS
ROCK & Folk ROLL,The Beatles,,65_RubberSoul,,LYRICS
ROCK & Folk ROLL,The Beatles,,66_Revolver,,LYRICS
ROCK & Folk ROLL,The Beatles,,67_SgtPepper'sLonelyHeartsClubBand,,lyrics
ROCK & Folk ROLL,The Beatles,,68_WhiteAlbum,,Disc1
ROCK & Folk ROLL,The Beatles,,68_WhiteAlbum,,Disc2
ROCK & Folk ROLL,The Beatles,,68_WhiteAlbum,,lyrics
ROCK & Folk ROLL,The Beatles,,69_AbbeyRoad,,lyrics
ROCK & Folk ROLL,The Beatles,,70_LetItBe,,lyrics
ROCK & Folk ROLL,The Beatles,,Singles_PastMasters,,LYRICS
ROCK & Folk ROLL,The Beatles,,Singles_PastMasters,,PastMasters1
ROCK & Folk ROLL,The Beatles,,Singles_PastMasters,,PastMasters2
ROCK & Folk ROLL,Blues rock / Psychedelic,EEUU,The Blues Project,1997,Blues Project Anthology (Disc 2)
ROCK & Folk ROLL,Folk rock / Country rock / Psychedelic,EEUU,The Byrds,2003,The Essential Byrds [Compilation] (CD2)
ROCK & Folk ROLL,Rock and roll / Country,EEUU,The Everly Brothers,2008,White Collection [WHITE217] (CD #2)
ROCK & Folk ROLL,Rock / Pop / R&B,Reino Unido,The Kinks,1992,The very best of (CD2)
ROCK & Folk ROLL,Surf rock / Instrumental,Reino Unido,The Shadows,1998,Good Vibrations (CD2)
ROCK & Folk ROLL,Surf rock / Instrumental,Reino Unido,The Shadows,1998,Good Vibrations (CD3)
ROCK & Folk ROLL,Surf rock,EEUU,The Surfaris,1999,Surfers Rule & Gone with the Wave [Compilation] (CD2)
ROCK & Folk ROLL,Rock / Folk rock,EEUU,The Traveling Wilburys,2007,Collection (Disc 2)
ROCK & Folk ROLL,Rock / Mod / Hard rock,Reino Unido,The Who,1973,Quadrophenia (CD2)
ROCK & Folk ROLL,Rock / Mod / Hard rock,Reino Unido,The Who,2000,Live At The Royal Albert Hall (CD2)
ROCK & Folk ROLL,Rock / Mod / Hard rock,Reino Unido,The Who,2000,Live At The Royal Albert Hall (CD3 Bonus)
ROCK & Folk ROLL,Rock / Mod / Hard rock,Reino Unido,The Who,2002,The Ultimate Collection (CD 2)
ROCK & Folk ROLL,Heavy Metal,Reino Unido,Led Zeppelin,1975,Physical Graffiti (CD2)
ROCK & Folk ROLL,Heavy Metal,Reino Unido,Led Zeppelin,1976,The soundtrack From The Motion Picture (Disc 2)
ROCK & Folk ROLL,Heavy Metal,Reino Unido,Led Zeppelin,1990,Box Set I (4CD) (Disc 2)
ROCK & Folk ROLL,Heavy Metal,Reino Unido,Led Zeppelin,1990,Box Set I (4CD) (Disc 3)
ROCK & Folk ROLL,Heavy Metal,Reino Unido,Led Zeppelin,1990,Box Set I (4CD) (Disc 4)
ROCK & Folk ROLL,Heavy Metal,Reino Unido,Led Zeppelin,1993,Box Set II (2CD) (Disc 2)
ROCK & Folk ROLL,Heavy Metal,Reino Unido,Led Zeppelin,2003,How The West Was Won (disc 2)
ROCK & Folk ROLL,Heavy Metal,Reino Unido,Led Zeppelin,2003,How The West Was Won (disc 3)
ROCK & Folk ROLL,Reverend Horton Heat,,PSYCHOBILLY - REVEREND HORTON HEAT-9 FULL ALBUM COVERS 128,1993,THE FULL CUSTOM GOSPEL SOUNDS OF
ROCK & Folk ROLL,Reverend Horton Heat,,PSYCHOBILLY - REVEREND HORTON HEAT-9 FULL ALBUM COVERS 128,1996,IT'S MARTINI TIME
ROCK & Folk ROLL,Reverend Horton Heat,,PSYCHOBILLY - REVEREND HORTON HEAT-9 FULL ALBUM COVERS 128,1998,SPACE HEATER
ROCK & Folk ROLL,Reverend Horton Heat,,PSYCHOBILLY - REVEREND HORTON HEAT-9 FULL ALBUM COVERS 128,2000,SPEND A NIGHT IN THE BOX
ROCK & Folk ROLL,Reverend Horton Heat,,PSYCHOBILLY - REVEREND HORTON HEAT-9 FULL ALBUM COVERS 128,2002,LUCKY 7
ROCK & Folk ROLL,Reverend Horton Heat,,PSYCHOBILLY - REVEREND HORTON HEAT-9 FULL ALBUM COVERS 128,2004,REVIVAL
ROCK & Folk ROLL,Punk,Reino Unido,Joy Division,2008,The Best Of Joy Division (Cd #2)
ROCK & Folk ROLL,Punk,EEUU,The Stooges,1969,The Stooges [2005 Remaster] (Disc #2)
ROCK & Folk ROLL,RooTs to COUNTRY,EEUU,Hank Williams,1978,40 Greatest Hits (Disc #2)
ROCK & Folk ROLL,RooTs to COUNTRY,EEUU,Hank Williams,1992,The Original Singles Collection (Cd#2)
ROCK & Folk ROLL,RooTs to COUNTRY,EEUU,Hank Williams,1992,The Original Singles Collection (Cd#3)
ROCK & Folk ROLL,Lester Flatt & Earl Scruggs,,Flatt.&.Scruggs.-.1948-1959.[Bear.Family.Box.Set.4CD.-.256.Kbps],,Flatt & Scruggs - 1948-1959 CD1
ROCK & Folk ROLL,Lester Flatt & Earl Scruggs,,Flatt.&.Scruggs.-.1948-1959.[Bear.Family.Box.Set.4CD.-.256.Kbps],,Flatt & Scruggs - 1948-1959 CD2
ROCK & Folk ROLL,Lester Flatt & Earl Scruggs,,Flatt.&.Scruggs.-.1948-1959.[Bear.Family.Box.Set.4CD.-.256.Kbps],,Flatt & Scruggs - 1948-1959 CD3
ROCK & Folk ROLL,Lester Flatt & Earl Scruggs,,Flatt.&.Scruggs.-.1948-1959.[Bear.Family.Box.Set.4CD.-.256.Kbps],,Flatt & Scruggs - 1948-1959 CD4
ROCK & Folk ROLL,RooTs to COUNTRY,EEUU,Patsy Cline,2000,Ultimate Collection (Cd2)
ROCK & Folk ROLL,RooTs to COUNTRY,EEUU,Steve Earle,2008,Copperhead Road [Deluxe Edition] (CD2 Live)
ROCK & Folk ROLL,Nick Curran,,Nick Curran & The Lowlifes - 2010 - Reform School Girl,,covers
ROCK & Folk ROLL,Nick Curran,,Nick Curran and the Nitelifes - 2003 - Doctor Velvet,,scan
ROCK & Folk ROLL,,,Garage Beat '66 (Sundazed) (Vol #1),2004,
ROCK & Folk ROLL,,,Garage Beat '66 (Sundazed) (Vol #2),2004,
ROCK & Folk ROLL,,,Instrumental Memories Are Made Of This - (EMI VTCD629),2004,
ROCK & Folk ROLL,,,Girls Gone Rockin - 75 Fabulous Femme Rockers - 3CD,2010,
ROCK & Folk ROLL,,,Girls Gone Rockin' Vol.2 - Let's Have A Party (CD 1),2011,
ROCK & Folk ROLL,,,Girls Gone Rockin' Vol.2 - Let's Have A Party (CD 2),2011,
ROCK & Folk ROLL,,,Girls Gone Rockin' Vol.2 - Let's Have A Party (CD 3),2011,
ROCK & Folk ROLL,,,Rock 'N' Roll Girls ~ The Rockin' And Swinging Girls Of The 50's (Disc 01 - Let's Have A Party),2011,
ROCK & Folk ROLL,,,Rock 'N' Roll Girls ~ The Rockin' And Swinging Girls Of The 50's (Disc 02 - Great Balls Of Fire),2011,
ROCK & Folk ROLL,,,Rock 'N' Roll Girls ~ The Rockin' And Swinging Girls Of The 50's (Disc 03 - Baby Loves Him),2011,
ROCK & Folk ROLL,,,Rock 'N' Roll Girls ~ The Rockin' And Swinging Girls Of The 50's (Disc 04 - My Little Baby),2011,
ROCK & Folk ROLL,,,Rock 'N' Roll Girls ~ The Rockin' And Swinging Girls Of The 50's (Disc 05 - Hands Off),2011,
ROCK & Folk ROLL,,,Rock 'N' Roll Girls ~ The Rockin' And Swinging Girls Of The 50's (Disc 06 - Roll Over Beethoven),2011,
ROCK & Folk ROLL,,,Rock 'N' Roll Girls ~ The Rockin' And Swinging Girls Of The 50's (Disc 07 - Don't Be Cruel),2011,
ROCK & Folk ROLL,,,Rock 'N' Roll Girls ~ The Rockin' And Swinging Girls Of The 50's (Disc 08 - No Way Out),2011,
ROCK & Folk ROLL,,,Rock 'N' Roll Girls ~ The Rockin' And Swinging Girls Of The 50's (Disc 09 - Love And Kisses),2011,
ROCK & Folk ROLL,,,Rock 'N' Roll Girls ~ The Rockin' And Swinging Girls Of The 50's (Disc 10 - Tonight's The Night),2011,
ROOTS & Blues,Acoustic blues,EEUU,Alexis Korner,1962,R&B From The Marquee
ROOTS & Blues,Acoustic blues,EEUU,Alexis Korner,2011,Easy Rider (Comp)
ROOTS & Blues,Acoustic blues,EEUU,Big Joe Williams,1972,The Sonet Blues Story  (RE 2005) [Co]
ROOTS & Blues,Acoustic blues,EEUU,Bukka White,1963,"The Sonet Blues Story (2005, RE)"
ROOTS & Blues,Acoustic blues,EEUU,Bukka White,1994,The Complete Bukka White
ROOTS & Blues,Acoustic blues,EEUU,Bukka White,1995,The Blues Collection 23 - Bukka White - Parchman Farm Blues
ROOTS & Blues,Acoustic blues,EEUU,Bukka White,2004,Nothing But Blues
ROOTS & Blues,Acoustic blues,EEUU,Furry Lewis,2003,Good Morning Judge
ROOTS & Blues,Acoustic blues,EEUU,Lonnie Johnson (Guitar),1995,Blues in My Fingers
ROOTS & Blues,Acoustic blues,EEUU,Lonnie Johnson (Guitar),1996,Guitar Blues - The Blues collection 74 [Co]
ROOTS & Blues,Acoustic blues,EEUU,Lonnie Johnson (Guitar),2004,The Original Guitar Wizard (4CD Box Set)
ROOTS & Blues,Acoustic blues,EEUU,Memphis Slim,1961,Tribute To Big Bill Broonzy
ROOTS & Blues,Electric Chicago Blues (40's & 50's),,Big Walter Horton,1964,The soul of blues harmonica
ROOTS & Blues,Electric Chicago Blues (40's & 50's),,Big Walter Horton,1973,Big Walter Horton with Carey Bell
ROOTS & Blues,Electric Chicago Blues (40's & 50's),,Big Walter Horton,1988,Mouth Harp Maestro [Co]
ROOTS & Blues,Electric Chicago Blues (40's & 50's),,James Cotton,1974,100% Cotton (CD RE 1993)
ROOTS & Blues,Electric Chicago Blues (40's & 50's),,James Cotton,1995,Deep In The Blues
ROOTS & Blues,Electric Chicago Blues (40's & 50's),,James Cotton,2003,Live and on the Move
ROOTS & Blues,Electric Chicago Blues (40's & 50's),,James Cotton,2013,Cotton Mouth Man
ROOTS & Blues,Electric Chicago Blues (40's & 50's),,Jimmy Reed,1953,The Very Best Of
ROOTS & Blues,Electric Chicago Blues (40's & 50's),,Jimmy Reed,1958,I'm Jimmy Reed (RE 2005)
ROOTS & Blues,Electric Chicago Blues (40's & 50's),,Jimmy Reed,1959,Live at Carnegie Hall
ROOTS & Blues,Electric Chicago Blues (40's & 50's),,Jimmy Reed,1959,Rockin' With Reed (RE 1999 Co]
ROOTS & Blues,Electric Chicago Blues (40's & 50's),,Jimmy Reed,1999,"Bright Lights, Big City [Co]"
ROOTS & Blues,Electric Chicago Blues (40's & 50's),,Jimmy Reed,,19XX - You Don't Have to Go [Co]
ROOTS & Blues,Electric Chicago Blues (40's & 50's),,Jimmy Reed,2013,Aint That Loving You Baby - Singles A's & B's 1953-1961 [Co] (CD1)
ROOTS & Blues,Electric Chicago Blues (40's & 50's),,Jimmy Reed,2013,Aint That Loving You Baby - Singles A's & B's 1953-1961 [Co] (CD2)
ROOTS & Blues,Electric Chicago Blues (40's & 50's),,Junior Wells,1996,Come On In This House
ROOTS & Blues,Electric Chicago Blues (40's & 50's),,Little Milton,1970,If Walls Could Talk
ROOTS & Blues,Electric Chicago Blues (40's & 50's),,Little Milton,1981,Walkin'the back streets
ROOTS & Blues,Electric Chicago Blues (40's & 50's),,Little Milton,1995,Little Milton - Stand By Me (Blues Colection 48)
ROOTS & Blues,Electric Chicago Blues (40's & 50's),,Little Milton,1996,Rockin' The Blues [Co]
ROOTS & Blues,Electric Chicago Blues (40's & 50's),,Little Milton,1997,The Chess 50th Anniversary Collection
ROOTS & Blues,Electric Chicago Blues (40's & 50's),,Little Milton,,19XX - Stax Recordings
ROOTS & Blues,Electric Chicago Blues (40's & 50's),,Little Milton,2005,Think of Me
ROOTS & Blues,Electric Chicago Blues (40's & 50's),,Muddy Waters,1964,Folk Singer
ROOTS & Blues,Electric Chicago Blues (40's & 50's),,Muddy Waters,1968,After The Rain (LP Rip)
ROOTS & Blues,Electric Chicago Blues (40's & 50's),,Muddy Waters,1977,Hard Again
ROOTS & Blues,Electric Chicago Blues (40's & 50's),,Muddy Waters,1979,Live in Chicago
ROOTS & Blues,Electric Chicago Blues (40's & 50's),,Muddy Waters,1989,The London Muddy Waters Sessions (& Rory Gallagher) (1971)
ROOTS & Blues,Electric Chicago Blues (40's & 50's),,Muddy Waters,2001,The Anthology 1947-1972
ROOTS & Blues,Electric Chicago Blues (40's & 50's),,Otis Rush,1975,Cold Day in Hell
ROOTS & Blues,Electric Chicago Blues (40's & 50's),,Otis Rush,1991,Lost In The Blues [Reissued]
ROOTS & Blues,Electric Chicago Blues (40's & 50's),,Otis Spann,1964,The Blues Never Die! (RE 1990)
ROOTS & Blues,Electric Chicago Blues (40's & 50's),,Otis Spann,1966,The Blues is Where It's At
ROOTS & Blues,Electric Chicago Blues (40's & 50's),,Otis Spann,1966,The Bottom of The Blues
ROOTS & Blues,Electric Chicago Blues (40's & 50's),,Otis Spann,1969,Cryin' Time
ROOTS & Blues,Electric Chicago Blues (40's & 50's),,Otis Spann,1969,The Biggest Thing Since Colossus (with Fleetwood Mac)
ROOTS & Blues,Electric Chicago Blues (40's & 50's),,Otis Spann,2006,The Complete Blue Horizon Sessions
ROOTS & Blues,Electric Chicago Blues (40's & 50's),,Otis Spann,2014,Sweet Giant of The Blues
ROOTS & Blues,Otis Spann,,Otis Spann 1964-1969 (2СD),,covers
ROOTS & Blues,Otis Spann,,Otis Spann 1964-1969 (2СD),,Otis Spann - Cracked Spanner Head(1969)
ROOTS & Blues,Otis Spann,,Otis Spann 1964-1969 (2СD),,Otis Spann - The Blues Of Otis Spann(1964)
ROOTS & Blues,Electric Chicago Blues (40's & 50's),,Sonny Boy Williamson II,1966,Sonny Boy Williamson & The Yardbirds (Live At The Crawdaddy Club)
ROOTS & Blues,Electric Chicago Blues (40's & 50's),,Sonny Boy Williamson II,1975,The Animals & Sonny Boy Williamson
ROOTS & Blues,Electric Chicago Blues (40's & 50's),,Sonny Boy Williamson II,1993,The Essential [Compilation] (CD 1)
ROOTS & Blues,Electric Chicago Blues (40's & 50's),,Sonny Boy Williamson II,1993,The Essential [Compilation] (CD 2)
ROOTS & Blues,Electric Chicago Blues (40's & 50's),,Willie Dixon,1970,I Am the Blues
ROOTS & Blues,Electric Chicago Blues (40's & 50's),,Willie Dixon,1997,The Chess Box (CD1)
ROOTS & Blues,Electric Chicago Blues (40's & 50's),,Willie Dixon,1997,The Chess Box (CD2)
ROOTS & Blues,Modern Electric Chicago Blues (60's to Today's),,Buddy Guy (Guitar),1991,"Damn Right, I've Got Blues"
ROOTS & Blues,Modern Electric Chicago Blues (60's to Today's),,Buddy Guy (Guitar),1992,The Complete Chess Studio Recordings (CD 1)
ROOTS & Blues,Modern Electric Chicago Blues (60's to Today's),,Buddy Guy (Guitar),1992,The Complete Chess Studio Recordings (CD 2)
ROOTS & Blues,Modern Electric Chicago Blues (60's to Today's),,Buddy Guy (Guitar),1996,Buddy Guy & Friends (2-CD)
ROOTS & Blues,Modern Electric Chicago Blues (60's to Today's),,Buddy Guy (Guitar),,19XX - Buddy's Baddest (The Best Of Buddy Guy)
ROOTS & Blues,Modern Electric Chicago Blues (60's to Today's),,Buddy Guy (Guitar),2005,Bring Em In
ROOTS & Blues,Modern Electric Chicago Blues (60's to Today's),,Buddy Guy (Guitar),2013,Rhythm & Blues [Co]
ROOTS & Blues,Modern Electric Chicago Blues (60's to Today's),,Carey Bell (Harp),1993,Father And Son (Carey & Lurrie Bell)
ROOTS & Blues,Modern Electric Chicago Blues (60's to Today's),,Charlie Musselwhite (Harp),1991,Signature
ROOTS & Blues,Modern Electric Chicago Blues (60's to Today's),,Charlie Musselwhite (Harp),1994,In my time
ROOTS & Blues,Modern Electric Chicago Blues (60's to Today's),,Charlie Musselwhite (Harp),1994,The Blues Never Die
ROOTS & Blues,Modern Electric Chicago Blues (60's to Today's),,Charlie Musselwhite (Harp),2002,One Night in
ROOTS & Blues,Modern Electric Chicago Blues (60's to Today's),,Charlie Musselwhite (Harp),2006,Delta Hardware
ROOTS & Blues,Modern Electric Chicago Blues (60's to Today's),,Elvin Bishop,1970,Feel It
ROOTS & Blues,Modern Electric Chicago Blues (60's to Today's),,Elvin Bishop,1974,Let it flow
ROOTS & Blues,Modern Electric Chicago Blues (60's to Today's),,Elvin Bishop,1994,The Best of Elvin Bishop Tulsa Shuffle
ROOTS & Blues,Modern Electric Chicago Blues (60's to Today's),,Elvin Bishop,2008,The Blues Roll On
ROOTS & Blues,Modern Electric Chicago Blues (60's to Today's),,Elvin Bishop,2010,Red Dog Speaks
ROOTS & Blues,Modern Electric Chicago Blues (60's to Today's),,Elvin Bishop,2012,She Puts Me In The Mood
ROOTS & Blues,Modern Electric Chicago Blues (60's to Today's),,James Cotton,1984,High Compression
ROOTS & Blues,Modern Electric Chicago Blues (60's to Today's),,James Cotton,1996,Deep In The Blues
ROOTS & Blues,Modern Electric Chicago Blues (60's to Today's),,James Cotton,1999,SuperHarps
ROOTS & Blues,Modern Electric Chicago Blues (60's to Today's),,James Cotton,2010,Giant
ROOTS & Blues,Modern Electric Chicago Blues (60's to Today's),,James Cotton,,XxXx - 100% Cotton [Co]
ROOTS & Blues,Modern Electric Chicago Blues (60's to Today's),,Koko Taylor (Vocal),1969,Koko Taylor
ROOTS & Blues,Modern Electric Chicago Blues (60's to Today's),,Koko Taylor (Vocal),1977,"What it takes, The Chess Years [Co]"
ROOTS & Blues,Modern Electric Chicago Blues (60's to Today's),,Koko Taylor (Vocal),1978,The Earthshaker
ROOTS & Blues,Modern Electric Chicago Blues (60's to Today's),,Koko Taylor (Vocal),1985,Queen Of The Blues
ROOTS & Blues,Modern Electric Chicago Blues (60's to Today's),,Koko Taylor (Vocal),1990,Jump For Joy
ROOTS & Blues,Modern Electric Chicago Blues (60's to Today's),,Koko Taylor (Vocal),1993,Force Of Nature
ROOTS & Blues,Modern Electric Chicago Blues (60's to Today's),,Koko Taylor (Vocal),2000,Royal Blue
ROOTS & Blues,Modern Electric Chicago Blues (60's to Today's),,Lurrie Bell,2001,Chicago Blues Session vol 25 (Phil Guy & Lurrie Bell)
ROOTS & Blues,Modern Electric Chicago Blues (60's to Today's),,Michael Bloomfield (Guitar),1977,Analine
ROOTS & Blues,Modern Electric Chicago Blues (60's to Today's),,Son Seals,1976,Midnight Son
ROOTS & Blues,Modern Electric Chicago Blues (60's to Today's),,Son Seals,1984,Bad Axe
ROOTS & Blues,Chicago blues,EEUU,Big Bill Broonzy,1990,Good Time Tonight (comp)
ROOTS & Blues,Chicago blues,EEUU,Big Bill Broonzy,1992,Unissued Test Pressings 1923-1940
ROOTS & Blues,Chicago blues,EEUU,Big Bill Broonzy,1994,House Rent Stomp (comp)
ROOTS & Blues,Chicago blues,EEUU,Big Bill Broonzy,1995,The 1955 London Sessions
ROOTS & Blues,Chicago blues,EEUU,Big Bill Broonzy,1995,The Blues Collection 27 - Whiskey And Good Time Blues
ROOTS & Blues,Chicago blues,EEUU,Big Bill Broonzy,2011,"Big Bill Broonzy, One Beer One Blues (comp)"
ROOTS & Blues,Chicago blues,EEUU,Bruce 'Bent Banana' Harper,2008,Blues Pioneer (comp)
ROOTS & Blues,Chicago blues,EEUU,Eddie Boyd (Piano),1965,Five Long Years (RE 1994)
ROOTS & Blues,Chicago blues,EEUU,Eddie Boyd (Piano),1968,7936 South Rhodes (with Fleetwood Mac)
ROOTS & Blues,Chicago blues,EEUU,Elmore James,1960,The Sky Is Crying
ROOTS & Blues,Chicago blues,EEUU,Elmore James,1993,Dust My Broom [Compilation]
ROOTS & Blues,Chicago blues,EEUU,Elmore James,1993,Golden Hits
ROOTS & Blues,Chicago blues,EEUU,J.B. Lenoir,1965,Alabama Blues
ROOTS & Blues,Chicago blues,EEUU,J.B. Lenoir,1965,Mama Watch Your Daugther
ROOTS & Blues,Chicago blues,EEUU,J.B. Lenoir,2001,Eisenhower Blues
ROOTS & Blues,Chicago blues,EEUU,Little Walter,1984,The Best of Little Walter
ROOTS & Blues,Chicago blues,EEUU,Little Walter,1993,The Essential [Compilación] (Cd 1)
ROOTS & Blues,Chicago blues,EEUU,Little Walter,1993,The Essential [Compilación] (Cd 2)
ROOTS & Blues,Chicago blues,EEUU,Little Walter,1997,Blues With A Feeling
ROOTS & Blues,Chicago blues,EEUU,Robert Nighthawk,1980,Live On Maxwell Street (RE)
ROOTS & Blues,Chicago blues,EEUU,Robert Nighthawk,1990,Robert Nighthawk (Lee McCoy) - Complete Recorded Works (1937 - 1940)
ROOTS & Blues,Chicago blues,EEUU,Robert Nighthawk,,XxXx - The Blues Collection #63 - Robert Nighthawk And Forrest City Joe
ROOTS & Blues,Country blues,EEUU,Lightnin' Hopkins,1969,The Texas Bluesman
ROOTS & Blues,Country blues,EEUU,Lightnin' Hopkins,1990,Blues in my bottle-Walkin' this road by myself [Reissued]
ROOTS & Blues,Country blues,EEUU,Lightnin' Hopkins,1992,It's A Sin To Be Rich (1972) [Reissued]
ROOTS & Blues,Country blues,EEUU,Lightnin' Hopkins,1993,Lightnin' (1967-'69) [Reissued]
ROOTS & Blues,Country blues,EEUU,Lightnin' Hopkins,1995,Po' Lightnin'(1961-'69)
ROOTS & Blues,Country blues,EEUU,Mississippi John Hurt,1991,"Last Sessions (NYC, 1966)"
ROOTS & Blues,Country blues,EEUU,Mississippi John Hurt,1996,Avalon Blues- The Complete 1928 Okeh Recordings
ROOTS & Blues,Country blues,EEUU,Mississippi John Hurt,1996,Coffe Blues (Comp)
ROOTS & Blues,Country blues,EEUU,Mississippi John Hurt,2000,The Complete Studio Recordings (CD 1 - (1966) Today!)
ROOTS & Blues,Country blues,EEUU,Mississippi John Hurt,2000,The Complete Studio Recordings (CD 2 - (1967) The Immortal Mississippi John Hurt)
ROOTS & Blues,Country blues,EEUU,Mississippi John Hurt,2000,The Complete Studio Recordings (CD 3 - (1972) Last Sessions)
ROOTS & Blues,Country blues,EEUU,Mississippi John Hurt,2003,Blues Legend
ROOTS & Blues,Country blues,EEUU,Odetta (Vocal),1962,Odetta and the blues
ROOTS & Blues,Country blues,EEUU,Odetta (Vocal),1965,Odetta Sings Dylan (RE 2000)
ROOTS & Blues,Country blues,EEUU,Odetta (Vocal),1970,Odetta sings
ROOTS & Blues,Country blues,EEUU,Odetta (Vocal),2006,The Best of the M.C. Records (1999-2005)
ROOTS & Blues,Country blues,EEUU,Sonny Terry (Harp),2002,The Real Folk Blues (& Brownie McGhee)
ROOTS & Blues,Electrical Delta Blues,,John Lee Hooker,1965,Hooker & The GroundHogs [2003]
ROOTS & Blues,Electrical Delta Blues,,John Lee Hooker,1989,The Healer
ROOTS & Blues,Electrical Delta Blues,,John Lee Hooker,1994,Boogie Man [Compilation]
ROOTS & Blues,Electrical Delta Blues,,John Lee Hooker,1995,The Very Best Of
ROOTS & Blues,Electrical Delta Blues,,Junior Kimbrough,1992,All Night Long
ROOTS & Blues,Electrical Delta Blues,,Junior Kimbrough,2002,You better run the essential junior kimbrough [Co] [Incompleto]
ROOTS & Blues,Electrical Delta Blues,,Leo Welch,2015,I Don't Prefer No Blues
ROOTS & Blues,Electrical Delta Blues,,R. L. Burnside,1996,A Ass Pocket Of Whiskey
ROOTS & Blues,Electrical Delta Blues,,R. L. Burnside,1997,Sound Machine Groove
ROOTS & Blues,Electrical Delta Blues,,R. L. Burnside,2001,Burnside on Burnside
ROOTS & Blues,Electrical Delta Blues,,R. L. Burnside,2003,First Recordings
ROOTS & Blues,Modern Delta Blues,,Jimbo Mathus And The Tri-State Coalition,2013,White Buffalo
ROOTS & Blues,Modern Delta Blues,,Keith B. Brown,2005,Delta Soul
ROOTS & Blues,Acoustic blues,EEUU,Big Joe Williams,1964,Classic Delta Blues (1966)
ROOTS & Blues,Acoustic blues,EEUU,Big Joe Williams,1994,Baby Please Don't Go - The Blues Collection 36 [Co]
ROOTS & Blues,Delta blues,EEUU,Mississippi Fred McDowell,1989,Shake ´Em On Down
ROOTS & Blues,Delta blues,EEUU,Skip James,1968,Today
ROOTS & Blues,Delta blues,EEUU,Skip James,1994,Complete early recordings (1930)
ROOTS & Blues,Delta blues,EEUU,Skip James,1998,Blues form the Delta
ROOTS & Blues,Delta blues,EEUU,Skip James,2003,Hard Time Killing Floor Blues
ROOTS & Blues,Delta blues,EEUU,Son House,1991,Delta Blues 1941-42 (Biograph)
ROOTS & Blues,Delta blues,EEUU,Son House,1995,Delta Blues and Spirituals
ROOTS & Blues,Delta blues,EEUU,Son House,1998,The Original Delta Blues
ROOTS & Blues,Delta blues,EEUU,Son House,,Son House_Father Of The Delta Blues
ROOTS & Blues,Early blues / Prewar blues,EEUU,Bessie Smith,1989,The collection 1923-33
ROOTS & Blues,Early blues / Prewar blues,EEUU,Big Mama Thornton,1966,With the Muddy Waters Blues Band [2004]
ROOTS & Blues,Early blues / Prewar blues,EEUU,Big Mama Thornton,2001,Rockabye Baby [Compilation]
ROOTS & Blues,Early blues / Prewar blues,EEUU,Blind Boy Fuller,1991,East Coast Piedmont Style
ROOTS & Blues,Early blues / Prewar blues,EEUU,Blind Boy Fuller,1996,Harmonica & Guitar Blues 1937 - 1945 (& Sonny Terry)
ROOTS & Blues,Early blues / Prewar blues,EEUU,Blind Willie McTell,2003,The Classic Years 1927 - 1940 (CD1)
ROOTS & Blues,Early blues / Prewar blues,EEUU,Blind Willie McTell,2003,The Classic Years 1927 - 1940 (CD2)
ROOTS & Blues,Early blues / Prewar blues,EEUU,Ma Rainey,1996,Complete 1928 Sessions
ROOTS & Blues,Early blues / Prewar blues,EEUU,Ma Rainey,,19XX - (1924-1928)
ROOTS & Blues,Acoustic blues,EEUU,Memphis Slim,1966,The Real Folk Blues
ROOTS & Blues,Electric blues,EEUU,George 'Harmonica' Smith,1968,Tribute To Little Walter
ROOTS & Blues,Jump blues / Piano blues,EEUU,Big Maybelle (Vocal),1994,The Complete OKeh Sessions 1952-'55 [Co]
ROOTS & Blues,Jump blues / Piano blues,EEUU,Big Maybelle (Vocal),2001,"Half Heaven, Half Heartache -The Brunswick Recordings [Co]"
ROOTS & Blues,Jump blues / Piano blues,EEUU,Dinah Washington (Vocal),1958,The Bessie Smith Songbook [1986]
ROOTS & Blues,Jump blues / Piano blues,EEUU,Dinah Washington (Vocal),1999,Dinah Washington Sings the Blues [Compilation]
ROOTS & Blues,Jump blues / Piano blues,EEUU,Dinah Washington (Vocal),,XXXX - Mad About The Boy - The Best Of [Incompleto]
ROOTS & Blues,Jump blues / Piano blues,EEUU,La Vern Baker (Vocal),1991,Soul On Fire [Compilation]
ROOTS & Blues,Jump blues / Piano blues,EEUU,La Vern Baker (Vocal),1998,La Vern  & La Vern Baker [Compilation]
ROOTS & Blues,Jump blues / Piano blues,EEUU,La Vern Baker (Vocal),1998,See See Rider & Blues Ballads [Compilation]
ROOTS & Blues,Jump blues / Piano blues,EEUU,La Vern Baker (Vocal),,xxxx- Blues Side Of Rock 'n' Roll
ROOTS & Blues,Jump blues / Piano blues,EEUU,Louis Prima (Trumpet),1956,The Wildest [Co]
ROOTS & Blues,Jump blues / Piano blues,EEUU,Louis Prima (Trumpet),1961,Doin' The Twist With Louis Prima
ROOTS & Blues,Jump blues / Piano blues,EEUU,Louis Prima (Trumpet),1991,Capitol Collectors Series [Co]
ROOTS & Blues,Jump blues / Piano blues,EEUU,Louis Prima (Trumpet),1999,"Louis Prima & Keely Smith with Sam Butera - Wild, Cool & Swingin' (1956-1962) [Co]"
ROOTS & Blues,Jump blues / Piano blues,EEUU,Meade 'Lux' Lewis,1961,Piano Blues Artistry [1990 RE]
ROOTS & Blues,Jump blues / Piano blues,EEUU,Meade 'Lux' Lewis,1990,Boogie Woogie Stomp [Compilation]
ROOTS & Blues,Acoustic blues,EEUU,Memphis Slim (Piano),1961,Steady Rolling Blues (RE 1990)
ROOTS & Blues,Acoustic blues,EEUU,Memphis Slim (Piano),1963,Early One Morning (Sonny Boy Williamson & Memphis Slim)
ROOTS & Blues,Acoustic blues,EEUU,Memphis Slim (Piano),1977,Bawdy Blues [Co]
ROOTS & Blues,Acoustic blues,EEUU,Memphis Slim (Piano),1999,Every Day I Have The Blues [Co]
ROOTS & Blues,Jump blues / Piano blues,EEUU,Professor Longhair (Piano),1972,New Orleans Piano [Compilación]
ROOTS & Blues,Jump blues / Piano blues,EEUU,Professor Longhair (Piano),1974,Rock 'n Roll Gumbo
ROOTS & Blues,Professor Longhair (Piano),,197x - Mardi Gras in Baton Rouge [Co 1991 Rhino],,Artwork
ROOTS & Blues,Jump blues / Piano blues,EEUU,Professor Longhair (Piano),1987,New Orleans Party (The Lost Sessions 1971-72) [Reissued]
ROOTS & Blues,Contemporary Blues,,Duke Robillard,1988,Swing
ROOTS & Blues,Contemporary Blues,,Duke Robillard,2003,More Conversation In Swing Guitar
ROOTS & Blues,Contemporary Blues,,Duke Robillard,2005,The Duke Meets The Earl
ROOTS & Blues,Contemporary Blues,,Duke Robillard,2008,A Swingin Session with Duke Robillard
ROOTS & Blues,Contemporary Blues,,Duke Robillard,2009,Stomp The Blues Tonight
ROOTS & Blues,Contemporary Blues,,Janiva Magness,2006,Do I Move You
ROOTS & Blues,Contemporary Blues,,Keb' Mo',1994,Keb´ Mo´
ROOTS & Blues,Contemporary Blues,,Keb' Mo',1996,Just Like You
ROOTS & Blues,Contemporary Blues,,Keb' Mo',1998,Slow Down
ROOTS & Blues,Contemporary Blues,,Keb' Mo',2000,The Door
ROOTS & Blues,Contemporary Blues,,Keb' Mo',2001,Big Wide Grin
ROOTS & Blues,Contemporary Blues,,Keb' Mo',2006,Suitcase
ROOTS & Blues,Contemporary Blues,,Keb' Mo',2011,The Spirit of the Holiday
ROOTS & Blues,Contemporary Blues,,Maria Muldaur,1973,Maria Muldaur
ROOTS & Blues,Contemporary Blues,,Maria Muldaur,1974,Waitress In The Donut Shop
ROOTS & Blues,Contemporary Blues,,Maria Muldaur,2003,A Woman Alone with the Blues
ROOTS & Blues,Contemporary Blues,,Maria Muldaur,2011,Steady Love
ROOTS & Blues,Contemporary Blues,,Popa Chubby,1995,Booty and The Beast
ROOTS & Blues,Contemporary Blues,,Roy Rogers & Norton Buffalo,2002,Roots Of Our Nature
ROOTS & Blues,Contemporary Blues,,Sonny Landreth,1981,Blues Attack [Re]
ROOTS & Blues,Contemporary Blues,,Sonny Landreth,1999,The Crazy Cajun Recordings
ROOTS & Blues,Contemporary Blues,,Sonny Landreth,2000,Levee Town
ROOTS & Blues,Contemporary Blues,,Sonny Landreth,2005,Grant Street (Live)
ROOTS & Blues,Contemporary Blues,,Sonny Landreth,2008,From The Reach
ROOTS & Blues,Contemporary Blues,,Sonny Landreth,2011,Down in Louisiana
ROOTS & Blues,Contemporary Blues,,Sonny Landreth,2012,Elemental Journey
ROOTS & Blues,Contemporary Blues,,Susan Tedeschi,2005,Hope And Desire
ROOTS & Blues,Contemporary Blues,,Taj Mahal,1992,Rising Sons (& Ry Cooder)
ROOTS & Blues,Contemporary Blues,,Taj Mahal,1999,Kulanjan (& Toumani Diabate)
ROOTS & Blues,Contemporary Blues,,Taj Mahal,2000,The Best Of Taj Mahal
ROOTS & Blues,Modern electric blues,EEUU,Albert King,1977,I'll Play The Blues For You (& Jhon Lee Hooker)
ROOTS & Blues,Modern electric blues,EEUU,Albert King,1977,King Albert
ROOTS & Blues,Modern electric blues,EEUU,Albert King,1978,Talkin' Blues
ROOTS & Blues,Modern electric blues,EEUU,Albert King,1991,Red House
ROOTS & Blues,Modern electric blues,EEUU,Albert King,1999,In Session (& Stevie Ray Vaughan)
ROOTS & Blues,Modern electric blues,EEUU,Albert King,1999,The Very Best of Albert King
ROOTS & Blues,Modern electric blues,EEUU,Ana Popovic,2002,Hush
ROOTS & Blues,Modern electric blues,EEUU,Ana Popovic,2003,Comfort To The Soul
ROOTS & Blues,Modern electric blues,EEUU,Ana Popovic,2005,Ana! - live in amsterdam
ROOTS & Blues,Modern electric blues,EEUU,Ana Popovic,2007,Still Making History
ROOTS & Blues,Modern electric blues,EEUU,B.B. King,1964,Live at The Regal (RE 1994)
ROOTS & Blues,Modern electric blues,EEUU,B.B. King,2008,One Kind Favor1
ROOTS & Blues,Modern electric blues,EEUU,Billy Branch & The Sons Of Blues,1992,Mississippi Flashback
ROOTS & Blues,Modern electric blues,EEUU,Billy Branch & The Sons Of Blues,2014,Blues Shock
ROOTS & Blues,Modern electric blues,EEUU,Candye Kane,1992,Burlesque Swing
ROOTS & Blues,Modern electric blues,EEUU,Candye Kane,1994,Home Cookin
ROOTS & Blues,Modern electric blues,EEUU,Candye Kane,2007,Guitar'd And Feathered
ROOTS & Blues,Modern electric blues,EEUU,Candye Kane,2009,Superhero
ROOTS & Blues,Modern electric blues,EEUU,Candye Kane,2011,Sister Vagabond
ROOTS & Blues,Modern electric blues,EEUU,Delta Highway,2006,Westbound blues
ROOTS & Blues,Modern electric blues,EEUU,Eddy Clearwater,2003,Rock 'N' Roll City - (& Los Straitjackets)
ROOTS & Blues,Modern electric blues,EEUU,Freddie King,1961,Let's Hide Away and Dance Away with Freddy King
ROOTS & Blues,Modern electric blues,EEUU,Freddie King,1970,My Feeling For The Blues
ROOTS & Blues,Modern electric blues,EEUU,Freddie King,1975,Larger Than Life
ROOTS & Blues,Modern electric blues,EEUU,Freddie King,1995,Live In Germany
ROOTS & Blues,Modern electric blues,EEUU,Freddie King,2000,Best of the Shelter Years [Compilation]
ROOTS & Blues,Modern electric blues,EEUU,Guitar Shorty,1991,My Way Or The Highway
ROOTS & Blues,Modern electric blues,EEUU,Guitar Shorty,1998,"Roll Over, Baby"
ROOTS & Blues,Modern electric blues,EEUU,Guitar Shorty,2004,Watch Your Back
ROOTS & Blues,Modern electric blues,EEUU,Guitar Shorty,2006,We The People
ROOTS & Blues,Modern electric blues,EEUU,Joe Luis Walker,2014,Hornet's Nest
ROOTS & Blues,Modern electric blues,EEUU,John Mayall,1966,[Bluesbreakers] with Eric Clapton
ROOTS & Blues,Modern electric blues,EEUU,John Mayall,1972,Moving on
ROOTS & Blues,Modern electric blues,EEUU,Kim Simmonds,2004,Struck by Lightning
ROOTS & Blues,Modern electric blues,EEUU,Little Freddie King,2005,You Don't Know What I Know
ROOTS & Blues,Modern electric blues,EEUU,Luther Dickinson,2009,Onward & Upward (w⁄ The Sons Of Mudboy)
ROOTS & Blues,Modern electric blues,EEUU,Luther Dickinson,2012,"3 Skulls And The Truth (w⁄ David Hidalgo, Mato Nanj)"
ROOTS & Blues,Modern electric blues,EEUU,Luther Dickinson,2012,Hambone's Meditations
ROOTS & Blues,Modern electric blues,EEUU,Mel Brown,2000,Double Shot [& Snooky Pryor]
ROOTS & Blues,Modern electric blues,EEUU,Mel Brown,2000,Neckbones & Caviar
ROOTS & Blues,Modern electric blues,EEUU,Mel Brown,2006,"Blues, A Beautiful Thing"
POP & Rock,Blues / Americana,EEUU,Moreland & Arbuckle,2008,1861
POP & Rock,Blues / Americana,EEUU,Moreland & Arbuckle,2011,Just A Dream
POP & Rock,Blues / Americana,EEUU,Moreland & Arbuckle,2013,7 Cities
ROOTS & Blues,Modern electric blues,EEUU,Ronnie Earl,1985,Deep Blues
ROOTS & Blues,Modern electric blues,EEUU,Ronnie Earl,1995,Blues and Forgiveness ( & the broadcasters )
ROOTS & Blues,Modern electric blues,EEUU,Ronnie Earl,1996,Grateful Heart Blues & Ballads
ROOTS & Blues,Modern electric blues,EEUU,Ronnie Earl,2000,Healing Time ( & Jimmy Smith )
ROOTS & Blues,Modern electric blues,EEUU,Ronnie Earl,2001,Ronnie Earl & Friends
ROOTS & Blues,Modern electric blues,EEUU,Roomful Of Blues,1977,Roomful Of Blues
ROOTS & Blues,Modern electric blues,EEUU,Roomful Of Blues,1987,Live At Lupo's Heartbreak Hotel
ROOTS & Blues,Modern electric blues,EEUU,Roomful Of Blues,1996,Turn It On!Turn It Up!
ROOTS & Blues,Modern electric blues,EEUU,Roomful Of Blues,2005,Standing Room Only
ROOTS & Blues,Modern electric blues,EEUU,Roomful Of Blues,2006,Live At Bluesmore
ROOTS & Blues,Modern electric blues,EEUU,Roomful Of Blues,2008,Raisin A Ruckus
ROOTS & Blues,Modern electric blues,EEUU,Roomful Of Blues,2013,45 Live
ROOTS & Blues,Modern electric blues,EEUU,Shemekia Copeland,1998,Turn The Heat Up
ROOTS & Blues,Modern electric blues,EEUU,Shemekia Copeland,2000,Wicked
ROOTS & Blues,Modern electric blues,EEUU,Shemekia Copeland,2002,Live in Paris
ROOTS & Blues,Modern electric blues,EEUU,Shemekia Copeland,2002,Talking To Strangers
ROOTS & Blues,Modern electric blues,EEUU,Shemekia Copeland,2005,The Soul Truth
Rithm & BLUES,Soul / Gospel / R&B,EEUU,The Holmes Brothers,1991,Jubilation
Rithm & BLUES,Soul / Gospel / R&B,EEUU,The Holmes Brothers,2001,Speaking In Tongues
Rithm & BLUES,Soul / Gospel / R&B,EEUU,The Holmes Brothers,2004,Simple Truths
Rithm & BLUES,Soul / Gospel / R&B,EEUU,The Holmes Brothers,,xxxx - The Essential Collection
ROOTS & Blues,Electrical Texas Blues,,Bobby 'Blue' Bland,1961,Two Steps From the Blues [Bonus Tracks]
ROOTS & Blues,Electrical Texas Blues,,Bobby 'Blue' Bland,1997,"Ask Me 'bout Nothing, But The Blues (Compilation)"
ROOTS & Blues,Electrical Texas Blues,,Johnny 'Guitar' Watson,1955,3 Hours Past Midnight
ROOTS & Blues,Electrical Texas Blues,,Johnny 'Guitar' Watson,1973,Listen
ROOTS & Blues,Electrical Texas Blues,,Johnny 'Guitar' Watson,1975,I Don't Want To Be Alone Stranger
ROOTS & Blues,Electrical Texas Blues,,Johnny 'Guitar' Watson,1976,Ain't that a bitch
ROOTS & Blues,Electrical Texas Blues,,Johnny 'Guitar' Watson,1977,A real mother for ya
ROOTS & Blues,Electrical Texas Blues,,Johnny 'Guitar' Watson,1977,Funk beyond the call of duty
ROOTS & Blues,Electrical Texas Blues,,Johnny 'Guitar' Watson,1978,Giant
ROOTS & Blues,Electrical Texas Blues,,Johnny 'Guitar' Watson,1978,Master Funk-Johnny Guitar Watson & The Watsonian Institute
ROOTS & Blues,Electrical Texas Blues,,Johnny 'Guitar' Watson,1979,What the hell is this
ROOTS & Blues,Electrical Texas Blues,,Johnny 'Guitar' Watson,1981,The very best of
ROOTS & Blues,Electrical Texas Blues,,Johnny 'Guitar' Watson,1986,Strike on Computers
ROOTS & Blues,Electrical Texas Blues,,Johnny 'Guitar' Watson,1990,Jonny Guitar Watson & Hiram Bullock
ROOTS & Blues,Electrical Texas Blues,,Johnny 'Guitar' Watson,1990,Live in Panama City
ROOTS & Blues,Electrical Texas Blues,,Johnny 'Guitar' Watson,1994,Bow wow
ROOTS & Blues,Electrical Texas Blues,,Johnny 'Guitar' Watson,1995,Gangster of love-The very best
ROOTS & Blues,Electrical Texas Blues,,Johnny 'Guitar' Watson,2004,Please Send Me Someone to Love
ROOTS & Blues,Texas blues,EEUU,Lowell Fulson,1992,West Coast Blues [Compilation]
ROOTS & Blues,Texas blues,EEUU,Lowell Fulson,,Lowell Fulson - Chicago Blues + Bonus
ROOTS & Blues,Texas blues,EEUU,Lowell Fulson,,Lowell Fulson - Rollin' Blues [Compilation]
ROOTS & Blues,VA (1996) - The Chicago Blues Today 3 LP,,Art,,Booklet
Ska & REGGAE,Alpha Blondy,,Alpha.Blondy_-_Discografia.21.Album,1984,Alpha Blondy - Cocody Rock!!!
Ska & REGGAE,Alpha Blondy,,Alpha.Blondy_-_Discografia.21.Album,1985,Alpha Blondy - Apartheid Is Nazism
Ska & REGGAE,Alpha Blondy,,Alpha.Blondy_-_Discografia.21.Album,1986,Alpha Blondy - Jerusalem
Ska & REGGAE,Alpha Blondy,,Alpha.Blondy_-_Discografia.21.Album,1987,Alpha Blondy - Rèvolution
Ska & REGGAE,Alpha Blondy,,Alpha.Blondy_-_Discografia.21.Album,1989,Alpha Blondy - Rasta Poue'
Ska & REGGAE,Alpha Blondy,,Alpha.Blondy_-_Discografia.21.Album,1989,Alpha Blondy - The Prophets
Ska & REGGAE,Alpha Blondy,,Alpha.Blondy_-_Discografia.21.Album,1992,Alpha Blondy - Masada
Ska & REGGAE,Alpha Blondy,,Alpha.Blondy_-_Discografia.21.Album,1993,Alpha Blondy - Live Au Zenith (Paris)
Ska & REGGAE,Alpha Blondy,,Alpha.Blondy_-_Discografia.21.Album,1993,Alpha Blondy - Sos Guerres Tribales
Ska & REGGAE,Alpha Blondy,,Alpha.Blondy_-_Discografia.21.Album,1994,Alpha Blondy - Dieu
Ska & REGGAE,Alpha Blondy,,Alpha.Blondy_-_Discografia.21.Album,1996,Alpha Blondy - Grand Bassam Zion Rock
Ska & REGGAE,Alpha Blondy,,Alpha.Blondy_-_Discografia.21.Album,1996,Alpha Blondy - The Best Of
Ska & REGGAE,Alpha Blondy,,Alpha.Blondy_-_Discografia.21.Album,1998,Alpha Blondy - Yitzhak Rabin
Ska & REGGAE,Alpha Blondy,,Alpha.Blondy_-_Discografia.21.Album,1999,Alpha Blondy - Elohim
Ska & REGGAE,Alpha Blondy,,Alpha.Blondy_-_Discografia.21.Album,2000,Alpha Blondy - Paris Bercy
Ska & REGGAE,Alpha Blondy,,Alpha.Blondy_-_Discografia.21.Album,2002,Alpha Blondy - Live_at_Volkshaus_Zurich_Switzerland_11_21_2002 (CD1)
Ska & REGGAE,Alpha Blondy,,Alpha.Blondy_-_Discografia.21.Album,2002,Alpha Blondy - Live_at_Volkshaus_Zurich_Switzerland_11_21_2002 (CD2)
Ska & REGGAE,Alpha Blondy,,Alpha.Blondy_-_Discografia.21.Album,2002,Alpha Blondy - Merci
Ska & REGGAE,Alpha Blondy,,Alpha.Blondy_-_Discografia.21.Album,2004,Alpha Blondy - L'essentiel
Ska & REGGAE,Alpha Blondy,,Alpha.Blondy_-_Discografia.21.Album,2004,Alpha Blondy - Radical Roots From The Emperor Of African Reggae
Ska & REGGAE,Alpha Blondy,,Alpha.Blondy_-_Discografia.21.Album,2005,Alpha Blondy - Akwaba
Ska & REGGAE,Alpha Blondy,,Alpha.Blondy_-_Discografia.21.Album,2008,Alpha Blondy - Jah Victory
Ska & REGGAE,Bob Marley,,Bob Marley and The Wailers,1967,Keep On Skanking
Ska & REGGAE,Bob Marley,,Bob Marley and The Wailers,1970,African Herbsman
Ska & REGGAE,Bob Marley,,Bob Marley and The Wailers,1972,Best Of The Wailers
Ska & REGGAE,Bob Marley,,Bob Marley and The Wailers,1972,Satisfy My Soul
Ska & REGGAE,Bob Marley,,Bob Marley and The Wailers,1973,Burnin'
Ska & REGGAE,Bob Marley,,Bob Marley and The Wailers,1973,Catch A Fire
Ska & REGGAE,Bob Marley,,Bob Marley and The Wailers,1973,Rock To The Rock
Ska & REGGAE,Bob Marley,,Bob Marley and The Wailers,1974,Natty Dread
Ska & REGGAE,Bob Marley,,Bob Marley and The Wailers,1975,Live At The Lyceum
Ska & REGGAE,Bob Marley,,Bob Marley and The Wailers,1975,Live!
Ska & REGGAE,Bob Marley,,Bob Marley and The Wailers,1976,Live Jam 12-02-73
Ska & REGGAE,Bob Marley,,Bob Marley and The Wailers,1976,Rastaman Vibration
Ska & REGGAE,Bob Marley,,Bob Marley and The Wailers,1977,Exodus
Ska & REGGAE,Bob Marley,,Bob Marley and The Wailers,1977,Live From London
Ska & REGGAE,Bob Marley,,Bob Marley and The Wailers,1978,Babylon By Bus
Ska & REGGAE,Bob Marley,,Bob Marley and The Wailers,1978,Bob Marley & Peter Tosh
Ska & REGGAE,Bob Marley,,Bob Marley and The Wailers,1978,Kaya
Ska & REGGAE,Bob Marley,,Bob Marley and The Wailers,1978,One Love Peace Concert
Ska & REGGAE,Bob Marley,,Bob Marley and The Wailers,1979,Live From Kingston
Ska & REGGAE,Bob Marley,,Bob Marley and The Wailers,1979,Survival
Ska & REGGAE,Bob Marley,,Bob Marley and The Wailers,1980,Live At Rockpalast
Ska & REGGAE,Bob Marley,,Bob Marley and The Wailers,1980,Uprising
Ska & REGGAE,Bob Marley,,Bob Marley and The Wailers,1983,Confrontation
Ska & REGGAE,Bob Marley,,Bob Marley and The Wailers,1985,The Final Concert 09-23-80
Ska & REGGAE,Bob Marley,,Bob Marley and The Wailers,1994,Legend
Ska & REGGAE,Bob Marley,,Bob Marley and The Wailers,1994,Talking Blues
Ska & REGGAE,Bob Marley,,Bob Marley and The Wailers,1995,Natural Mystic
Ska & REGGAE,Bob Marley,,Bob Marley and The Wailers,1999,A Rebel's Dream
Ska & REGGAE,Bob Marley,,Bob Marley and The Wailers,1999,Chant Down Babylon
Ska & REGGAE,Bob Marley,,Bob Marley and The Wailers,1999,Selassie Is The Chapel
Ska & REGGAE,Bob Marley,,Bob Marley and The Wailers,2001,Rebel Music
Ska & REGGAE,Bob Marley,,Bob Marley and The Wailers,2001,Shakedown Marley Remixed
Ska & REGGAE,Bob Marley,,Bob Marley and The Wailers,2002,"One Love, The Very Best Of"
Ska & REGGAE,Bob Marley,,Bob Marley and The Wailers,,Bob Marley - Songs Of Freedom CD 1
Ska & REGGAE,Bob Marley,,Bob Marley and The Wailers,,Bob Marley - Songs Of Freedom CD 2
Ska & REGGAE,Bob Marley,,Bob Marley and The Wailers,,Bob Marley - Songs Of Freedom CD 3
Ska & REGGAE,Bob Marley,,Bob Marley and The Wailers,,Bob Marley - Songs Of Freedom CD 4
Ska & REGGAE,Bob Marley,,Bob Marley and The Wailers,,Live at the Roxy (CD 1)
Ska & REGGAE,Bob Marley,,Bob Marley and The Wailers,,Live at the Roxy (disc2)
Ska & REGGAE,Bob Marley,,Bob Marley and The Wailers,,Live in Dijon
Ska & REGGAE,Bob Marley,,Bob Marley and The Wailers,,Natural Mystic The Legend Lives On [Bonus Tracks]
Ska & REGGAE,Delroy Wilson,,Delroy Wilson - Masterpiece 197X-8X # Shared By Rastafarhigh #,,Delroy Wilson - Masterpiece CD1
Ska & REGGAE,Delroy Wilson,,Delroy Wilson - Masterpiece 197X-8X # Shared By Rastafarhigh #,,Delroy Wilson - Masterpiece CD2
Ska & REGGAE,Ska / Reggae,Jamaica,Horace Handy,2002,The King Tubby Tapes (2 CD) (CD 2)
Ska & REGGAE,Reggae / Roots reggae / Producción,Jamaica,Joe Gibbs,,Dub Chapter 1 & 2
Ska & REGGAE,Reggae / Roots reggae / Producción,Jamaica,Joe Gibbs,,Dub Chapter 3 & 4
Ska & REGGAE,Reggae / Rocksteady / Lovers rock,Jamaica,John Holt,2002,The Tide Is High (1962 to 1979) [Trojan Anthology] (CD 2)
Ska & REGGAE,Ska / Reggae / Jazz,Jamaica,Rico Rodriguez,2004,Trombone man [Trojan Compilation] (CD# 2)
Ska & REGGAE,Ska,Jamaica,The Skatalites,1996,Foundation Ska [HeartBeat Compilation ] (CD 2)
Ska & REGGAE,Today Mood,Nigeria,Keziah Jones,2008,Nigerian Wood (CD 2 BONUS)
Ska & REGGAE,Today Mood,Francia,Tryo,2004,De Bouches à Oreilles (live) (CD2 - Au Cabaret Sauvage)
Ska & REGGAE,Ziggy Marley,,& The melody Makers,1988,Conscious Party
Ska & REGGAE,Ziggy Marley,,& The melody Makers,1991,Jahmekya
Ska & REGGAE,Ziggy Marley,,& The melody Makers,1993,Joy And Blues
Ska & REGGAE,Ziggy Marley,,& The melody Makers,1997,Ziggy Marley and The Melody Makers (1988-1993)
Ska & REGGAE,Ziggy Marley,,& The melody Makers,1999,Spirit Of Music
Ska & REGGAE,Ziggy Marley,,& The melody Makers,2000,Live Vol.1
Ska & REGGAE,,,(VA) 2006 - Verde ·Tributo Reggae a The Beatles·,,
Ska & REGGAE,+Nova,,Rare Grooves Reggae,2003,Rare Grooves Reggae 01
Ska & REGGAE,+Nova,,Rare Grooves Reggae,2004,Rare Grooves Reggae 02
Ska & REGGAE,+Nova,,Rare Grooves Reggae,2005,Rare Grooves Reggae 03
Ska & REGGAE,+Nova,,Rare Grooves Reggae,2006,Rare Grooves Reggae 04
Ska & REGGAE,+Nova,,Rare Grooves Reggae,2007,Rare Grooves Reggae 05
Ska & REGGAE,+Soul Jazz Records,,VA (200X) - Studio One Roots,2001,[SJRCD056] Vol. #1
Ska & REGGAE,+Soul Jazz Records,,VA (200X) - Studio One Roots,2005,[SJRCD114] Vol. #2
Ska & REGGAE,+Soul Jazz Records,,VA (200X) - Studio One Roots,2007,[SJRCD168] Vol. #3
Ska & REGGAE,+Soul Jazz Records,,VA (200X) - Studio One Soul,2001,[SJRCD50] Vol. #1
Ska & REGGAE,VV.AA - Recopilaciones,Reino Unido,+Trojan,,(VA) 1999 - Trojan Rock Steady Box Set (Disc 1)
Ska & REGGAE,VV.AA - Recopilaciones,Reino Unido,+Trojan,,(VA) 1999 - Trojan Rock Steady Box Set (Disc 2)
Ska & REGGAE,VV.AA - Recopilaciones,Reino Unido,+Trojan,,(VA) 1999 - Trojan Rock Steady Box Set (Disc 3)
Ska & REGGAE,VV.AA - Recopilaciones,Reino Unido,+Trojan,,(VA) 1999 - Trojan Ska Box Set (Disc 1)
Ska & REGGAE,VV.AA - Recopilaciones,Reino Unido,+Trojan,,(VA) 1999 - Trojan Ska Box Set (Disc 2)
Ska & REGGAE,VV.AA - Recopilaciones,Reino Unido,+Trojan,,(VA) 1999 - Trojan Ska Box Set (Disc 3)
Ska & REGGAE,VV.AA - Recopilaciones,Reino Unido,+Trojan,,(VA) 2000 - Trojan Ska Box Set -  Vol. 2 (Disc 2)
Ska & REGGAE,VV.AA - Recopilaciones,Reino Unido,+Trojan,,(VA) 2000 - Trojan Ska Box Set -  Vol. 2 (Disc 3)
Ska & REGGAE,+Trojan,,(VA) XxXx - Reggae Chill Out [Box Set],,CD#3
Afrique,Raï,Argelia,Cheb Khaled,1998,123 Soleils (Rachid Taha i Faudel) (CD2)
Afrique,Bikutsi / Afropop,Camerún,Sally Nyolo,,VariOS
Afrique,,,Côte d'Ivoire (Costa de Marfil),,Tiken Jah Fakoly
Afrique,Música Mandinka / Folk guineano,Guinea,Momo Wandel Soumah,,Matchowe
Afrique,Madagascar,,Tarika,,Tarika - (USA 1994) Bibiango
Afrique,Wassoulou / Folk maliense,Mali,Oumu Sangaré,2003,Oumou (cd 2)
Afrique,Wassoulou / Folk maliense,Mali,Oumu Sangaré,,Conciertos de  Radio 3  (Enero '04)
Afrique,,,Nigeria,,Fela Anikulapo Kuti
Afrique,,,Nigeria,,Tony Allen
Afrique,,,Sudáfrica,,Abdullah Ibrahim
Afrique,Isicathamiya / Mbube,Sudáfrica,Ladysmith Black Mambazo,,19Xx - Lihl' Ixiba Likagogo - Import From South Africa - Par Les Mohicans -
Afrique,Isicathamiya / Mbube,Sudáfrica,Ladysmith Black Mambazo,,World Network - 09 - Duo Juluka & Ladysmith Black Mambazo
Afrique,,,Argelia v1.0 - 0208,,
América,Guitar ensemble / Nuevo flamenco,EEUU,California Guitar Trio,,with Tony Levin and Pat Mastellotto
América,América del NORTE,,EEUU,,Howard Levy
América,Dance punk / Electrónica,EEUU,LCD Soundsystem,,Lcd Soundsystem - Losing My Edge Album
América,América del NORTE,,EEUU,,The Doors
América,Jazz / Funk / Bass virtuoso,EEUU,Victor Wooten,,Victor Wooten & Carter Beauford Making Music
América,América del SUR,,Argentina,,Atahualpa Yupanki
América,Música andina / Folklore,Argentina,Calchakis,,Flautas de pan de los Andes
América,Tropicália / MPB,Brazil,Gilberto Gil,,The Best Of
América,Bossa Nova,Brazil,Joao Gilberto,,197x - Personalidade (& Stan Getz)
América,América del SUR,Brazil,Vinicius De Moraes,,Arca de Noé 1
América,América del SUR,Brazil,Vinicius De Moraes,,Arca de Noé 2
América,Bossa Nova / Jazz,Brazil,Walter Wanderley,,XxXx - Brazil Tlakin' verve
América,Today Mood,Brazil,Fabiano do Nascimento,2017,Tempo dos Mestres
América,Bossa Nova / Samba jazz,Brazil,Exciting Jazz Samba Rhythms (6 Vols.),,Vol.4
América,Bossa Nova / Samba jazz,Brazil,Exciting Jazz Samba Rhythms (6 Vols.),,Vol.5
América,Bossa Nova / Samba jazz,Brazil,Exciting Jazz Samba Rhythms (6 Vols.),,Vol.6
América,América del SUR,,Brazil,,Maysa Figueira Monjardim
América,Nueva trova cubana,Cuba,Silvio Rodriguez,,(1992) Silvio
América,Nueva trova cubana,Cuba,Silvio Rodriguez,,(1993) Mano a Mano (con Aute) (Cd2)
América,,,Las Antillas,,Jamaica
Asia,Raga / Fusión indo-rock,India,Ananda Shankar,2006,A Life In Music Best Of The EMI Years [Compilation] (CD2)
Asia,Música clásica india / Raga,India,Anoushka Shankar,,Altre
Asia,Jazz / World / Percusión,India,Trilok Gurtu,,the music of jimi hendrix -trilok gurtu -
Asia,,Japón,Kunaicho Gakubu,,Kunaicho Gakubu - Gagaku Japanese Traditional Music
Asia,,Japón,Pizzicato Five,,XxXx - Made in USA
Europa,,Europa,Alemania,,DePhazz
Europa,,Europa,Alemania,,The Montesas
Europa,,España,Diego Vasallo,,
Europa,Rock / Canción de autor,España,Joaquin Sabina,2007,Dos pájaros de un tiro (CD2)
Europa,Cantautor / Indie,España,Jorge Drexler,2008,Cara B (CD 2)
Europa,Flamenco / Folk,España,Paco Bello,,Varios Directo
Europa,FOLK Rock,España,Oreka Tx,,Endorphina (Txalaparta Con Kepa Junkera)
Europa,,España,Rosa Cedron,,
Europa,Folk asturiano,España,Tejedor,,- Texedores de Suaños
Europa,Rock alternativo,España,Heroes del Silencio,2000,Canciones 84' - 96' (Cd 2)
Europa,Metal / Celtic metal,España,Mägo de Oz,2000,Finisterra (Cd 2)
Europa,Pop / Rock,España,Colaboraciones Versiones,,Platero y Tu con Extremoduro
Europa,Rock,España,Poncho K,,Mejor solo... que mal acompañado (maketa)
Europa,,España,3000 Hombres,2006,Baila Srta
Europa,Pop / Cantautora,España,Bebe,,XXXX - Inéditas y Colaboraciones
Europa,Ambient / Chill out / Downtempo,España,Cafe del Mar,,Chill House - Vol II CD 2
Europa,Mestizaje / World beat,España,Canteca de Macao,,Canteca de macao
Europa,Mestizaje / World beat,España,Canteca de Macao,,Maqueta directo
Europa,Mestizaje / World beat,España,Canteca de Macao,,Raices y Puntas_Maqueta
Europa,Folk rock / Ska,España,Celtas Cortos,1997,Nos Vemos En Los Bares (CD2)
Europa,Folk rock / Ska,España,Celtas Cortos,2001,"Grandes Éxitos, Pequeños Regalos (CD2)"
Europa,Flamenco pop / Fusión,España,Chambao,2002,Flamenco Chill (Cd 2)
Europa,Grunge / Rock alternativo,España,Dover,,200X - The_Flame
Europa,New wave / Pop,España,Duncan Dhu,1989,Autobiografía (Cd 2)
Europa,New wave / Pop,España,Duncan Dhu,,Colección 1985-1998 (Cd 1)
Europa,New wave / Pop,España,Duncan Dhu,,Colección 1985-1998 (Cd 2)
Europa,Rock / Pop,España,Enrique Bunbury,,- Pequeño
Europa,Rock / Pop,España,Enrique Bunbury,2006,El tiempo de las cerezas (cd2)
Europa,Rock / Pop,España,Enrique Bunbury,,Flamingos
Recopilaciones,Varias / Recopilación,España,España,,Eskorzo
Europa,Rock / Blues rock,España,Fito y los Fitipaldis,,Recopilatorio
Europa,Indie rock / Cantautor,España,Ivan Ferreiro,,Ivan ferreiro- Versiones y rarezas
Europa,Pop,España,La Vacazul,,"· Acústico desde Radio 3, 14-02-05"
Europa,Pop,España,La Vacazul,,"· Universimad 2005, 15-05-05"
Europa,Canción de autor / World,España,Lidia Pujol,,Silvia Comes & Lidia Pujol
Europa,Garage rock / Blues rock,España,Los Deltonos,,Los DelTonos - On (Edicion Limitada)
Europa,Garage rock / Blues rock,España,Los Deltonos,,Los DelTonos - ZZ's Top
Europa,Rock / Punk,España,Los Enemigos,,(2001) - Obras Escocidas... Directo (cd2)
Europa,Rock / Punk,España,Los Enemigos,,Varis@s
Europa,,España,Nacha Pop,,Nacha Pop 1980 - 88
Europa,Indie rock / Pop,España,Sidonie,,Shell Kids
Europa,,España,Super Putas,,Directo '04
Europa,New wave / Rock,España,Tahures Zurdos,,Tahures Zurdos - Basico
Europa,New wave / Rock,España,Tahures Zurdos,,Tahures Zurdos - Directo En Radio 3
Europa,New wave / Rock,España,Tahures Zurdos,,Tahures Zurdos - Mini Lp
Europa,New wave / Rock,España,Tahures Zurdos,,Tahures Zurdos - Tahuria
Europa,Indie rock,España,Vetusta Morla,,Vetusta Morla - La Deriva (2014)
Europa,,España,"Discopolis, Radio3",2002,
Europa,,España,Siglo 21 5.0,2003,
Europa,,España,Siglo 21.6.0,2004,
Europa,,España,Toma Uno - Radio Con Botas,2004,
Europa,Pop / Rock,España,Area Reservada,,Area Reservada 2
Europa,Producciones_Radio3,España,siglo21 7.0 by patoso,,siglo21 7.0
Europa,,España,Nat Simons,2026,Preguntale a Sarah Connor
Europa,Jazz / Electrojazz,Francia,Erik Truffaz,2006,Face a face (cd2. Ladyland)
Europa,Indie folk / Chanson,Francia,Herman Düne,,- Giant
Europa,Indie folk / Chanson,Francia,Herman Düne,,- Switzerland Heritage
Europa,,Francia,Les Collegues,,100% Collegues cd1
Europa,,Francia,Les Collegues,,100% Collegues cd2
Europa,Laïká / Música popular griega,Grecia,ELeftheria Arvanitaki,,XXXX - Megales Epityxies
Europa,Laïká / Música popular griega,Grecia,ELeftheria Arvanitaki,,xxxx- no title
Europa,Jazz / Música armenia,Grecia,Haig Yazdjian,,- Garin
Europa,Laïká / Pop griego,Grecia,Haris Alexiou,,Best Of
Europa,Nana Mouskouri,Grecia,Greatest Hits,,Best of Nana Mouskouri
Europa,Nana Mouskouri,Grecia,Greatest Hits,,Greatest Hits Nana Mouskouri Disc 2
Europa,Ghymes,Hungria,Ghymes - Tûzugrás,,covers
Europa,Folk húngaro / Música balcánica,Hungria,Ghymes,,Ghymes - Üzenet
Europa,,Irlanda,The Corries - 10 Albums - Scottish Celtic Folk Music,,The Corries - Live at the Royal Lyceum Theatre
Europa,The Corries - 10 Albums - Scottish Celtic Folk Music,Irlanda,The Corries - Live From Scotland (I-IV),,Volume 1
Europa,The Corries - 10 Albums - Scottish Celtic Folk Music,Irlanda,The Corries - Live From Scotland (I-IV),,Volume 2
Europa,The Corries - 10 Albums - Scottish Celtic Folk Music,Irlanda,The Corries - Live From Scotland (I-IV),,Volume 3
Europa,The Corries - 10 Albums - Scottish Celtic Folk Music,Irlanda,The Corries - Live From Scotland (I-IV),,Volume 4
Europa,,Irlanda,The Corries - 10 Albums - Scottish Celtic Folk Music,,"The Corries - Scots Wha Hae, Battle songs of Scotland"
Europa,,Irlanda,The Corries - 10 Albums - Scottish Celtic Folk Music,,The Corries - The Comedy Collection
Europa,,Irlanda,The Corries - 10 Albums - Scottish Celtic Folk Music,,The Corries - The Silver Collection
Europa,,Irlanda,The Corries - 10 Albums - Scottish Celtic Folk Music,,The Corries - Those Wild Corries & Kishmul's Galley
Europa,,Europa,Irlanda,,Beoga
Europa,Neoclásico / Piano contemporáneo,Italia,Ludovico Einaudi,2003,La Scala Concert (CD#2)
Europa,,Portugal,Dulce Pontes,,The Best Of Dulce Pontes
Europa,,Portugal,Pe Na Terra,2010,13
Europa,,Portugal,Dazkarieh,2014,Finisterra
Europa,,Portugal,Dazkarieh,2006,Incógnita Alquimia
Europa,Rock / Blues rock,Reino Unido,Dire Straits,,Money for nothing
Europa,Rock / Blues rock,Reino Unido,Dire Straits,,On every Street
Europa,,Europa,Reino Unido,,Down To The Bone
Europa,Rock progresivo / New age,Reino Unido,Mike Oldfield,2005,Light + Shade (CD2)
Europa,Rock alternativo / Space rock,Reino Unido,Muse,,Showbiz
Europa,,Reino Unido,Rob Da Bank & Chris Coco,,(VA) 2006 - Listen Again
Europa,,Reino Unido,Rob Da Bank & Chris Coco,,(VA) 200X - The Blue Room
Europa,Música balcánica / Brass band romani,Rumania,Fanfare Ciocarlia,,Iag bari
Europa,,Europa,Suecia,,Eagle-Eye Cherry
Europa,,Europa,Suecia,,Last Days Of April
Europa,Psicodelia turca / Electrónica,Turquia,Baba Zula,,Dondurmam Gaymak
Oceania,,,Australia,,Asteroid B-612
Oceania,,,Australia,,The Black Angels
Recopilaciones,,,Recopilaciones,,200 canciones de los años 600
Recopilaciones,,,Recopilaciones,,Celtic Guitar
Recopilaciones,,España,No nos moveran,,No nos moveran I
Recopilaciones,,España,No nos moveran,,No nos moveran II
Recopilaciones,,España,Para Antonio Flores,,Cosas Tuyas
Recopilaciones,Musica Clasica,,Chopin,,- Piano Sonatas (Pollini)
Recopilaciones,Chopin,,Chopin - Notturni - Pollini - cd1,,
Recopilaciones,Chopin,,Chopin - Notturni - Pollini - cd2,,
Recopilaciones,Chopin,,Chopin - Notturni - Pollini - Copertine e libretto,,
Recopilaciones,Musica Clasica,,Chopin,,"Chopin.-.[Piano.concertos.1.&.2(Zimerman,Giulini)].专辑.(ape)"
Recopilaciones,,,Cantando bajo la lluvia,1952,
Recopilaciones,,,The Pink Panther,1963,
Recopilaciones,,,Paint Your Wagon,1977,
Recopilaciones,,,Apocalypse Now,1979,
Recopilaciones,,,Carros De Fuego (Chariots Of Fire),1981,
Recopilaciones,,,Blade Runner,1982,
Recopilaciones,,,The Cotton Club,1984,
Recopilaciones,,,Out Of AFRICA,1985,
Recopilaciones,,,Diarios de motocicleta,1994,
Recopilaciones,,,A life less ordinary,1997,
Recopilaciones,,,Boogie Nights,1997,
Recopilaciones,,,Barrio,1999,
Recopilaciones,,,BLues Brothers,2000,
Recopilaciones,,,Gladiator,2000,
Recopilaciones,,,Le fabuleux destin d'amelie poulain,2001,
Recopilaciones,,,Moulin Rouge,2001,
Recopilaciones,,,Noviembre,2002,
Recopilaciones,,,Good Bye Lenin!,2003,
Recopilaciones,,,Broken Flowers,2005,
Recopilaciones,,,My Blueberry Nights,2007,
Recopilaciones,B.S.O. Banda Sonora Original,,Mary Poppins,1964,
Recopilaciones,B.S.O. Banda Sonora Original,,The Best Of,1997,
Recopilaciones,B.S.O. Banda Sonora Original,,Breakfast at Tiffany's ('61) & Arabesque ('66) (Compilation),2001,
Recopilaciones,B.S.O. Banda Sonora Original,,O.S.T. Reservoir Dogs,1991,
Recopilaciones,B.S.O. Banda Sonora Original,,O.S.T. Pulp Fiction Soundtrack,1994,
Recopilaciones,B.S.O. Banda Sonora Original,,Quentin Tarantino,,
Recopilaciones,B.S.O. Banda Sonora Original,,O.S.T. Kill Bill Vol. 1,2003,
Recopilaciones,B.S.O. Banda Sonora Original,,O.S.T. Kill Bill Vol. 2,2004,
Recopilaciones,B.S.O. Banda Sonora Original,,El Rey León,1994,
Recopilaciones,B.S.O. Banda Sonora Original,,Manhattan,1979,
Recopilaciones,B.S.O. Banda Sonora Original,,Radio Days,1987,
Recopilaciones,B.S.O. Banda Sonora Original,,Standup Comic,1999,
Recopilaciones,B.S.O. Banda Sonora Original,,Match Point,2005,
Recopilaciones,B.S.O. Banda Sonora Original,,Woody Allen & His New Orleans Jazz Band- Wild Man Blues,,
Recopilaciones,Woody Allen - Music From His Movies,,Woody Allen,,More Movie Music
Recopilaciones,Woody Allen - Music From His Movies,,Woody Allen,,Woody Allen's Movie Music
Recopilaciones,,,Desert Blues 2 - Reves D'Oasis (CD 2),2003,
Recopilaciones,,,Desert Blues 2 - Reves D'Oasis (CD1),2003,
Recopilaciones,Earth's music,,A Native American Odyssey - Inuit To Inca,1998,
Recopilaciones,Earth's music,,A Jewish Odyssey,2000,
Recopilaciones,Earth's music,,Gypsy Caravan,2001,
Recopilaciones,Earth's music,,Global Soul,2003,
Recopilaciones,Earth's music,,World Reggae,2004,
Recopilaciones,Earth's music,,Celtic Crossroads,2005,
Recopilaciones,Earth's music,,Acoustic Africa,2006,
Recopilaciones,Earth's music,,Gypsy Groove,2007,
Recopilaciones,Earth's music,,African Dreamland,2008,
Recopilaciones,Earth's music,,Congo To Cuba,2008,
Recopilaciones,Earth's music,,VA (1996) - The Rough Guide To The Music Of Kenya And Tanzania,,
Recopilaciones,World Music Network,,VA (2002) - The Rough Guide To Paris Cafe Music,,VA - The Rough Guide To Paris Cafe Music
Recopilaciones,Earth's music,,VA (2003) - The Rough Guide To Chicago Blues,,
Recopilaciones,Earth's music,,VA (2007) - The Rough Guide To The Blues,,